<?xml version="1.0" ?>
<document reference="wiki_68_AT_30.txt">
	<feature name="plagiarism" source_length="181" source_offset="50461" source_reference="wiki_47_AA_24.txt" this_length="243" this_offset="35"/>
	<feature name="plagiarism" source_length="87" source_offset="33834" source_reference="wiki_47_AA_24.txt" this_length="106" this_offset="278"/>
	<feature name="plagiarism" source_length="135" source_offset="35075" source_reference="wiki_83_AE_6.txt" this_length="160" this_offset="419"/>
	<feature name="plagiarism" source_length="256" source_offset="2073" source_reference="wiki_47_AA_24.txt" this_length="273" this_offset="755"/>
	<feature name="plagiarism" source_length="118" source_offset="32978" source_reference="wiki_80_BD_21.txt" this_length="116" this_offset="1082"/>
	<feature name="plagiarism" source_length="138" source_offset="23799" source_reference="wiki_97_AA_31.txt" this_length="118" this_offset="1198"/>
	<feature name="plagiarism" source_length="75" source_offset="40051" source_reference="wiki_47_AA_24.txt" this_length="75" this_offset="1316"/>
	<feature name="plagiarism" source_length="132" source_offset="12347" source_reference="wiki_65_BE_18.txt" this_length="124" this_offset="1622"/>
	<feature name="plagiarism" source_length="130" source_offset="18523" source_reference="wiki_80_BD_21.txt" this_length="141" this_offset="1960"/>
	<feature name="plagiarism" source_length="201" source_offset="14727" source_reference="wiki_50_BJ_35.txt" this_length="202" this_offset="2101"/>
	<feature name="plagiarism" source_length="213" source_offset="1015" source_reference="wiki_83_AE_6.txt" this_length="212" this_offset="2303"/>
	<feature name="plagiarism" source_length="268" source_offset="18288" source_reference="wiki_65_BE_18.txt" this_length="285" this_offset="2550"/>
	<feature name="plagiarism" source_length="106" source_offset="47477" source_reference="wiki_23_AA_2.txt" this_length="107" this_offset="3066"/>
	<feature name="plagiarism" source_length="110" source_offset="14119" source_reference="wiki_47_AA_24.txt" this_length="100" this_offset="3173"/>
	<feature name="plagiarism" source_length="132" source_offset="6560" source_reference="wiki_80_BD_21.txt" this_length="131" this_offset="3273"/>
	<feature name="plagiarism" source_length="213" source_offset="16760" source_reference="wiki_83_AE_6.txt" this_length="236" this_offset="3404"/>
	<feature name="plagiarism" source_length="99" source_offset="53633" source_reference="wiki_47_AA_24.txt" this_length="116" this_offset="3640"/>
	<feature name="plagiarism" source_length="357" source_offset="3079" source_reference="wiki_23_AA_2.txt" this_length="365" this_offset="3756"/>
	<feature name="plagiarism" source_length="84" source_offset="50044" source_reference="wiki_97_AA_31.txt" this_length="92" this_offset="4121"/>
	<feature name="plagiarism" source_length="74" source_offset="39147" source_reference="wiki_97_AA_31.txt" this_length="83" this_offset="4623"/>
	<feature name="plagiarism" source_length="130" source_offset="29363" source_reference="wiki_50_BJ_35.txt" this_length="130" this_offset="4866"/>
	<feature name="plagiarism" source_length="159" source_offset="23430" source_reference="wiki_47_AA_24.txt" this_length="155" this_offset="5139"/>
	<feature name="plagiarism" source_length="212" source_offset="19662" source_reference="wiki_18_AP_4.txt" this_length="227" this_offset="5539"/>
	<feature name="plagiarism" source_length="123" source_offset="25645" source_reference="wiki_97_AA_31.txt" this_length="104" this_offset="5871"/>
	<feature name="plagiarism" source_length="86" source_offset="52416" source_reference="wiki_97_AA_31.txt" this_length="97" this_offset="6017"/>
	<feature name="plagiarism" source_length="244" source_offset="32125" source_reference="wiki_83_AE_6.txt" this_length="346" this_offset="6171"/>
	<feature name="plagiarism" source_length="179" source_offset="52251" source_reference="wiki_47_AA_24.txt" this_length="187" this_offset="6517"/>
	<feature name="plagiarism" source_length="123" source_offset="11525" source_reference="wiki_97_AA_31.txt" this_length="131" this_offset="6704"/>
	<feature name="plagiarism" source_length="124" source_offset="22403" source_reference="wiki_80_BD_21.txt" this_length="145" this_offset="7500"/>
	<feature name="plagiarism" source_length="141" source_offset="21958" source_reference="wiki_80_BD_21.txt" this_length="168" this_offset="7645"/>
	<feature name="plagiarism" source_length="96" source_offset="1320" source_reference="wiki_23_AA_2.txt" this_length="96" this_offset="7813"/>
</document>
