<?xml version="1.0" ?>
<document reference="wiki_45_CL_11.txt">
	<feature name="plagiarism" source_length="135" source_offset="59140" source_reference="wiki_90_AC_4.txt" this_length="148" this_offset="300"/>
	<feature name="plagiarism" source_length="142" source_offset="25131" source_reference="wiki_36_BF_34.txt" this_length="140" this_offset="656"/>
	<feature name="plagiarism" source_length="148" source_offset="2159" source_reference="wiki_12_AB_15.txt" this_length="149" this_offset="1225"/>
	<feature name="plagiarism" source_length="282" source_offset="49936" source_reference="wiki_36_BF_34.txt" this_length="320" this_offset="1374"/>
	<feature name="plagiarism" source_length="86" source_offset="9677" source_reference="wiki_14_AO_15.txt" this_length="88" this_offset="1694"/>
	<feature name="plagiarism" source_length="289" source_offset="9710" source_reference="wiki_36_BF_34.txt" this_length="324" this_offset="1830"/>
	<feature name="plagiarism" source_length="108" source_offset="23524" source_reference="wiki_90_AC_4.txt" this_length="129" this_offset="3065"/>
	<feature name="plagiarism" source_length="223" source_offset="37738" source_reference="wiki_36_BF_34.txt" this_length="253" this_offset="3194"/>
	<feature name="plagiarism" source_length="107" source_offset="49741" source_reference="wiki_12_AB_15.txt" this_length="113" this_offset="3861"/>
	<feature name="plagiarism" source_length="134" source_offset="60454" source_reference="wiki_36_BF_34.txt" this_length="146" this_offset="4362"/>
	<feature name="plagiarism" source_length="93" source_offset="30268" source_reference="wiki_36_BF_34.txt" this_length="86" this_offset="6236"/>
	<feature name="plagiarism" source_length="97" source_offset="4919" source_reference="wiki_90_AC_4.txt" this_length="129" this_offset="6322"/>
	<feature name="plagiarism" source_length="75" source_offset="26057" source_reference="wiki_12_AB_15.txt" this_length="92" this_offset="6451"/>
</document>
