<?xml version="1.0" ?>
<document reference="wiki_02_AK_13.txt">
	<feature name="plagiarism" source_length="157" source_offset="1542" source_reference="wiki_49_AC_21.txt" this_length="182" this_offset="24"/>
	<feature name="plagiarism" source_length="270" source_offset="16234" source_reference="wiki_64_AU_21.txt" this_length="214" this_offset="417"/>
	<feature name="plagiarism" source_length="88" source_offset="30812" source_reference="wiki_49_AC_21.txt" this_length="82" this_offset="731"/>
	<feature name="plagiarism" source_length="79" source_offset="5907" source_reference="wiki_59_BE_34.txt" this_length="75" this_offset="813"/>
	<feature name="plagiarism" source_length="108" source_offset="32320" source_reference="wiki_33_AJ_15.txt" this_length="96" this_offset="946"/>
	<feature name="plagiarism" source_length="149" source_offset="10168" source_reference="wiki_59_BE_34.txt" this_length="166" this_offset="1042"/>
	<feature name="plagiarism" source_length="180" source_offset="20643" source_reference="wiki_49_AC_21.txt" this_length="156" this_offset="1208"/>
	<feature name="plagiarism" source_length="161" source_offset="28903" source_reference="wiki_46_AN_1.txt" this_length="162" this_offset="1373"/>
	<feature name="plagiarism" source_length="100" source_offset="15945" source_reference="wiki_46_AN_1.txt" this_length="98" this_offset="1535"/>
	<feature name="plagiarism" source_length="142" source_offset="25902" source_reference="wiki_46_AN_1.txt" this_length="161" this_offset="1633"/>
	<feature name="plagiarism" source_length="125" source_offset="12559" source_reference="wiki_42_AZ_8.txt" this_length="109" this_offset="1866"/>
	<feature name="plagiarism" source_length="207" source_offset="19880" source_reference="wiki_33_AJ_15.txt" this_length="201" this_offset="2019"/>
	<feature name="plagiarism" source_length="130" source_offset="564" source_reference="wiki_49_AC_21.txt" this_length="134" this_offset="2220"/>
	<feature name="plagiarism" source_length="140" source_offset="26475" source_reference="wiki_59_BE_34.txt" this_length="152" this_offset="2573"/>
	<feature name="plagiarism" source_length="116" source_offset="32999" source_reference="wiki_33_AJ_15.txt" this_length="136" this_offset="2725"/>
	<feature name="plagiarism" source_length="68" source_offset="12418" source_reference="wiki_64_AU_21.txt" this_length="74" this_offset="2861"/>
	<feature name="plagiarism" source_length="187" source_offset="30012" source_reference="wiki_59_BE_34.txt" this_length="213" this_offset="2935"/>
	<feature name="plagiarism" source_length="121" source_offset="32849" source_reference="wiki_59_BE_34.txt" this_length="155" this_offset="3148"/>
	<feature name="plagiarism" source_length="160" source_offset="11869" source_reference="wiki_64_AU_21.txt" this_length="170" this_offset="3303"/>
	<feature name="plagiarism" source_length="141" source_offset="18814" source_reference="wiki_60_AW_7.txt" this_length="139" this_offset="3530"/>
	<feature name="plagiarism" source_length="86" source_offset="17038" source_reference="wiki_36_BE_4.txt" this_length="98" this_offset="3669"/>
	<feature name="plagiarism" source_length="170" source_offset="29084" source_reference="wiki_49_AC_21.txt" this_length="178" this_offset="3767"/>
	<feature name="plagiarism" source_length="189" source_offset="30132" source_reference="wiki_64_AU_21.txt" this_length="218" this_offset="3986"/>
	<feature name="plagiarism" source_length="275" source_offset="7138" source_reference="wiki_59_BE_34.txt" this_length="285" this_offset="4220"/>
	<feature name="plagiarism" source_length="95" source_offset="16822" source_reference="wiki_64_AU_21.txt" this_length="88" this_offset="4505"/>
	<feature name="plagiarism" source_length="64" source_offset="4118" source_reference="wiki_46_AN_1.txt" this_length="73" this_offset="4593"/>
	<feature name="plagiarism" source_length="147" source_offset="33837" source_reference="wiki_33_AJ_15.txt" this_length="139" this_offset="4729"/>
	<feature name="plagiarism" source_length="233" source_offset="2326" source_reference="wiki_49_AC_21.txt" this_length="214" this_offset="4990"/>
	<feature name="plagiarism" source_length="149" source_offset="50357" source_reference="wiki_64_AU_21.txt" this_length="149" this_offset="5264"/>
	<feature name="plagiarism" source_length="52" source_offset="359" source_reference="wiki_59_BE_34.txt" this_length="58" this_offset="5413"/>
	<feature name="plagiarism" source_length="201" source_offset="5632" source_reference="wiki_64_AU_21.txt" this_length="238" this_offset="5471"/>
	<feature name="plagiarism" source_length="113" source_offset="40444" source_reference="wiki_59_BE_34.txt" this_length="128" this_offset="5709"/>
	<feature name="plagiarism" source_length="144" source_offset="4681" source_reference="wiki_33_AJ_15.txt" this_length="183" this_offset="6006"/>
	<feature name="plagiarism" source_length="153" source_offset="24094" source_reference="wiki_60_AW_7.txt" this_length="153" this_offset="6189"/>
	<feature name="plagiarism" source_length="168" source_offset="47698" source_reference="wiki_64_AU_21.txt" this_length="202" this_offset="6342"/>
	<feature name="plagiarism" source_length="178" source_offset="3004" source_reference="wiki_42_AZ_8.txt" this_length="183" this_offset="6544"/>
	<feature name="plagiarism" source_length="256" source_offset="44685" source_reference="wiki_64_AU_21.txt" this_length="244" this_offset="6727"/>
	<feature name="plagiarism" source_length="240" source_offset="17043" source_reference="wiki_64_AU_21.txt" this_length="213" this_offset="6971"/>
	<feature name="plagiarism" source_length="102" source_offset="47363" source_reference="wiki_64_AU_21.txt" this_length="116" this_offset="7300"/>
	<feature name="plagiarism" source_length="189" source_offset="32997" source_reference="wiki_64_AU_21.txt" this_length="201" this_offset="7705"/>
	<feature name="plagiarism" source_length="95" source_offset="16891" source_reference="wiki_33_AJ_15.txt" this_length="106" this_offset="7906"/>
	<feature name="plagiarism" source_length="202" source_offset="27241" source_reference="wiki_60_AW_7.txt" this_length="219" this_offset="8012"/>
	<feature name="plagiarism" source_length="107" source_offset="25626" source_reference="wiki_64_AU_21.txt" this_length="89" this_offset="8300"/>
	<feature name="plagiarism" source_length="222" source_offset="8741" source_reference="wiki_46_AN_1.txt" this_length="242" this_offset="8432"/>
	<feature name="plagiarism" source_length="155" source_offset="24538" source_reference="wiki_46_AN_1.txt" this_length="171" this_offset="8971"/>
	<feature name="plagiarism" source_length="62" source_offset="16876" source_reference="wiki_46_AN_1.txt" this_length="56" this_offset="9165"/>
	<feature name="plagiarism" source_length="75" source_offset="18705" source_reference="wiki_46_AN_1.txt" this_length="86" this_offset="9374"/>
	<feature name="plagiarism" source_length="215" source_offset="24337" source_reference="wiki_64_AU_21.txt" this_length="231" this_offset="9460"/>
	<feature name="plagiarism" source_length="117" source_offset="47166" source_reference="wiki_59_BE_34.txt" this_length="140" this_offset="9691"/>
	<feature name="plagiarism" source_length="50" source_offset="18847" source_reference="wiki_33_AJ_15.txt" this_length="47" this_offset="9831"/>
	<feature name="plagiarism" source_length="123" source_offset="25327" source_reference="wiki_33_AJ_15.txt" this_length="120" this_offset="10002"/>
	<feature name="plagiarism" source_length="240" source_offset="38826" source_reference="wiki_64_AU_21.txt" this_length="273" this_offset="10122"/>
</document>
