<?xml version="1.0" ?>
<document reference="wiki_53_BF_18.txt">
	<feature name="plagiarism" source_length="200" source_offset="2375" source_reference="wiki_33_AG_21.txt" this_length="196" this_offset="12"/>
	<feature name="plagiarism" source_length="134" source_offset="56767" source_reference="wiki_33_AG_21.txt" this_length="155" this_offset="220"/>
	<feature name="plagiarism" source_length="119" source_offset="6703" source_reference="wiki_88_AZ_25.txt" this_length="135" this_offset="1335"/>
	<feature name="plagiarism" source_length="200" source_offset="23354" source_reference="wiki_88_AZ_25.txt" this_length="211" this_offset="1529"/>
	<feature name="plagiarism" source_length="279" source_offset="2733" source_reference="wiki_88_AZ_25.txt" this_length="275" this_offset="2611"/>
	<feature name="plagiarism" source_length="107" source_offset="9410" source_reference="wiki_33_AG_21.txt" this_length="138" this_offset="3248"/>
	<feature name="plagiarism" source_length="127" source_offset="13378" source_reference="wiki_33_AG_21.txt" this_length="131" this_offset="4794"/>
	<feature name="plagiarism" source_length="158" source_offset="70964" source_reference="wiki_33_AG_21.txt" this_length="187" this_offset="5787"/>
	<feature name="plagiarism" source_length="115" source_offset="27554" source_reference="wiki_33_AG_21.txt" this_length="114" this_offset="6681"/>
	<feature name="plagiarism" source_length="96" source_offset="26839" source_reference="wiki_33_AG_21.txt" this_length="119" this_offset="6795"/>
	<feature name="plagiarism" source_length="84" source_offset="5145" source_reference="wiki_88_AZ_25.txt" this_length="86" this_offset="6914"/>
</document>
