<?xml version="1.0" ?>
<document reference="wiki_09_BV_21.txt">
	<feature name="plagiarism" source_length="194" source_offset="42530" source_reference="wiki_93_AB_22.txt" this_length="223" this_offset="169"/>
	<feature name="plagiarism" source_length="107" source_offset="40346" source_reference="wiki_93_AB_22.txt" this_length="115" this_offset="523"/>
	<feature name="plagiarism" source_length="141" source_offset="258" source_reference="wiki_84_AK_11.txt" this_length="131" this_offset="638"/>
	<feature name="plagiarism" source_length="131" source_offset="15347" source_reference="wiki_96_BJ_48.txt" this_length="152" this_offset="783"/>
	<feature name="plagiarism" source_length="201" source_offset="82058" source_reference="wiki_93_AB_22.txt" this_length="238" this_offset="935"/>
	<feature name="plagiarism" source_length="91" source_offset="2169" source_reference="wiki_96_BJ_48.txt" this_length="88" this_offset="1271"/>
	<feature name="plagiarism" source_length="216" source_offset="3424" source_reference="wiki_84_AK_11.txt" this_length="234" this_offset="1359"/>
	<feature name="plagiarism" source_length="235" source_offset="28023" source_reference="wiki_93_AB_22.txt" this_length="247" this_offset="1593"/>
	<feature name="plagiarism" source_length="263" source_offset="79826" source_reference="wiki_93_AB_22.txt" this_length="312" this_offset="2440"/>
	<feature name="plagiarism" source_length="275" source_offset="54131" source_reference="wiki_93_AB_22.txt" this_length="279" this_offset="2752"/>
	<feature name="plagiarism" source_length="464" source_offset="60434" source_reference="wiki_93_AB_22.txt" this_length="283" this_offset="3143"/>
	<feature name="plagiarism" source_length="138" source_offset="25228" source_reference="wiki_93_AB_22.txt" this_length="122" this_offset="3607"/>
	<feature name="plagiarism" source_length="201" source_offset="5680" source_reference="wiki_93_AB_22.txt" this_length="219" this_offset="3729"/>
	<feature name="plagiarism" source_length="189" source_offset="13466" source_reference="wiki_93_AB_22.txt" this_length="206" this_offset="4011"/>
	<feature name="plagiarism" source_length="423" source_offset="66557" source_reference="wiki_93_AB_22.txt" this_length="451" this_offset="4368"/>
	<feature name="plagiarism" source_length="52" source_offset="9021" source_reference="wiki_84_AK_11.txt" this_length="61" this_offset="4899"/>
	<feature name="plagiarism" source_length="251" source_offset="20973" source_reference="wiki_93_AB_22.txt" this_length="228" this_offset="5028"/>
	<feature name="plagiarism" source_length="180" source_offset="12306" source_reference="wiki_93_AB_22.txt" this_length="192" this_offset="5256"/>
	<feature name="plagiarism" source_length="278" source_offset="1748" source_reference="wiki_96_BJ_48.txt" this_length="303" this_offset="5614"/>
	<feature name="plagiarism" source_length="135" source_offset="47792" source_reference="wiki_93_AB_22.txt" this_length="142" this_offset="5917"/>
	<feature name="plagiarism" source_length="102" source_offset="12677" source_reference="wiki_96_BJ_48.txt" this_length="116" this_offset="6059"/>
	<feature name="plagiarism" source_length="231" source_offset="10466" source_reference="wiki_96_BJ_48.txt" this_length="232" this_offset="6209"/>
	<feature name="plagiarism" source_length="87" source_offset="9644" source_reference="wiki_84_AK_11.txt" this_length="98" this_offset="6441"/>
	<feature name="plagiarism" source_length="246" source_offset="71938" source_reference="wiki_93_AB_22.txt" this_length="242" this_offset="6539"/>
	<feature name="plagiarism" source_length="150" source_offset="65999" source_reference="wiki_93_AB_22.txt" this_length="165" this_offset="6781"/>
	<feature name="plagiarism" source_length="342" source_offset="64016" source_reference="wiki_93_AB_22.txt" this_length="339" this_offset="7010"/>
	<feature name="plagiarism" source_length="159" source_offset="34371" source_reference="wiki_93_AB_22.txt" this_length="184" this_offset="7516"/>
	<feature name="plagiarism" source_length="164" source_offset="6623" source_reference="wiki_93_AB_22.txt" this_length="173" this_offset="7700"/>
	<feature name="plagiarism" source_length="126" source_offset="55469" source_reference="wiki_93_AB_22.txt" this_length="150" this_offset="8091"/>
	<feature name="plagiarism" source_length="310" source_offset="19730" source_reference="wiki_93_AB_22.txt" this_length="301" this_offset="8241"/>
	<feature name="plagiarism" source_length="165" source_offset="32889" source_reference="wiki_93_AB_22.txt" this_length="224" this_offset="8542"/>
	<feature name="plagiarism" source_length="447" source_offset="60898" source_reference="wiki_93_AB_22.txt" this_length="458" this_offset="8961"/>
	<feature name="plagiarism" source_length="144" source_offset="7653" source_reference="wiki_96_BJ_48.txt" this_length="146" this_offset="9733"/>
	<feature name="plagiarism" source_length="105" source_offset="50796" source_reference="wiki_93_AB_22.txt" this_length="91" this_offset="10136"/>
	<feature name="plagiarism" source_length="157" source_offset="4712" source_reference="wiki_96_BJ_48.txt" this_length="162" this_offset="10227"/>
	<feature name="plagiarism" source_length="106" source_offset="18663" source_reference="wiki_93_AB_22.txt" this_length="121" this_offset="10416"/>
	<feature name="plagiarism" source_length="123" source_offset="5028" source_reference="wiki_84_AK_11.txt" this_length="133" this_offset="10537"/>
	<feature name="plagiarism" source_length="180" source_offset="8827" source_reference="wiki_96_BJ_48.txt" this_length="231" this_offset="10790"/>
	<feature name="plagiarism" source_length="128" source_offset="10267" source_reference="wiki_84_AK_11.txt" this_length="115" this_offset="11186"/>
	<feature name="plagiarism" source_length="89" source_offset="13377" source_reference="wiki_93_AB_22.txt" this_length="86" this_offset="11453"/>
	<feature name="plagiarism" source_length="158" source_offset="2900" source_reference="wiki_96_BJ_48.txt" this_length="162" this_offset="11763"/>
	<feature name="plagiarism" source_length="355" source_offset="69864" source_reference="wiki_93_AB_22.txt" this_length="406" this_offset="12010"/>
	<feature name="plagiarism" source_length="103" source_offset="2525" source_reference="wiki_96_BJ_48.txt" this_length="127" this_offset="12416"/>
</document>
