<?xml version="1.0" ?>
<document reference="wiki_21_AC_13.txt">
	<feature name="plagiarism" source_length="57" source_offset="9010" source_reference="wiki_64_AK_60.txt" this_length="68" this_offset="1105"/>
	<feature name="plagiarism" source_length="102" source_offset="13120" source_reference="wiki_70_AK_3.txt" this_length="101" this_offset="1616"/>
	<feature name="plagiarism" source_length="92" source_offset="41727" source_reference="wiki_55_AJ_43.txt" this_length="86" this_offset="1830"/>
	<feature name="plagiarism" source_length="140" source_offset="25268" source_reference="wiki_70_AK_3.txt" this_length="145" this_offset="2627"/>
	<feature name="plagiarism" source_length="234" source_offset="19034" source_reference="wiki_55_AJ_43.txt" this_length="234" this_offset="2772"/>
	<feature name="plagiarism" source_length="99" source_offset="1115" source_reference="wiki_64_AK_60.txt" this_length="104" this_offset="3331"/>
	<feature name="plagiarism" source_length="145" source_offset="38436" source_reference="wiki_55_AJ_43.txt" this_length="179" this_offset="3903"/>
	<feature name="plagiarism" source_length="195" source_offset="4806" source_reference="wiki_70_AK_3.txt" this_length="204" this_offset="4082"/>
	<feature name="plagiarism" source_length="118" source_offset="35719" source_reference="wiki_70_AK_3.txt" this_length="129" this_offset="4946"/>
	<feature name="plagiarism" source_length="108" source_offset="36666" source_reference="wiki_70_AK_3.txt" this_length="110" this_offset="5261"/>
	<feature name="plagiarism" source_length="112" source_offset="45568" source_reference="wiki_70_AK_3.txt" this_length="103" this_offset="6526"/>
	<feature name="plagiarism" source_length="89" source_offset="16811" source_reference="wiki_64_AK_60.txt" this_length="102" this_offset="6629"/>
	<feature name="plagiarism" source_length="142" source_offset="12854" source_reference="wiki_70_AK_3.txt" this_length="154" this_offset="7051"/>
	<feature name="plagiarism" source_length="78" source_offset="20329" source_reference="wiki_64_AK_60.txt" this_length="86" this_offset="7729"/>
	<feature name="plagiarism" source_length="171" source_offset="15854" source_reference="wiki_55_AJ_43.txt" this_length="198" this_offset="7911"/>
	<feature name="plagiarism" source_length="131" source_offset="10992" source_reference="wiki_64_AK_60.txt" this_length="140" this_offset="8109"/>
	<feature name="plagiarism" source_length="231" source_offset="7121" source_reference="wiki_64_AK_60.txt" this_length="252" this_offset="8635"/>
	<feature name="plagiarism" source_length="178" source_offset="10219" source_reference="wiki_64_AK_60.txt" this_length="187" this_offset="9195"/>
	<feature name="plagiarism" source_length="78" source_offset="10141" source_reference="wiki_64_AK_60.txt" this_length="77" this_offset="12158"/>
	<feature name="plagiarism" source_length="81" source_offset="32867" source_reference="wiki_55_AJ_43.txt" this_length="75" this_offset="12637"/>
	<feature name="plagiarism" source_length="196" source_offset="22416" source_reference="wiki_70_AK_3.txt" this_length="196" this_offset="13905"/>
	<feature name="plagiarism" source_length="247" source_offset="14310" source_reference="wiki_55_AJ_43.txt" this_length="273" this_offset="15237"/>
	<feature name="plagiarism" source_length="63" source_offset="10838" source_reference="wiki_70_AK_3.txt" this_length="56" this_offset="15998"/>
	<feature name="plagiarism" source_length="227" source_offset="46491" source_reference="wiki_70_AK_3.txt" this_length="249" this_offset="16307"/>
	<feature name="plagiarism" source_length="120" source_offset="34177" source_reference="wiki_55_AJ_43.txt" this_length="103" this_offset="16556"/>
	<feature name="plagiarism" source_length="203" source_offset="26400" source_reference="wiki_55_AJ_43.txt" this_length="209" this_offset="17204"/>
	<feature name="plagiarism" source_length="168" source_offset="18920" source_reference="wiki_70_AK_3.txt" this_length="203" this_offset="18027"/>
	<feature name="plagiarism" source_length="308" source_offset="700" source_reference="wiki_70_AK_3.txt" this_length="312" this_offset="18569"/>
	<feature name="plagiarism" source_length="86" source_offset="21148" source_reference="wiki_70_AK_3.txt" this_length="88" this_offset="19136"/>
	<feature name="plagiarism" source_length="112" source_offset="25536" source_reference="wiki_70_AK_3.txt" this_length="159" this_offset="19945"/>
	<feature name="plagiarism" source_length="100" source_offset="26577" source_reference="wiki_64_AK_60.txt" this_length="124" this_offset="20824"/>
	<feature name="plagiarism" source_length="108" source_offset="34180" source_reference="wiki_70_AK_3.txt" this_length="98" this_offset="20948"/>
	<feature name="plagiarism" source_length="149" source_offset="14370" source_reference="wiki_64_AK_60.txt" this_length="125" this_offset="21855"/>
	<feature name="plagiarism" source_length="226" source_offset="6317" source_reference="wiki_55_AJ_43.txt" this_length="243" this_offset="22001"/>
	<feature name="plagiarism" source_length="90" source_offset="45039" source_reference="wiki_70_AK_3.txt" this_length="113" this_offset="22366"/>
	<feature name="plagiarism" source_length="111" source_offset="26810" source_reference="wiki_64_AK_60.txt" this_length="133" this_offset="22479"/>
	<feature name="plagiarism" source_length="69" source_offset="24525" source_reference="wiki_70_AK_3.txt" this_length="68" this_offset="22858"/>
</document>
