<?xml version="1.0" ?>
<document reference="wiki_64_BO_17.txt">
	<feature name="plagiarism" source_length="86" source_offset="10178" source_reference="wiki_54_BC_50.txt" this_length="89" this_offset="456"/>
	<feature name="plagiarism" source_length="131" source_offset="23906" source_reference="wiki_75_AY_13.txt" this_length="180" this_offset="545"/>
	<feature name="plagiarism" source_length="117" source_offset="9276" source_reference="wiki_75_AY_13.txt" this_length="133" this_offset="725"/>
	<feature name="plagiarism" source_length="84" source_offset="46052" source_reference="wiki_75_AY_13.txt" this_length="105" this_offset="858"/>
	<feature name="plagiarism" source_length="58" source_offset="20615" source_reference="wiki_75_AY_13.txt" this_length="59" this_offset="1223"/>
	<feature name="plagiarism" source_length="98" source_offset="12684" source_reference="wiki_54_BC_50.txt" this_length="113" this_offset="1282"/>
	<feature name="plagiarism" source_length="91" source_offset="22673" source_reference="wiki_31_BE_21.txt" this_length="91" this_offset="1395"/>
	<feature name="plagiarism" source_length="99" source_offset="60091" source_reference="wiki_75_AY_13.txt" this_length="111" this_offset="1595"/>
	<feature name="plagiarism" source_length="135" source_offset="1148" source_reference="wiki_31_BE_21.txt" this_length="131" this_offset="1938"/>
	<feature name="plagiarism" source_length="247" source_offset="28908" source_reference="wiki_31_BE_21.txt" this_length="258" this_offset="2069"/>
	<feature name="plagiarism" source_length="251" source_offset="33760" source_reference="wiki_31_BE_21.txt" this_length="315" this_offset="2327"/>
	<feature name="plagiarism" source_length="72" source_offset="2408" source_reference="wiki_52_BA_16.txt" this_length="84" this_offset="2642"/>
	<feature name="plagiarism" source_length="273" source_offset="26123" source_reference="wiki_75_AY_13.txt" this_length="276" this_offset="2726"/>
	<feature name="plagiarism" source_length="167" source_offset="56605" source_reference="wiki_75_AY_13.txt" this_length="188" this_offset="3002"/>
	<feature name="plagiarism" source_length="143" source_offset="782" source_reference="wiki_31_BE_21.txt" this_length="184" this_offset="3190"/>
	<feature name="plagiarism" source_length="134" source_offset="58125" source_reference="wiki_75_AY_13.txt" this_length="147" this_offset="3374"/>
	<feature name="plagiarism" source_length="219" source_offset="12175" source_reference="wiki_75_AY_13.txt" this_length="251" this_offset="3701"/>
	<feature name="plagiarism" source_length="108" source_offset="13063" source_reference="wiki_52_BA_16.txt" this_length="101" this_offset="3952"/>
	<feature name="plagiarism" source_length="484" source_offset="14250" source_reference="wiki_75_AY_13.txt" this_length="476" this_offset="4164"/>
	<feature name="plagiarism" source_length="164" source_offset="31652" source_reference="wiki_31_BE_21.txt" this_length="178" this_offset="4654"/>
	<feature name="plagiarism" source_length="148" source_offset="7634" source_reference="wiki_52_BA_16.txt" this_length="152" this_offset="4832"/>
	<feature name="plagiarism" source_length="232" source_offset="15591" source_reference="wiki_31_BE_21.txt" this_length="271" this_offset="4984"/>
	<feature name="plagiarism" source_length="150" source_offset="4318" source_reference="wiki_52_BA_16.txt" this_length="164" this_offset="5255"/>
	<feature name="plagiarism" source_length="273" source_offset="10740" source_reference="wiki_52_BA_16.txt" this_length="155" this_offset="5562"/>
	<feature name="plagiarism" source_length="141" source_offset="4176" source_reference="wiki_52_BA_16.txt" this_length="169" this_offset="5717"/>
	<feature name="plagiarism" source_length="75" source_offset="49664" source_reference="wiki_75_AY_13.txt" this_length="72" this_offset="6008"/>
	<feature name="plagiarism" source_length="362" source_offset="42515" source_reference="wiki_75_AY_13.txt" this_length="377" this_offset="6239"/>
	<feature name="plagiarism" source_length="276" source_offset="19545" source_reference="wiki_31_BE_21.txt" this_length="317" this_offset="6616"/>
	<feature name="plagiarism" source_length="171" source_offset="9145" source_reference="wiki_52_BA_16.txt" this_length="184" this_offset="7095"/>
	<feature name="plagiarism" source_length="138" source_offset="2465" source_reference="wiki_54_BC_50.txt" this_length="164" this_offset="7354"/>
	<feature name="plagiarism" source_length="375" source_offset="31973" source_reference="wiki_31_BE_21.txt" this_length="400" this_offset="7518"/>
</document>
