<?xml version="1.0" ?>
<document reference="wiki_50_AJ_18.txt">
	<feature name="plagiarism" source_length="99" source_offset="57730" source_reference="wiki_78_AK_26.txt" this_length="95" this_offset="19"/>
	<feature name="plagiarism" source_length="158" source_offset="38542" source_reference="wiki_95_AR_24.txt" this_length="155" this_offset="1509"/>
	<feature name="plagiarism" source_length="353" source_offset="48063" source_reference="wiki_95_AR_24.txt" this_length="353" this_offset="1664"/>
	<feature name="plagiarism" source_length="72" source_offset="4398" source_reference="wiki_19_AN_26.txt" this_length="82" this_offset="2588"/>
	<feature name="plagiarism" source_length="177" source_offset="18106" source_reference="wiki_19_AN_26.txt" this_length="186" this_offset="4419"/>
	<feature name="plagiarism" source_length="168" source_offset="6965" source_reference="wiki_17_AG_4.txt" this_length="194" this_offset="4710"/>
	<feature name="plagiarism" source_length="265" source_offset="4071" source_reference="wiki_72_BH_52.txt" this_length="300" this_offset="5620"/>
	<feature name="plagiarism" source_length="115" source_offset="22966" source_reference="wiki_19_AN_26.txt" this_length="141" this_offset="5920"/>
	<feature name="plagiarism" source_length="208" source_offset="1682" source_reference="wiki_04_BH_41.txt" this_length="191" this_offset="6103"/>
	<feature name="plagiarism" source_length="124" source_offset="22600" source_reference="wiki_30_AL_41.txt" this_length="149" this_offset="7622"/>
	<feature name="plagiarism" source_length="85" source_offset="54167" source_reference="wiki_95_AR_24.txt" this_length="103" this_offset="8018"/>
	<feature name="plagiarism" source_length="165" source_offset="533" source_reference="wiki_04_BH_41.txt" this_length="177" this_offset="8185"/>
	<feature name="plagiarism" source_length="166" source_offset="25034" source_reference="wiki_30_AL_41.txt" this_length="192" this_offset="8890"/>
	<feature name="plagiarism" source_length="270" source_offset="13388" source_reference="wiki_95_AR_24.txt" this_length="271" this_offset="9082"/>
	<feature name="plagiarism" source_length="110" source_offset="5905" source_reference="wiki_78_AK_26.txt" this_length="99" this_offset="9419"/>
	<feature name="plagiarism" source_length="124" source_offset="87293" source_reference="wiki_78_AK_26.txt" this_length="164" this_offset="9518"/>
	<feature name="plagiarism" source_length="87" source_offset="7459" source_reference="wiki_95_AR_24.txt" this_length="89" this_offset="9682"/>
	<feature name="plagiarism" source_length="152" source_offset="8218" source_reference="wiki_93_AM_48.txt" this_length="164" this_offset="10392"/>
	<feature name="plagiarism" source_length="145" source_offset="52077" source_reference="wiki_95_AR_24.txt" this_length="181" this_offset="10570"/>
	<feature name="plagiarism" source_length="209" source_offset="4155" source_reference="wiki_17_AG_4.txt" this_length="227" this_offset="10940"/>
	<feature name="plagiarism" source_length="197" source_offset="21291" source_reference="wiki_19_AN_26.txt" this_length="220" this_offset="12355"/>
</document>
