<?xml version="1.0" ?>
<document reference="wiki_50_BT_8.txt">
	<feature name="plagiarism" source_length="200" source_offset="5490" source_reference="wiki_74_BJ_39.txt" this_length="219" this_offset="15"/>
	<feature name="plagiarism" source_length="220" source_offset="37550" source_reference="wiki_98_BK_44.txt" this_length="227" this_offset="404"/>
	<feature name="plagiarism" source_length="98" source_offset="31909" source_reference="wiki_98_AJ_18.txt" this_length="130" this_offset="793"/>
	<feature name="plagiarism" source_length="197" source_offset="503" source_reference="wiki_74_BJ_39.txt" this_length="214" this_offset="1022"/>
	<feature name="plagiarism" source_length="109" source_offset="3064" source_reference="wiki_51_BB_31.txt" this_length="103" this_offset="1398"/>
	<feature name="plagiarism" source_length="252" source_offset="40483" source_reference="wiki_51_BB_31.txt" this_length="230" this_offset="1501"/>
	<feature name="plagiarism" source_length="167" source_offset="12065" source_reference="wiki_51_BB_31.txt" this_length="193" this_offset="1731"/>
	<feature name="plagiarism" source_length="160" source_offset="20856" source_reference="wiki_51_BB_31.txt" this_length="179" this_offset="1924"/>
	<feature name="plagiarism" source_length="200" source_offset="31856" source_reference="wiki_98_BK_44.txt" this_length="213" this_offset="2103"/>
	<feature name="plagiarism" source_length="121" source_offset="10522" source_reference="wiki_98_BK_44.txt" this_length="118" this_offset="2316"/>
	<feature name="plagiarism" source_length="427" source_offset="8676" source_reference="wiki_74_BJ_39.txt" this_length="245" this_offset="2434"/>
	<feature name="plagiarism" source_length="234" source_offset="14273" source_reference="wiki_31_AA_9.txt" this_length="221" this_offset="2747"/>
	<feature name="plagiarism" source_length="109" source_offset="10414" source_reference="wiki_02_BE_6.txt" this_length="131" this_offset="2968"/>
	<feature name="plagiarism" source_length="134" source_offset="14259" source_reference="wiki_19_BE_39.txt" this_length="145" this_offset="3291"/>
	<feature name="plagiarism" source_length="238" source_offset="19056" source_reference="wiki_74_BJ_39.txt" this_length="250" this_offset="3436"/>
	<feature name="plagiarism" source_length="223" source_offset="1884" source_reference="wiki_02_BE_6.txt" this_length="241" this_offset="3831"/>
	<feature name="plagiarism" source_length="232" source_offset="27205" source_reference="wiki_31_AA_9.txt" this_length="239" this_offset="4072"/>
	<feature name="plagiarism" source_length="190" source_offset="6735" source_reference="wiki_31_AA_9.txt" this_length="193" this_offset="4323"/>
	<feature name="plagiarism" source_length="88" source_offset="24051" source_reference="wiki_98_BK_44.txt" this_length="103" this_offset="4516"/>
	<feature name="plagiarism" source_length="111" source_offset="28816" source_reference="wiki_98_BK_44.txt" this_length="92" this_offset="4619"/>
	<feature name="plagiarism" source_length="117" source_offset="31423" source_reference="wiki_51_BB_31.txt" this_length="115" this_offset="4763"/>
	<feature name="plagiarism" source_length="161" source_offset="30550" source_reference="wiki_98_BK_44.txt" this_length="157" this_offset="4918"/>
	<feature name="plagiarism" source_length="206" source_offset="23668" source_reference="wiki_31_AA_9.txt" this_length="235" this_offset="5265"/>
	<feature name="plagiarism" source_length="97" source_offset="15393" source_reference="wiki_19_BE_39.txt" this_length="116" this_offset="5500"/>
	<feature name="plagiarism" source_length="168" source_offset="19148" source_reference="wiki_31_AA_9.txt" this_length="201" this_offset="5827"/>
	<feature name="plagiarism" source_length="170" source_offset="6799" source_reference="wiki_92_AJ_6.txt" this_length="156" this_offset="6028"/>
	<feature name="plagiarism" source_length="132" source_offset="11891" source_reference="wiki_98_BK_44.txt" this_length="126" this_offset="6184"/>
	<feature name="plagiarism" source_length="80" source_offset="22040" source_reference="wiki_74_BJ_39.txt" this_length="78" this_offset="6310"/>
	<feature name="plagiarism" source_length="181" source_offset="5534" source_reference="wiki_98_AJ_18.txt" this_length="195" this_offset="6436"/>
	<feature name="plagiarism" source_length="147" source_offset="22845" source_reference="wiki_98_AJ_18.txt" this_length="174" this_offset="6631"/>
</document>
