<?xml version="1.0" ?>
<document reference="wiki_83_BC_7.txt">
	<feature name="plagiarism" source_length="192" source_offset="7506" source_reference="wiki_24_AC_11.txt" this_length="185" this_offset="184"/>
	<feature name="plagiarism" source_length="118" source_offset="10062" source_reference="wiki_82_AC_13.txt" this_length="111" this_offset="1660"/>
	<feature name="plagiarism" source_length="118" source_offset="59603" source_reference="wiki_39_AA_31.txt" this_length="150" this_offset="1771"/>
	<feature name="plagiarism" source_length="118" source_offset="4871" source_reference="wiki_82_AC_13.txt" this_length="132" this_offset="2525"/>
	<feature name="plagiarism" source_length="170" source_offset="4720" source_reference="wiki_57_BI_39.txt" this_length="188" this_offset="4096"/>
	<feature name="plagiarism" source_length="185" source_offset="6353" source_reference="wiki_24_AC_11.txt" this_length="210" this_offset="4801"/>
	<feature name="plagiarism" source_length="182" source_offset="14005" source_reference="wiki_39_AA_31.txt" this_length="199" this_offset="5258"/>
	<feature name="plagiarism" source_length="92" source_offset="5563" source_reference="wiki_39_AA_31.txt" this_length="90" this_offset="5583"/>
	<feature name="plagiarism" source_length="251" source_offset="8321" source_reference="wiki_24_AC_11.txt" this_length="244" this_offset="6100"/>
</document>
