<?xml version="1.0" ?>
<document reference="wiki_85_CH_25.txt">
	<feature name="plagiarism" source_length="167" source_offset="30109" source_reference="wiki_42_AN_50.txt" this_length="174" this_offset="31"/>
	<feature name="plagiarism" source_length="116" source_offset="10421" source_reference="wiki_32_BK_31.txt" this_length="122" this_offset="212"/>
	<feature name="plagiarism" source_length="108" source_offset="22542" source_reference="wiki_91_BK_22.txt" this_length="112" this_offset="515"/>
	<feature name="plagiarism" source_length="175" source_offset="4823" source_reference="wiki_09_BK_58.txt" this_length="178" this_offset="627"/>
	<feature name="plagiarism" source_length="118" source_offset="39042" source_reference="wiki_42_AN_50.txt" this_length="110" this_offset="1032"/>
	<feature name="plagiarism" source_length="169" source_offset="2546" source_reference="wiki_32_BK_31.txt" this_length="207" this_offset="1580"/>
	<feature name="plagiarism" source_length="140" source_offset="36384" source_reference="wiki_66_AK_56.txt" this_length="162" this_offset="1827"/>
	<feature name="plagiarism" source_length="302" source_offset="16903" source_reference="wiki_91_BK_22.txt" this_length="263" this_offset="2137"/>
	<feature name="plagiarism" source_length="188" source_offset="6080" source_reference="wiki_09_BK_58.txt" this_length="196" this_offset="2400"/>
	<feature name="plagiarism" source_length="123" source_offset="33527" source_reference="wiki_09_BK_58.txt" this_length="143" this_offset="2596"/>
	<feature name="plagiarism" source_length="187" source_offset="17917" source_reference="wiki_66_AK_56.txt" this_length="195" this_offset="2739"/>
	<feature name="plagiarism" source_length="121" source_offset="20612" source_reference="wiki_91_BK_22.txt" this_length="134" this_offset="2934"/>
	<feature name="plagiarism" source_length="236" source_offset="15428" source_reference="wiki_32_BK_31.txt" this_length="234" this_offset="3068"/>
	<feature name="plagiarism" source_length="288" source_offset="32238" source_reference="wiki_32_BK_31.txt" this_length="340" this_offset="3302"/>
	<feature name="plagiarism" source_length="193" source_offset="23173" source_reference="wiki_09_BK_58.txt" this_length="189" this_offset="4077"/>
	<feature name="plagiarism" source_length="305" source_offset="29259" source_reference="wiki_66_AK_56.txt" this_length="334" this_offset="4581"/>
	<feature name="plagiarism" source_length="163" source_offset="44140" source_reference="wiki_42_AN_50.txt" this_length="160" this_offset="4990"/>
	<feature name="plagiarism" source_length="296" source_offset="38192" source_reference="wiki_09_BK_58.txt" this_length="325" this_offset="5150"/>
	<feature name="plagiarism" source_length="255" source_offset="16958" source_reference="wiki_42_AN_50.txt" this_length="258" this_offset="5672"/>
	<feature name="plagiarism" source_length="105" source_offset="902" source_reference="wiki_42_AN_50.txt" this_length="126" this_offset="5930"/>
	<feature name="plagiarism" source_length="178" source_offset="24852" source_reference="wiki_42_AN_50.txt" this_length="221" this_offset="6593"/>
	<feature name="plagiarism" source_length="111" source_offset="10905" source_reference="wiki_91_BK_22.txt" this_length="122" this_offset="6814"/>
	<feature name="plagiarism" source_length="69" source_offset="30340" source_reference="wiki_42_AN_50.txt" this_length="80" this_offset="6936"/>
	<feature name="plagiarism" source_length="106" source_offset="50323" source_reference="wiki_66_AK_56.txt" this_length="107" this_offset="7427"/>
	<feature name="plagiarism" source_length="65" source_offset="1249" source_reference="wiki_66_AK_56.txt" this_length="77" this_offset="7534"/>
</document>
