<?xml version="1.0" ?>
<document reference="wiki_94_BZ_26.txt">
	<feature name="plagiarism" source_length="129" source_offset="14466" source_reference="wiki_60_AR_3.txt" this_length="147" this_offset="105"/>
	<feature name="plagiarism" source_length="425" source_offset="25304" source_reference="wiki_94_BI_30.txt" this_length="463" this_offset="273"/>
	<feature name="plagiarism" source_length="161" source_offset="11343" source_reference="wiki_39_AC_7.txt" this_length="153" this_offset="736"/>
	<feature name="plagiarism" source_length="129" source_offset="54060" source_reference="wiki_94_BI_30.txt" this_length="134" this_offset="933"/>
	<feature name="plagiarism" source_length="96" source_offset="63344" source_reference="wiki_94_BI_30.txt" this_length="98" this_offset="1094"/>
	<feature name="plagiarism" source_length="381" source_offset="5856" source_reference="wiki_13_AJ_36.txt" this_length="373" this_offset="1192"/>
	<feature name="plagiarism" source_length="129" source_offset="2465" source_reference="wiki_04_AN_30.txt" this_length="146" this_offset="1908"/>
	<feature name="plagiarism" source_length="224" source_offset="10470" source_reference="wiki_16_AU_7.txt" this_length="258" this_offset="2054"/>
	<feature name="plagiarism" source_length="146" source_offset="32154" source_reference="wiki_94_BI_30.txt" this_length="149" this_offset="2481"/>
	<feature name="plagiarism" source_length="146" source_offset="5110" source_reference="wiki_94_BI_30.txt" this_length="187" this_offset="2630"/>
	<feature name="plagiarism" source_length="144" source_offset="20625" source_reference="wiki_94_BI_30.txt" this_length="159" this_offset="2863"/>
	<feature name="plagiarism" source_length="78" source_offset="6237" source_reference="wiki_13_AJ_36.txt" this_length="61" this_offset="3022"/>
	<feature name="plagiarism" source_length="197" source_offset="54429" source_reference="wiki_39_AC_7.txt" this_length="199" this_offset="3092"/>
	<feature name="plagiarism" source_length="128" source_offset="40025" source_reference="wiki_04_AN_30.txt" this_length="145" this_offset="3291"/>
	<feature name="plagiarism" source_length="109" source_offset="48767" source_reference="wiki_94_BI_30.txt" this_length="122" this_offset="3912"/>
	<feature name="plagiarism" source_length="70" source_offset="11515" source_reference="wiki_04_AN_30.txt" this_length="68" this_offset="4034"/>
	<feature name="plagiarism" source_length="177" source_offset="1507" source_reference="wiki_04_AN_30.txt" this_length="210" this_offset="4177"/>
	<feature name="plagiarism" source_length="109" source_offset="1976" source_reference="wiki_71_AT_11.txt" this_length="113" this_offset="4425"/>
	<feature name="plagiarism" source_length="175" source_offset="1517" source_reference="wiki_60_AR_3.txt" this_length="156" this_offset="4562"/>
	<feature name="plagiarism" source_length="97" source_offset="20686" source_reference="wiki_04_AN_30.txt" this_length="106" this_offset="4718"/>
	<feature name="plagiarism" source_length="238" source_offset="22877" source_reference="wiki_04_AN_30.txt" this_length="275" this_offset="4824"/>
	<feature name="plagiarism" source_length="112" source_offset="1907" source_reference="wiki_94_BI_30.txt" this_length="116" this_offset="5099"/>
	<feature name="plagiarism" source_length="165" source_offset="15407" source_reference="wiki_39_AC_7.txt" this_length="162" this_offset="5282"/>
	<feature name="plagiarism" source_length="96" source_offset="10227" source_reference="wiki_04_AN_30.txt" this_length="125" this_offset="5444"/>
	<feature name="plagiarism" source_length="80" source_offset="46023" source_reference="wiki_39_AC_7.txt" this_length="78" this_offset="5629"/>
	<feature name="plagiarism" source_length="198" source_offset="5570" source_reference="wiki_13_AJ_36.txt" this_length="158" this_offset="5707"/>
	<feature name="plagiarism" source_length="125" source_offset="22615" source_reference="wiki_39_AC_7.txt" this_length="116" this_offset="5865"/>
	<feature name="plagiarism" source_length="71" source_offset="5155" source_reference="wiki_04_AN_30.txt" this_length="97" this_offset="6046"/>
	<feature name="plagiarism" source_length="233" source_offset="8388" source_reference="wiki_39_AC_7.txt" this_length="258" this_offset="6172"/>
	<feature name="plagiarism" source_length="120" source_offset="30856" source_reference="wiki_39_AC_7.txt" this_length="102" this_offset="6430"/>
	<feature name="plagiarism" source_length="116" source_offset="52974" source_reference="wiki_39_AC_7.txt" this_length="129" this_offset="6532"/>
	<feature name="plagiarism" source_length="212" source_offset="11303" source_reference="wiki_04_AN_30.txt" this_length="249" this_offset="6712"/>
	<feature name="plagiarism" source_length="299" source_offset="35211" source_reference="wiki_60_AR_3.txt" this_length="299" this_offset="7165"/>
	<feature name="plagiarism" source_length="72" source_offset="35118" source_reference="wiki_04_AN_30.txt" this_length="99" this_offset="7464"/>
	<feature name="plagiarism" source_length="172" source_offset="14368" source_reference="wiki_04_AN_30.txt" this_length="172" this_offset="7563"/>
	<feature name="plagiarism" source_length="301" source_offset="3947" source_reference="wiki_04_AN_30.txt" this_length="330" this_offset="7735"/>
	<feature name="plagiarism" source_length="201" source_offset="30997" source_reference="wiki_94_BI_30.txt" this_length="227" this_offset="8065"/>
	<feature name="plagiarism" source_length="309" source_offset="9145" source_reference="wiki_94_BI_30.txt" this_length="318" this_offset="8292"/>
	<feature name="plagiarism" source_length="419" source_offset="34203" source_reference="wiki_39_AC_7.txt" this_length="405" this_offset="8610"/>
	<feature name="plagiarism" source_length="310" source_offset="4339" source_reference="wiki_71_AT_11.txt" this_length="178" this_offset="9036"/>
	<feature name="plagiarism" source_length="245" source_offset="20273" source_reference="wiki_60_AR_3.txt" this_length="278" this_offset="9214"/>
	<feature name="plagiarism" source_length="261" source_offset="2282" source_reference="wiki_13_AJ_36.txt" this_length="217" this_offset="9534"/>
	<feature name="plagiarism" source_length="163" source_offset="27128" source_reference="wiki_60_AR_3.txt" this_length="166" this_offset="9751"/>
</document>
