<?xml version="1.0" ?>
<document reference="wiki_38_AZ_16.txt">
	<feature name="plagiarism" source_length="102" source_offset="4056" source_reference="wiki_48_AW_17.txt" this_length="128" this_offset="159"/>
	<feature name="plagiarism" source_length="139" source_offset="1303" source_reference="wiki_07_AQ_7.txt" this_length="147" this_offset="379"/>
	<feature name="plagiarism" source_length="150" source_offset="18282" source_reference="wiki_07_AQ_7.txt" this_length="164" this_offset="526"/>
	<feature name="plagiarism" source_length="227" source_offset="12538" source_reference="wiki_07_AQ_7.txt" this_length="244" this_offset="865"/>
	<feature name="plagiarism" source_length="97" source_offset="6854" source_reference="wiki_48_AW_17.txt" this_length="80" this_offset="1508"/>
	<feature name="plagiarism" source_length="95" source_offset="5311" source_reference="wiki_25_AB_20.txt" this_length="114" this_offset="1877"/>
	<feature name="plagiarism" source_length="165" source_offset="4828" source_reference="wiki_48_AW_17.txt" this_length="192" this_offset="2328"/>
	<feature name="plagiarism" source_length="67" source_offset="9408" source_reference="wiki_36_AJ_25.txt" this_length="70" this_offset="3084"/>
	<feature name="plagiarism" source_length="71" source_offset="17352" source_reference="wiki_04_BJ_23.txt" this_length="82" this_offset="3381"/>
	<feature name="plagiarism" source_length="155" source_offset="22145" source_reference="wiki_04_BJ_23.txt" this_length="162" this_offset="3463"/>
	<feature name="plagiarism" source_length="203" source_offset="10674" source_reference="wiki_07_AQ_7.txt" this_length="236" this_offset="3913"/>
	<feature name="plagiarism" source_length="101" source_offset="10736" source_reference="wiki_01_AD_38.txt" this_length="114" this_offset="4420"/>
	<feature name="plagiarism" source_length="97" source_offset="1689" source_reference="wiki_04_BJ_23.txt" this_length="92" this_offset="4534"/>
	<feature name="plagiarism" source_length="70" source_offset="11379" source_reference="wiki_04_BJ_23.txt" this_length="84" this_offset="4626"/>
	<feature name="plagiarism" source_length="164" source_offset="774" source_reference="wiki_36_AJ_25.txt" this_length="182" this_offset="5559"/>
	<feature name="plagiarism" source_length="228" source_offset="2609" source_reference="wiki_04_BJ_23.txt" this_length="246" this_offset="5741"/>
	<feature name="plagiarism" source_length="140" source_offset="4021" source_reference="wiki_78_AL_16.txt" this_length="149" this_offset="5987"/>
	<feature name="plagiarism" source_length="184" source_offset="10912" source_reference="wiki_01_AD_38.txt" this_length="215" this_offset="6136"/>
	<feature name="plagiarism" source_length="245" source_offset="2030" source_reference="wiki_01_AD_38.txt" this_length="281" this_offset="6778"/>
	<feature name="plagiarism" source_length="112" source_offset="22157" source_reference="wiki_07_AQ_7.txt" this_length="125" this_offset="7117"/>
	<feature name="plagiarism" source_length="95" source_offset="7118" source_reference="wiki_01_AD_38.txt" this_length="86" this_offset="7242"/>
	<feature name="plagiarism" source_length="153" source_offset="810" source_reference="wiki_78_AL_16.txt" this_length="128" this_offset="7328"/>
</document>
