<?xml version="1.0" ?>
<document reference="wiki_52_CJ_7.txt">
	<feature name="plagiarism" source_length="101" source_offset="5149" source_reference="wiki_30_AB_43.txt" this_length="110" this_offset="10"/>
	<feature name="plagiarism" source_length="154" source_offset="22373" source_reference="wiki_40_AA_3.txt" this_length="142" this_offset="145"/>
	<feature name="plagiarism" source_length="196" source_offset="37566" source_reference="wiki_20_BD_18.txt" this_length="203" this_offset="988"/>
	<feature name="plagiarism" source_length="97" source_offset="33848" source_reference="wiki_70_AN_34.txt" this_length="127" this_offset="1191"/>
	<feature name="plagiarism" source_length="151" source_offset="29040" source_reference="wiki_30_AB_43.txt" this_length="157" this_offset="1318"/>
	<feature name="plagiarism" source_length="185" source_offset="15299" source_reference="wiki_30_AB_43.txt" this_length="177" this_offset="1718"/>
	<feature name="plagiarism" source_length="142" source_offset="19876" source_reference="wiki_70_AN_34.txt" this_length="150" this_offset="2311"/>
	<feature name="plagiarism" source_length="123" source_offset="1900" source_reference="wiki_40_AA_3.txt" this_length="105" this_offset="3029"/>
	<feature name="plagiarism" source_length="194" source_offset="38776" source_reference="wiki_70_AN_34.txt" this_length="228" this_offset="3449"/>
	<feature name="plagiarism" source_length="117" source_offset="4280" source_reference="wiki_20_BD_18.txt" this_length="133" this_offset="4995"/>
	<feature name="plagiarism" source_length="44" source_offset="4460" source_reference="wiki_70_AN_34.txt" this_length="43" this_offset="5128"/>
</document>
