<?xml version="1.0" ?>
<document reference="wiki_13_CK_6.txt">
	<feature name="plagiarism" source_length="130" source_offset="75277" source_reference="wiki_68_AB_19.txt" this_length="150" this_offset="9"/>
	<feature name="plagiarism" source_length="198" source_offset="12142" source_reference="wiki_90_AC_9.txt" this_length="229" this_offset="159"/>
	<feature name="plagiarism" source_length="462" source_offset="14308" source_reference="wiki_68_AB_19.txt" this_length="477" this_offset="388"/>
	<feature name="plagiarism" source_length="223" source_offset="9723" source_reference="wiki_58_AJ_5.txt" this_length="247" this_offset="1174"/>
	<feature name="plagiarism" source_length="75" source_offset="4842" source_reference="wiki_58_AJ_5.txt" this_length="87" this_offset="1421"/>
	<feature name="plagiarism" source_length="98" source_offset="37262" source_reference="wiki_90_AC_9.txt" this_length="140" this_offset="1508"/>
	<feature name="plagiarism" source_length="206" source_offset="7135" source_reference="wiki_68_AB_19.txt" this_length="219" this_offset="1666"/>
	<feature name="plagiarism" source_length="163" source_offset="40075" source_reference="wiki_22_BH_50.txt" this_length="206" this_offset="1952"/>
	<feature name="plagiarism" source_length="172" source_offset="32943" source_reference="wiki_90_AC_9.txt" this_length="197" this_offset="2434"/>
	<feature name="plagiarism" source_length="101" source_offset="36922" source_reference="wiki_22_BH_50.txt" this_length="132" this_offset="2740"/>
	<feature name="plagiarism" source_length="122" source_offset="63101" source_reference="wiki_68_AB_19.txt" this_length="122" this_offset="2872"/>
	<feature name="plagiarism" source_length="201" source_offset="17992" source_reference="wiki_68_AB_19.txt" this_length="226" this_offset="2994"/>
	<feature name="plagiarism" source_length="123" source_offset="17558" source_reference="wiki_36_BJ_1.txt" this_length="114" this_offset="3220"/>
	<feature name="plagiarism" source_length="146" source_offset="544" source_reference="wiki_36_BJ_1.txt" this_length="164" this_offset="3525"/>
	<feature name="plagiarism" source_length="100" source_offset="11720" source_reference="wiki_22_BH_50.txt" this_length="115" this_offset="3995"/>
	<feature name="plagiarism" source_length="185" source_offset="33790" source_reference="wiki_90_AC_9.txt" this_length="169" this_offset="4110"/>
	<feature name="plagiarism" source_length="129" source_offset="17815" source_reference="wiki_65_BB_52.txt" this_length="173" this_offset="4279"/>
	<feature name="plagiarism" source_length="223" source_offset="11567" source_reference="wiki_64_AW_22.txt" this_length="233" this_offset="4452"/>
	<feature name="plagiarism" source_length="150" source_offset="5286" source_reference="wiki_64_AW_22.txt" this_length="183" this_offset="4685"/>
	<feature name="plagiarism" source_length="114" source_offset="6429" source_reference="wiki_22_BH_50.txt" this_length="126" this_offset="4888"/>
	<feature name="plagiarism" source_length="201" source_offset="16523" source_reference="wiki_36_BJ_1.txt" this_length="207" this_offset="5038"/>
	<feature name="plagiarism" source_length="217" source_offset="56043" source_reference="wiki_64_AW_22.txt" this_length="235" this_offset="5385"/>
	<feature name="plagiarism" source_length="176" source_offset="24249" source_reference="wiki_68_AB_19.txt" this_length="201" this_offset="5620"/>
</document>
