<?xml version="1.0" ?>
<document reference="wiki_34_AK_20.txt">
	<feature name="plagiarism" source_length="137" source_offset="9485" source_reference="wiki_81_BH_24.txt" this_length="131" this_offset="19"/>
	<feature name="plagiarism" source_length="161" source_offset="73775" source_reference="wiki_56_BD_47.txt" this_length="156" this_offset="686"/>
	<feature name="plagiarism" source_length="330" source_offset="48325" source_reference="wiki_81_BH_24.txt" this_length="421" this_offset="900"/>
	<feature name="plagiarism" source_length="88" source_offset="22979" source_reference="wiki_81_BH_24.txt" this_length="115" this_offset="2287"/>
	<feature name="plagiarism" source_length="87" source_offset="3069" source_reference="wiki_19_AT_18.txt" this_length="80" this_offset="2637"/>
	<feature name="plagiarism" source_length="141" source_offset="24004" source_reference="wiki_19_AT_18.txt" this_length="152" this_offset="2898"/>
	<feature name="plagiarism" source_length="140" source_offset="49987" source_reference="wiki_56_BD_47.txt" this_length="146" this_offset="3095"/>
	<feature name="plagiarism" source_length="508" source_offset="6633" source_reference="wiki_48_BF_3.txt" this_length="544" this_offset="3457"/>
	<feature name="plagiarism" source_length="183" source_offset="21163" source_reference="wiki_34_AO_3.txt" this_length="177" this_offset="4219"/>
	<feature name="plagiarism" source_length="155" source_offset="1092" source_reference="wiki_34_AO_3.txt" this_length="145" this_offset="4396"/>
	<feature name="plagiarism" source_length="125" source_offset="62271" source_reference="wiki_56_BD_47.txt" this_length="139" this_offset="5102"/>
	<feature name="plagiarism" source_length="257" source_offset="30313" source_reference="wiki_48_BF_3.txt" this_length="259" this_offset="6354"/>
	<feature name="plagiarism" source_length="188" source_offset="15522" source_reference="wiki_34_AO_3.txt" this_length="188" this_offset="6782"/>
	<feature name="plagiarism" source_length="51" source_offset="19932" source_reference="wiki_48_BF_3.txt" this_length="46" this_offset="7000"/>
	<feature name="plagiarism" source_length="155" source_offset="13787" source_reference="wiki_81_BH_24.txt" this_length="166" this_offset="7419"/>
</document>
