<?xml version="1.0" ?>
<document reference="wiki_74_AG_47.txt">
	<feature name="plagiarism" source_length="92" source_offset="51282" source_reference="wiki_39_BF_55.txt" this_length="101" this_offset="313"/>
	<feature name="plagiarism" source_length="168" source_offset="26769" source_reference="wiki_81_AC_5.txt" this_length="197" this_offset="599"/>
	<feature name="plagiarism" source_length="228" source_offset="14238" source_reference="wiki_39_BF_55.txt" this_length="219" this_offset="1058"/>
	<feature name="plagiarism" source_length="239" source_offset="79614" source_reference="wiki_39_BF_55.txt" this_length="229" this_offset="1277"/>
	<feature name="plagiarism" source_length="129" source_offset="4224" source_reference="wiki_12_AE_41.txt" this_length="123" this_offset="1506"/>
	<feature name="plagiarism" source_length="145" source_offset="35" source_reference="wiki_12_AE_41.txt" this_length="136" this_offset="2100"/>
	<feature name="plagiarism" source_length="91" source_offset="75285" source_reference="wiki_39_BF_55.txt" this_length="98" this_offset="2607"/>
	<feature name="plagiarism" source_length="149" source_offset="19209" source_reference="wiki_81_AC_5.txt" this_length="133" this_offset="2705"/>
	<feature name="plagiarism" source_length="160" source_offset="6838" source_reference="wiki_39_BF_55.txt" this_length="193" this_offset="2950"/>
	<feature name="plagiarism" source_length="177" source_offset="19693" source_reference="wiki_12_AE_41.txt" this_length="195" this_offset="3909"/>
	<feature name="plagiarism" source_length="54" source_offset="8184" source_reference="wiki_39_BF_55.txt" this_length="60" this_offset="4104"/>
	<feature name="plagiarism" source_length="87" source_offset="14585" source_reference="wiki_81_AC_5.txt" this_length="85" this_offset="4274"/>
	<feature name="plagiarism" source_length="154" source_offset="11582" source_reference="wiki_81_AC_5.txt" this_length="171" this_offset="4695"/>
	<feature name="plagiarism" source_length="220" source_offset="4807" source_reference="wiki_81_AC_5.txt" this_length="229" this_offset="5000"/>
	<feature name="plagiarism" source_length="108" source_offset="49563" source_reference="wiki_39_BF_55.txt" this_length="108" this_offset="5585"/>
	<feature name="plagiarism" source_length="137" source_offset="20770" source_reference="wiki_12_AE_41.txt" this_length="164" this_offset="5693"/>
</document>
