<?xml version="1.0" ?>
<document reference="wiki_15_AV_24.txt">
	<feature name="plagiarism" source_length="168" source_offset="21377" source_reference="wiki_72_BE_17.txt" this_length="168" this_offset="25"/>
	<feature name="plagiarism" source_length="233" source_offset="7572" source_reference="wiki_72_BE_17.txt" this_length="257" this_offset="193"/>
	<feature name="plagiarism" source_length="239" source_offset="46663" source_reference="wiki_72_BE_17.txt" this_length="290" this_offset="1033"/>
	<feature name="plagiarism" source_length="397" source_offset="54645" source_reference="wiki_70_AK_3.txt" this_length="415" this_offset="2266"/>
	<feature name="plagiarism" source_length="86" source_offset="16566" source_reference="wiki_47_AA_31.txt" this_length="82" this_offset="2681"/>
	<feature name="plagiarism" source_length="123" source_offset="13361" source_reference="wiki_72_BE_17.txt" this_length="107" this_offset="2870"/>
	<feature name="plagiarism" source_length="322" source_offset="18542" source_reference="wiki_47_AA_31.txt" this_length="400" this_offset="3066"/>
	<feature name="plagiarism" source_length="104" source_offset="50613" source_reference="wiki_47_AA_31.txt" this_length="109" this_offset="4115"/>
	<feature name="plagiarism" source_length="122" source_offset="632" source_reference="wiki_48_AN_48.txt" this_length="142" this_offset="4994"/>
	<feature name="plagiarism" source_length="178" source_offset="11702" source_reference="wiki_72_BE_17.txt" this_length="215" this_offset="5136"/>
	<feature name="plagiarism" source_length="166" source_offset="9045" source_reference="wiki_48_AN_48.txt" this_length="175" this_offset="5367"/>
	<feature name="plagiarism" source_length="67" source_offset="28876" source_reference="wiki_47_AA_31.txt" this_length="66" this_offset="7099"/>
	<feature name="plagiarism" source_length="146" source_offset="18815" source_reference="wiki_72_BE_17.txt" this_length="170" this_offset="7165"/>
	<feature name="plagiarism" source_length="101" source_offset="17715" source_reference="wiki_48_AN_48.txt" this_length="91" this_offset="7516"/>
	<feature name="plagiarism" source_length="90" source_offset="12957" source_reference="wiki_48_AN_48.txt" this_length="91" this_offset="8008"/>
	<feature name="plagiarism" source_length="224" source_offset="180" source_reference="wiki_70_AK_3.txt" this_length="202" this_offset="8324"/>
	<feature name="plagiarism" source_length="174" source_offset="30710" source_reference="wiki_72_BE_17.txt" this_length="216" this_offset="8526"/>
	<feature name="plagiarism" source_length="119" source_offset="43935" source_reference="wiki_70_AK_3.txt" this_length="136" this_offset="8742"/>
	<feature name="plagiarism" source_length="96" source_offset="6773" source_reference="wiki_70_AK_3.txt" this_length="85" this_offset="8878"/>
</document>
