<?xml version="1.0" ?>
<document reference="wiki_75_BA_20.txt">
	<feature name="plagiarism" source_length="35" source_offset="22746" source_reference="wiki_46_AC_26.txt" this_length="38" this_offset="46"/>
	<feature name="plagiarism" source_length="78" source_offset="33104" source_reference="wiki_23_AC_12.txt" this_length="93" this_offset="84"/>
	<feature name="plagiarism" source_length="232" source_offset="66059" source_reference="wiki_67_BB_21.txt" this_length="263" this_offset="306"/>
	<feature name="plagiarism" source_length="77" source_offset="34656" source_reference="wiki_46_AC_26.txt" this_length="100" this_offset="569"/>
	<feature name="plagiarism" source_length="169" source_offset="52160" source_reference="wiki_23_AC_12.txt" this_length="174" this_offset="669"/>
	<feature name="plagiarism" source_length="59" source_offset="61144" source_reference="wiki_39_AC_7.txt" this_length="67" this_offset="1063"/>
	<feature name="plagiarism" source_length="88" source_offset="69947" source_reference="wiki_39_AC_7.txt" this_length="79" this_offset="1130"/>
	<feature name="plagiarism" source_length="193" source_offset="14465" source_reference="wiki_83_AC_1.txt" this_length="234" this_offset="1520"/>
	<feature name="plagiarism" source_length="127" source_offset="20204" source_reference="wiki_93_AC_24.txt" this_length="160" this_offset="1754"/>
	<feature name="plagiarism" source_length="124" source_offset="1500" source_reference="wiki_39_AC_7.txt" this_length="139" this_offset="1914"/>
	<feature name="plagiarism" source_length="176" source_offset="31312" source_reference="wiki_67_BB_21.txt" this_length="195" this_offset="2053"/>
	<feature name="plagiarism" source_length="250" source_offset="52045" source_reference="wiki_46_AC_26.txt" this_length="239" this_offset="2473"/>
	<feature name="plagiarism" source_length="235" source_offset="70214" source_reference="wiki_23_AC_12.txt" this_length="256" this_offset="2712"/>
	<feature name="plagiarism" source_length="151" source_offset="16224" source_reference="wiki_83_AC_1.txt" this_length="141" this_offset="2981"/>
	<feature name="plagiarism" source_length="231" source_offset="81673" source_reference="wiki_83_AC_1.txt" this_length="306" this_offset="3318"/>
	<feature name="plagiarism" source_length="251" source_offset="12827" source_reference="wiki_67_BB_21.txt" this_length="300" this_offset="3678"/>
	<feature name="plagiarism" source_length="222" source_offset="2790" source_reference="wiki_18_AE_2.txt" this_length="251" this_offset="3978"/>
	<feature name="plagiarism" source_length="163" source_offset="34493" source_reference="wiki_46_AC_26.txt" this_length="157" this_offset="4229"/>
	<feature name="plagiarism" source_length="62" source_offset="24525" source_reference="wiki_67_BB_21.txt" this_length="64" this_offset="4386"/>
	<feature name="plagiarism" source_length="150" source_offset="16644" source_reference="wiki_67_BB_21.txt" this_length="168" this_offset="4739"/>
	<feature name="plagiarism" source_length="272" source_offset="5479" source_reference="wiki_23_AC_12.txt" this_length="339" this_offset="5128"/>
	<feature name="plagiarism" source_length="107" source_offset="25745" source_reference="wiki_67_BB_21.txt" this_length="112" this_offset="5467"/>
	<feature name="plagiarism" source_length="288" source_offset="76489" source_reference="wiki_23_AC_12.txt" this_length="263" this_offset="5579"/>
	<feature name="plagiarism" source_length="135" source_offset="11840" source_reference="wiki_83_AC_1.txt" this_length="135" this_offset="5842"/>
	<feature name="plagiarism" source_length="202" source_offset="67265" source_reference="wiki_39_AC_7.txt" this_length="234" this_offset="6338"/>
	<feature name="plagiarism" source_length="184" source_offset="56512" source_reference="wiki_46_AC_26.txt" this_length="181" this_offset="6572"/>
	<feature name="plagiarism" source_length="148" source_offset="51978" source_reference="wiki_23_AC_12.txt" this_length="180" this_offset="6753"/>
	<feature name="plagiarism" source_length="240" source_offset="18572" source_reference="wiki_18_AE_2.txt" this_length="305" this_offset="6933"/>
	<feature name="plagiarism" source_length="140" source_offset="11104" source_reference="wiki_46_AC_26.txt" this_length="157" this_offset="7238"/>
	<feature name="plagiarism" source_length="61" source_offset="8758" source_reference="wiki_39_AC_7.txt" this_length="71" this_offset="7395"/>
	<feature name="plagiarism" source_length="169" source_offset="61838" source_reference="wiki_23_AC_12.txt" this_length="175" this_offset="7466"/>
	<feature name="plagiarism" source_length="69" source_offset="2018" source_reference="wiki_46_AC_26.txt" this_length="79" this_offset="7641"/>
	<feature name="plagiarism" source_length="84" source_offset="32259" source_reference="wiki_39_AC_7.txt" this_length="105" this_offset="7720"/>
	<feature name="plagiarism" source_length="229" source_offset="835" source_reference="wiki_83_AC_1.txt" this_length="281" this_offset="7825"/>
	<feature name="plagiarism" source_length="122" source_offset="17241" source_reference="wiki_67_BB_21.txt" this_length="138" this_offset="8106"/>
	<feature name="plagiarism" source_length="84" source_offset="30299" source_reference="wiki_23_AC_12.txt" this_length="87" this_offset="8244"/>
	<feature name="plagiarism" source_length="157" source_offset="70780" source_reference="wiki_39_AC_7.txt" this_length="177" this_offset="8331"/>
	<feature name="plagiarism" source_length="111" source_offset="73378" source_reference="wiki_67_BB_21.txt" this_length="134" this_offset="8508"/>
	<feature name="plagiarism" source_length="225" source_offset="35015" source_reference="wiki_46_AC_26.txt" this_length="244" this_offset="9291"/>
	<feature name="plagiarism" source_length="167" source_offset="15" source_reference="wiki_67_BB_21.txt" this_length="163" this_offset="9563"/>
	<feature name="plagiarism" source_length="126" source_offset="59556" source_reference="wiki_46_AC_26.txt" this_length="132" this_offset="9774"/>
	<feature name="plagiarism" source_length="116" source_offset="15506" source_reference="wiki_06_BG_56.txt" this_length="141" this_offset="9906"/>
	<feature name="plagiarism" source_length="235" source_offset="8779" source_reference="wiki_23_AC_12.txt" this_length="268" this_offset="10047"/>
	<feature name="plagiarism" source_length="118" source_offset="16752" source_reference="wiki_18_AE_2.txt" this_length="112" this_offset="10315"/>
	<feature name="plagiarism" source_length="127" source_offset="65198" source_reference="wiki_39_AC_7.txt" this_length="127" this_offset="10427"/>
	<feature name="plagiarism" source_length="298" source_offset="45035" source_reference="wiki_93_AC_24.txt" this_length="350" this_offset="10583"/>
	<feature name="plagiarism" source_length="119" source_offset="29229" source_reference="wiki_18_AE_2.txt" this_length="123" this_offset="10933"/>
	<feature name="plagiarism" source_length="154" source_offset="6019" source_reference="wiki_39_AC_7.txt" this_length="174" this_offset="11056"/>
	<feature name="plagiarism" source_length="419" source_offset="34203" source_reference="wiki_39_AC_7.txt" this_length="404" this_offset="11230"/>
	<feature name="plagiarism" source_length="86" source_offset="46765" source_reference="wiki_46_AC_26.txt" this_length="97" this_offset="11634"/>
	<feature name="plagiarism" source_length="137" source_offset="20977" source_reference="wiki_46_AC_26.txt" this_length="137" this_offset="11849"/>
	<feature name="plagiarism" source_length="207" source_offset="39007" source_reference="wiki_83_AC_1.txt" this_length="249" this_offset="12333"/>
	<feature name="plagiarism" source_length="142" source_offset="48343" source_reference="wiki_93_AC_24.txt" this_length="163" this_offset="12582"/>
	<feature name="plagiarism" source_length="113" source_offset="69402" source_reference="wiki_39_AC_7.txt" this_length="123" this_offset="12745"/>
	<feature name="plagiarism" source_length="296" source_offset="31088" source_reference="wiki_23_AC_12.txt" this_length="306" this_offset="12938"/>
	<feature name="plagiarism" source_length="242" source_offset="45191" source_reference="wiki_46_AC_26.txt" this_length="295" this_offset="13244"/>
	<feature name="plagiarism" source_length="124" source_offset="18507" source_reference="wiki_46_AC_26.txt" this_length="139" this_offset="13539"/>
	<feature name="plagiarism" source_length="235" source_offset="44235" source_reference="wiki_23_AC_12.txt" this_length="273" this_offset="13781"/>
	<feature name="plagiarism" source_length="99" source_offset="29331" source_reference="wiki_39_AC_7.txt" this_length="105" this_offset="14054"/>
	<feature name="plagiarism" source_length="169" source_offset="9897" source_reference="wiki_39_AC_7.txt" this_length="159" this_offset="14159"/>
</document>
