<?xml version="1.0" ?>
<document reference="wiki_04_BW_16.txt">
	<feature name="plagiarism" source_length="126" source_offset="39612" source_reference="wiki_30_AB_43.txt" this_length="147" this_offset="223"/>
	<feature name="plagiarism" source_length="64" source_offset="6950" source_reference="wiki_12_BI_5.txt" this_length="52" this_offset="680"/>
	<feature name="plagiarism" source_length="224" source_offset="2826" source_reference="wiki_73_BG_35.txt" this_length="237" this_offset="732"/>
	<feature name="plagiarism" source_length="191" source_offset="68233" source_reference="wiki_71_AQ_8.txt" this_length="211" this_offset="981"/>
	<feature name="plagiarism" source_length="270" source_offset="42664" source_reference="wiki_71_AQ_8.txt" this_length="317" this_offset="1452"/>
	<feature name="plagiarism" source_length="381" source_offset="16122" source_reference="wiki_30_AB_43.txt" this_length="434" this_offset="1832"/>
	<feature name="plagiarism" source_length="194" source_offset="66219" source_reference="wiki_71_AQ_8.txt" this_length="202" this_offset="2475"/>
	<feature name="plagiarism" source_length="51" source_offset="8470" source_reference="wiki_30_AB_43.txt" this_length="52" this_offset="2677"/>
	<feature name="plagiarism" source_length="247" source_offset="19294" source_reference="wiki_73_BG_35.txt" this_length="233" this_offset="3042"/>
	<feature name="plagiarism" source_length="123" source_offset="42986" source_reference="wiki_30_AB_43.txt" this_length="127" this_offset="3275"/>
	<feature name="plagiarism" source_length="244" source_offset="69624" source_reference="wiki_71_AQ_8.txt" this_length="251" this_offset="3907"/>
	<feature name="plagiarism" source_length="148" source_offset="15449" source_reference="wiki_71_AQ_8.txt" this_length="160" this_offset="4158"/>
	<feature name="plagiarism" source_length="264" source_offset="17800" source_reference="wiki_30_AB_43.txt" this_length="280" this_offset="4498"/>
	<feature name="plagiarism" source_length="227" source_offset="67496" source_reference="wiki_71_AQ_8.txt" this_length="246" this_offset="4778"/>
	<feature name="plagiarism" source_length="125" source_offset="42400" source_reference="wiki_30_AB_43.txt" this_length="163" this_offset="5279"/>
	<feature name="plagiarism" source_length="101" source_offset="7454" source_reference="wiki_30_AB_43.txt" this_length="110" this_offset="5963"/>
	<feature name="plagiarism" source_length="80" source_offset="63820" source_reference="wiki_30_AB_43.txt" this_length="77" this_offset="6073"/>
	<feature name="plagiarism" source_length="318" source_offset="2508" source_reference="wiki_73_BG_35.txt" this_length="311" this_offset="6235"/>
	<feature name="plagiarism" source_length="166" source_offset="28874" source_reference="wiki_30_AB_43.txt" this_length="184" this_offset="6546"/>
	<feature name="plagiarism" source_length="147" source_offset="7204" source_reference="wiki_30_AB_43.txt" this_length="139" this_offset="6730"/>
	<feature name="plagiarism" source_length="357" source_offset="17552" source_reference="wiki_71_AQ_8.txt" this_length="434" this_offset="6869"/>
	<feature name="plagiarism" source_length="87" source_offset="40229" source_reference="wiki_30_AB_43.txt" this_length="90" this_offset="7303"/>
	<feature name="plagiarism" source_length="141" source_offset="56784" source_reference="wiki_30_AB_43.txt" this_length="153" this_offset="7768"/>
	<feature name="plagiarism" source_length="125" source_offset="61360" source_reference="wiki_30_AB_43.txt" this_length="123" this_offset="7921"/>
	<feature name="plagiarism" source_length="92" source_offset="49492" source_reference="wiki_30_AB_43.txt" this_length="104" this_offset="8179"/>
	<feature name="plagiarism" source_length="136" source_offset="15597" source_reference="wiki_71_AQ_8.txt" this_length="154" this_offset="8283"/>
	<feature name="plagiarism" source_length="190" source_offset="39069" source_reference="wiki_71_AQ_8.txt" this_length="205" this_offset="8908"/>
	<feature name="plagiarism" source_length="127" source_offset="51892" source_reference="wiki_71_AQ_8.txt" this_length="130" this_offset="9113"/>
	<feature name="plagiarism" source_length="149" source_offset="64657" source_reference="wiki_30_AB_43.txt" this_length="142" this_offset="9243"/>
	<feature name="plagiarism" source_length="103" source_offset="45748" source_reference="wiki_71_AQ_8.txt" this_length="133" this_offset="9496"/>
	<feature name="plagiarism" source_length="92" source_offset="12413" source_reference="wiki_30_AB_43.txt" this_length="90" this_offset="9629"/>
	<feature name="plagiarism" source_length="180" source_offset="63640" source_reference="wiki_30_AB_43.txt" this_length="195" this_offset="9719"/>
	<feature name="plagiarism" source_length="117" source_offset="40613" source_reference="wiki_71_AQ_8.txt" this_length="138" this_offset="10029"/>
	<feature name="plagiarism" source_length="284" source_offset="40828" source_reference="wiki_71_AQ_8.txt" this_length="319" this_offset="10167"/>
	<feature name="plagiarism" source_length="75" source_offset="20011" source_reference="wiki_30_AB_43.txt" this_length="79" this_offset="10486"/>
	<feature name="plagiarism" source_length="190" source_offset="64816" source_reference="wiki_30_AB_43.txt" this_length="217" this_offset="10722"/>
	<feature name="plagiarism" source_length="104" source_offset="28537" source_reference="wiki_30_AB_43.txt" this_length="129" this_offset="11759"/>
	<feature name="plagiarism" source_length="496" source_offset="65006" source_reference="wiki_30_AB_43.txt" this_length="441" this_offset="11971"/>
	<feature name="plagiarism" source_length="124" source_offset="41401" source_reference="wiki_71_AQ_8.txt" this_length="135" this_offset="12467"/>
	<feature name="plagiarism" source_length="95" source_offset="55804" source_reference="wiki_71_AQ_8.txt" this_length="111" this_offset="12721"/>
	<feature name="plagiarism" source_length="102" source_offset="46785" source_reference="wiki_30_AB_43.txt" this_length="112" this_offset="12832"/>
	<feature name="plagiarism" source_length="65" source_offset="3197" source_reference="wiki_12_BI_5.txt" this_length="74" this_offset="13154"/>
	<feature name="plagiarism" source_length="209" source_offset="21446" source_reference="wiki_71_AQ_8.txt" this_length="220" this_offset="13228"/>
	<feature name="plagiarism" source_length="193" source_offset="13616" source_reference="wiki_30_AB_43.txt" this_length="201" this_offset="13454"/>
	<feature name="plagiarism" source_length="103" source_offset="39445" source_reference="wiki_30_AB_43.txt" this_length="127" this_offset="13655"/>
</document>
