<?xml version="1.0" ?>
<document reference="wiki_78_AL_36.txt">
	<feature name="plagiarism" source_length="134" source_offset="23458" source_reference="wiki_89_AB_40.txt" this_length="128" this_offset="383"/>
	<feature name="plagiarism" source_length="155" source_offset="59842" source_reference="wiki_60_BB_1.txt" this_length="186" this_offset="695"/>
	<feature name="plagiarism" source_length="171" source_offset="30055" source_reference="wiki_60_BB_1.txt" this_length="185" this_offset="881"/>
	<feature name="plagiarism" source_length="117" source_offset="6281" source_reference="wiki_60_BB_1.txt" this_length="110" this_offset="1066"/>
	<feature name="plagiarism" source_length="232" source_offset="20931" source_reference="wiki_60_BB_1.txt" this_length="265" this_offset="1176"/>
	<feature name="plagiarism" source_length="75" source_offset="26565" source_reference="wiki_44_BD_5.txt" this_length="73" this_offset="1441"/>
	<feature name="plagiarism" source_length="453" source_offset="45164" source_reference="wiki_60_BB_1.txt" this_length="507" this_offset="1514"/>
	<feature name="plagiarism" source_length="108" source_offset="62068" source_reference="wiki_60_BB_1.txt" this_length="134" this_offset="2129"/>
	<feature name="plagiarism" source_length="188" source_offset="158" source_reference="wiki_11_BL_44.txt" this_length="210" this_offset="2263"/>
	<feature name="plagiarism" source_length="104" source_offset="56111" source_reference="wiki_60_BB_1.txt" this_length="105" this_offset="2473"/>
	<feature name="plagiarism" source_length="323" source_offset="28667" source_reference="wiki_11_BL_44.txt" this_length="317" this_offset="2578"/>
	<feature name="plagiarism" source_length="195" source_offset="36033" source_reference="wiki_60_BB_1.txt" this_length="195" this_offset="2895"/>
	<feature name="plagiarism" source_length="89" source_offset="9205" source_reference="wiki_89_AB_40.txt" this_length="85" this_offset="3090"/>
	<feature name="plagiarism" source_length="438" source_offset="20388" source_reference="wiki_60_BB_1.txt" this_length="467" this_offset="3175"/>
	<feature name="plagiarism" source_length="187" source_offset="13351" source_reference="wiki_44_BD_5.txt" this_length="188" this_offset="3642"/>
	<feature name="plagiarism" source_length="169" source_offset="17392" source_reference="wiki_60_BB_1.txt" this_length="174" this_offset="3830"/>
	<feature name="plagiarism" source_length="145" source_offset="34272" source_reference="wiki_60_BB_1.txt" this_length="162" this_offset="4064"/>
	<feature name="plagiarism" source_length="169" source_offset="60981" source_reference="wiki_60_BB_1.txt" this_length="171" this_offset="4226"/>
	<feature name="plagiarism" source_length="72" source_offset="10979" source_reference="wiki_89_AB_40.txt" this_length="72" this_offset="4397"/>
	<feature name="plagiarism" source_length="140" source_offset="1912" source_reference="wiki_44_BD_5.txt" this_length="135" this_offset="4469"/>
	<feature name="plagiarism" source_length="113" source_offset="12709" source_reference="wiki_44_BD_5.txt" this_length="120" this_offset="4604"/>
	<feature name="plagiarism" source_length="96" source_offset="11903" source_reference="wiki_60_BB_1.txt" this_length="104" this_offset="4724"/>
	<feature name="plagiarism" source_length="124" source_offset="15110" source_reference="wiki_60_BB_1.txt" this_length="175" this_offset="4828"/>
	<feature name="plagiarism" source_length="86" source_offset="30257" source_reference="wiki_44_BD_5.txt" this_length="112" this_offset="5035"/>
	<feature name="plagiarism" source_length="142" source_offset="32030" source_reference="wiki_60_BB_1.txt" this_length="161" this_offset="5147"/>
	<feature name="plagiarism" source_length="88" source_offset="14217" source_reference="wiki_89_AB_40.txt" this_length="101" this_offset="5308"/>
	<feature name="plagiarism" source_length="171" source_offset="48722" source_reference="wiki_60_BB_1.txt" this_length="205" this_offset="5409"/>
	<feature name="plagiarism" source_length="168" source_offset="875" source_reference="wiki_11_BL_44.txt" this_length="181" this_offset="5614"/>
	<feature name="plagiarism" source_length="454" source_offset="41740" source_reference="wiki_60_BB_1.txt" this_length="505" this_offset="5795"/>
	<feature name="plagiarism" source_length="94" source_offset="8603" source_reference="wiki_44_BD_5.txt" this_length="136" this_offset="6523"/>
	<feature name="plagiarism" source_length="332" source_offset="39527" source_reference="wiki_60_BB_1.txt" this_length="375" this_offset="6659"/>
	<feature name="plagiarism" source_length="221" source_offset="7416" source_reference="wiki_11_BL_44.txt" this_length="244" this_offset="7159"/>
	<feature name="plagiarism" source_length="85" source_offset="10099" source_reference="wiki_44_BD_5.txt" this_length="81" this_offset="7403"/>
	<feature name="plagiarism" source_length="93" source_offset="8949" source_reference="wiki_89_AB_40.txt" this_length="95" this_offset="7522"/>
	<feature name="plagiarism" source_length="247" source_offset="17916" source_reference="wiki_89_AB_40.txt" this_length="272" this_offset="7617"/>
	<feature name="plagiarism" source_length="119" source_offset="26733" source_reference="wiki_60_BB_1.txt" this_length="107" this_offset="8242"/>
	<feature name="plagiarism" source_length="110" source_offset="7637" source_reference="wiki_11_BL_44.txt" this_length="110" this_offset="8483"/>
	<feature name="plagiarism" source_length="500" source_offset="42602" source_reference="wiki_60_BB_1.txt" this_length="471" this_offset="8593"/>
	<feature name="plagiarism" source_length="235" source_offset="7178" source_reference="wiki_60_BB_1.txt" this_length="274" this_offset="9064"/>
	<feature name="plagiarism" source_length="41" source_offset="63348" source_reference="wiki_60_BB_1.txt" this_length="43" this_offset="9338"/>
	<feature name="plagiarism" source_length="118" source_offset="1488" source_reference="wiki_60_BB_1.txt" this_length="127" this_offset="9576"/>
	<feature name="plagiarism" source_length="94" source_offset="18890" source_reference="wiki_44_BD_5.txt" this_length="138" this_offset="9703"/>
	<feature name="plagiarism" source_length="170" source_offset="25034" source_reference="wiki_44_BD_5.txt" this_length="153" this_offset="9841"/>
	<feature name="plagiarism" source_length="219" source_offset="33464" source_reference="wiki_60_BB_1.txt" this_length="242" this_offset="9994"/>
	<feature name="plagiarism" source_length="192" source_offset="15564" source_reference="wiki_89_AB_40.txt" this_length="212" this_offset="10303"/>
	<feature name="plagiarism" source_length="75" source_offset="4257" source_reference="wiki_44_BD_5.txt" this_length="84" this_offset="10515"/>
	<feature name="plagiarism" source_length="119" source_offset="28584" source_reference="wiki_60_BB_1.txt" this_length="125" this_offset="10599"/>
	<feature name="plagiarism" source_length="206" source_offset="13883" source_reference="wiki_60_BB_1.txt" this_length="252" this_offset="10758"/>
	<feature name="plagiarism" source_length="151" source_offset="54316" source_reference="wiki_60_BB_1.txt" this_length="157" this_offset="11010"/>
	<feature name="plagiarism" source_length="241" source_offset="17466" source_reference="wiki_44_BD_5.txt" this_length="278" this_offset="11167"/>
	<feature name="plagiarism" source_length="195" source_offset="4300" source_reference="wiki_60_BB_1.txt" this_length="198" this_offset="11579"/>
	<feature name="plagiarism" source_length="54" source_offset="12591" source_reference="wiki_44_BD_5.txt" this_length="57" this_offset="11794"/>
	<feature name="plagiarism" source_length="263" source_offset="28062" source_reference="wiki_11_BL_44.txt" this_length="296" this_offset="12130"/>
	<feature name="plagiarism" source_length="342" source_offset="23019" source_reference="wiki_89_AB_40.txt" this_length="367" this_offset="12634"/>
	<feature name="plagiarism" source_length="113" source_offset="21389" source_reference="wiki_60_BB_1.txt" this_length="126" this_offset="13197"/>
	<feature name="plagiarism" source_length="232" source_offset="30343" source_reference="wiki_44_BD_5.txt" this_length="224" this_offset="13336"/>
	<feature name="plagiarism" source_length="278" source_offset="5109" source_reference="wiki_60_BB_1.txt" this_length="70" this_offset="13560"/>
	<feature name="plagiarism" source_length="130" source_offset="14630" source_reference="wiki_89_AB_40.txt" this_length="129" this_offset="13630"/>
	<feature name="plagiarism" source_length="248" source_offset="20804" source_reference="wiki_11_BL_44.txt" this_length="262" this_offset="13848"/>
	<feature name="plagiarism" source_length="93" source_offset="64971" source_reference="wiki_60_BB_1.txt" this_length="109" this_offset="14110"/>
	<feature name="plagiarism" source_length="235" source_offset="9236" source_reference="wiki_60_BB_1.txt" this_length="305" this_offset="14341"/>
	<feature name="plagiarism" source_length="83" source_offset="29518" source_reference="wiki_60_BB_1.txt" this_length="97" this_offset="14730"/>
	<feature name="plagiarism" source_length="216" source_offset="3638" source_reference="wiki_11_BL_44.txt" this_length="201" this_offset="14827"/>
	<feature name="plagiarism" source_length="258" source_offset="2452" source_reference="wiki_60_BB_1.txt" this_length="266" this_offset="15028"/>
	<feature name="plagiarism" source_length="117" source_offset="8190" source_reference="wiki_44_BD_5.txt" this_length="133" this_offset="15389"/>
	<feature name="plagiarism" source_length="152" source_offset="2234" source_reference="wiki_11_BL_44.txt" this_length="166" this_offset="15522"/>
	<feature name="plagiarism" source_length="194" source_offset="59541" source_reference="wiki_60_BB_1.txt" this_length="236" this_offset="15688"/>
	<feature name="plagiarism" source_length="141" source_offset="21596" source_reference="wiki_11_BL_44.txt" this_length="147" this_offset="15924"/>
	<feature name="plagiarism" source_length="96" source_offset="11908" source_reference="wiki_44_BD_5.txt" this_length="103" this_offset="16071"/>
	<feature name="plagiarism" source_length="112" source_offset="9082" source_reference="wiki_44_BD_5.txt" this_length="133" this_offset="16335"/>
	<feature name="plagiarism" source_length="160" source_offset="15663" source_reference="wiki_44_BD_5.txt" this_length="146" this_offset="16468"/>
	<feature name="plagiarism" source_length="218" source_offset="23990" source_reference="wiki_11_BL_44.txt" this_length="261" this_offset="16614"/>
	<feature name="plagiarism" source_length="153" source_offset="2327" source_reference="wiki_89_AB_40.txt" this_length="151" this_offset="16875"/>
	<feature name="plagiarism" source_length="115" source_offset="5666" source_reference="wiki_89_AB_40.txt" this_length="151" this_offset="17026"/>
	<feature name="plagiarism" source_length="204" source_offset="59025" source_reference="wiki_60_BB_1.txt" this_length="246" this_offset="17177"/>
	<feature name="plagiarism" source_length="232" source_offset="60748" source_reference="wiki_60_BB_1.txt" this_length="269" this_offset="17423"/>
	<feature name="plagiarism" source_length="157" source_offset="19969" source_reference="wiki_11_BL_44.txt" this_length="154" this_offset="17692"/>
	<feature name="plagiarism" source_length="84" source_offset="13154" source_reference="wiki_44_BD_5.txt" this_length="86" this_offset="18126"/>
	<feature name="plagiarism" source_length="180" source_offset="25581" source_reference="wiki_60_BB_1.txt" this_length="160" this_offset="18778"/>
	<feature name="plagiarism" source_length="293" source_offset="22112" source_reference="wiki_60_BB_1.txt" this_length="336" this_offset="19008"/>
	<feature name="plagiarism" source_length="126" source_offset="7052" source_reference="wiki_60_BB_1.txt" this_length="121" this_offset="19344"/>
	<feature name="plagiarism" source_length="149" source_offset="21603" source_reference="wiki_44_BD_5.txt" this_length="140" this_offset="19465"/>
	<feature name="plagiarism" source_length="54" source_offset="30861" source_reference="wiki_44_BD_5.txt" this_length="49" this_offset="19605"/>
	<feature name="plagiarism" source_length="271" source_offset="11366" source_reference="wiki_60_BB_1.txt" this_length="296" this_offset="19828"/>
</document>
