<?xml version="1.0" ?>
<document reference="wiki_08_BE_24.txt">
	<feature name="plagiarism" source_length="124" source_offset="7681" source_reference="wiki_67_AH_19.txt" this_length="121" this_offset="29"/>
	<feature name="plagiarism" source_length="160" source_offset="16070" source_reference="wiki_77_AQ_44.txt" this_length="167" this_offset="150"/>
	<feature name="plagiarism" source_length="170" source_offset="14977" source_reference="wiki_77_AQ_44.txt" this_length="156" this_offset="553"/>
	<feature name="plagiarism" source_length="128" source_offset="18417" source_reference="wiki_29_BD_27.txt" this_length="138" this_offset="709"/>
	<feature name="plagiarism" source_length="186" source_offset="21921" source_reference="wiki_77_AQ_44.txt" this_length="237" this_offset="847"/>
	<feature name="plagiarism" source_length="164" source_offset="8497" source_reference="wiki_27_BB_7.txt" this_length="179" this_offset="1177"/>
	<feature name="plagiarism" source_length="171" source_offset="59477" source_reference="wiki_27_BB_7.txt" this_length="199" this_offset="1356"/>
	<feature name="plagiarism" source_length="298" source_offset="2625" source_reference="wiki_24_AC_11.txt" this_length="348" this_offset="1555"/>
	<feature name="plagiarism" source_length="138" source_offset="8455" source_reference="wiki_97_AA_31.txt" this_length="152" this_offset="1903"/>
	<feature name="plagiarism" source_length="74" source_offset="1862" source_reference="wiki_97_AA_31.txt" this_length="98" this_offset="2338"/>
	<feature name="plagiarism" source_length="115" source_offset="45710" source_reference="wiki_67_AH_19.txt" this_length="115" this_offset="2717"/>
	<feature name="plagiarism" source_length="56" source_offset="23249" source_reference="wiki_97_AA_31.txt" this_length="60" this_offset="2832"/>
	<feature name="plagiarism" source_length="153" source_offset="36549" source_reference="wiki_97_AA_31.txt" this_length="156" this_offset="2892"/>
	<feature name="plagiarism" source_length="144" source_offset="42516" source_reference="wiki_67_AH_19.txt" this_length="151" this_offset="3179"/>
	<feature name="plagiarism" source_length="275" source_offset="15075" source_reference="wiki_97_AA_31.txt" this_length="251" this_offset="3341"/>
	<feature name="plagiarism" source_length="151" source_offset="47565" source_reference="wiki_27_BB_7.txt" this_length="182" this_offset="3592"/>
	<feature name="plagiarism" source_length="172" source_offset="4199" source_reference="wiki_77_AQ_44.txt" this_length="175" this_offset="3774"/>
	<feature name="plagiarism" source_length="289" source_offset="1142" source_reference="wiki_29_AA_40.txt" this_length="320" this_offset="3949"/>
	<feature name="plagiarism" source_length="71" source_offset="49973" source_reference="wiki_97_AA_31.txt" this_length="68" this_offset="4343"/>
	<feature name="plagiarism" source_length="307" source_offset="34845" source_reference="wiki_67_AH_19.txt" this_length="338" this_offset="4411"/>
	<feature name="plagiarism" source_length="127" source_offset="27156" source_reference="wiki_29_BD_27.txt" this_length="114" this_offset="4749"/>
	<feature name="plagiarism" source_length="413" source_offset="252" source_reference="wiki_33_AL_47.txt" this_length="380" this_offset="5056"/>
	<feature name="plagiarism" source_length="92" source_offset="24471" source_reference="wiki_24_AC_11.txt" this_length="92" this_offset="5436"/>
	<feature name="plagiarism" source_length="142" source_offset="40270" source_reference="wiki_77_AQ_44.txt" this_length="124" this_offset="5542"/>
	<feature name="plagiarism" source_length="62" source_offset="31057" source_reference="wiki_67_AH_19.txt" this_length="72" this_offset="5678"/>
	<feature name="plagiarism" source_length="232" source_offset="25204" source_reference="wiki_97_AA_31.txt" this_length="190" this_offset="5750"/>
	<feature name="plagiarism" source_length="163" source_offset="26553" source_reference="wiki_77_AQ_44.txt" this_length="184" this_offset="6204"/>
	<feature name="plagiarism" source_length="121" source_offset="41062" source_reference="wiki_27_BB_7.txt" this_length="129" this_offset="6388"/>
	<feature name="plagiarism" source_length="304" source_offset="28811" source_reference="wiki_67_AH_19.txt" this_length="308" this_offset="6517"/>
	<feature name="plagiarism" source_length="113" source_offset="25005" source_reference="wiki_29_BD_27.txt" this_length="136" this_offset="6825"/>
	<feature name="plagiarism" source_length="63" source_offset="20680" source_reference="wiki_97_AA_31.txt" this_length="66" this_offset="7115"/>
	<feature name="plagiarism" source_length="127" source_offset="13800" source_reference="wiki_27_BB_7.txt" this_length="146" this_offset="7181"/>
	<feature name="plagiarism" source_length="126" source_offset="12955" source_reference="wiki_97_AA_31.txt" this_length="156" this_offset="7327"/>
	<feature name="plagiarism" source_length="140" source_offset="49244" source_reference="wiki_67_AH_19.txt" this_length="144" this_offset="7483"/>
	<feature name="plagiarism" source_length="122" source_offset="56103" source_reference="wiki_24_AC_11.txt" this_length="124" this_offset="7627"/>
	<feature name="plagiarism" source_length="237" source_offset="35921" source_reference="wiki_67_AH_19.txt" this_length="245" this_offset="7948"/>
	<feature name="plagiarism" source_length="173" source_offset="34199" source_reference="wiki_27_BB_7.txt" this_length="211" this_offset="8231"/>
	<feature name="plagiarism" source_length="180" source_offset="65484" source_reference="wiki_67_AH_19.txt" this_length="177" this_offset="8442"/>
	<feature name="plagiarism" source_length="121" source_offset="38207" source_reference="wiki_77_AQ_44.txt" this_length="136" this_offset="8619"/>
	<feature name="plagiarism" source_length="360" source_offset="29258" source_reference="wiki_29_BD_27.txt" this_length="361" this_offset="8755"/>
	<feature name="plagiarism" source_length="118" source_offset="4691" source_reference="wiki_77_AQ_44.txt" this_length="132" this_offset="9116"/>
	<feature name="plagiarism" source_length="139" source_offset="25822" source_reference="wiki_67_AH_19.txt" this_length="138" this_offset="9272"/>
	<feature name="plagiarism" source_length="200" source_offset="9527" source_reference="wiki_24_AC_11.txt" this_length="207" this_offset="9410"/>
</document>
