<?xml version="1.0" ?>
<document reference="wiki_38_AQ_1.txt">
	<feature name="plagiarism" source_length="243" source_offset="7935" source_reference="wiki_48_BJ_36.txt" this_length="257" this_offset="452"/>
	<feature name="plagiarism" source_length="464" source_offset="12952" source_reference="wiki_29_AM_53.txt" this_length="512" this_offset="1560"/>
	<feature name="plagiarism" source_length="185" source_offset="4018" source_reference="wiki_58_AT_31.txt" this_length="184" this_offset="2072"/>
	<feature name="plagiarism" source_length="114" source_offset="13553" source_reference="wiki_06_AA_30.txt" this_length="103" this_offset="2504"/>
	<feature name="plagiarism" source_length="169" source_offset="18817" source_reference="wiki_06_AA_30.txt" this_length="207" this_offset="2607"/>
	<feature name="plagiarism" source_length="130" source_offset="17112" source_reference="wiki_06_AA_30.txt" this_length="122" this_offset="2814"/>
	<feature name="plagiarism" source_length="308" source_offset="2963" source_reference="wiki_60_BG_28.txt" this_length="283" this_offset="3016"/>
	<feature name="plagiarism" source_length="161" source_offset="18457" source_reference="wiki_06_AA_30.txt" this_length="167" this_offset="3595"/>
	<feature name="plagiarism" source_length="187" source_offset="20178" source_reference="wiki_45_BG_58.txt" this_length="222" this_offset="3762"/>
	<feature name="plagiarism" source_length="105" source_offset="10046" source_reference="wiki_45_BG_58.txt" this_length="91" this_offset="4034"/>
	<feature name="plagiarism" source_length="78" source_offset="9904" source_reference="wiki_06_AA_30.txt" this_length="102" this_offset="4125"/>
	<feature name="plagiarism" source_length="114" source_offset="17521" source_reference="wiki_06_AA_30.txt" this_length="117" this_offset="4485"/>
	<feature name="plagiarism" source_length="304" source_offset="15848" source_reference="wiki_29_AM_53.txt" this_length="328" this_offset="4962"/>
	<feature name="plagiarism" source_length="87" source_offset="2058" source_reference="wiki_48_BJ_36.txt" this_length="93" this_offset="5453"/>
	<feature name="plagiarism" source_length="199" source_offset="308" source_reference="wiki_06_AA_30.txt" this_length="233" this_offset="5546"/>
	<feature name="plagiarism" source_length="149" source_offset="16302" source_reference="wiki_06_AA_30.txt" this_length="156" this_offset="5779"/>
	<feature name="plagiarism" source_length="83" source_offset="10241" source_reference="wiki_06_AA_30.txt" this_length="86" this_offset="7273"/>
	<feature name="plagiarism" source_length="144" source_offset="1281" source_reference="wiki_45_BG_58.txt" this_length="152" this_offset="7756"/>
	<feature name="plagiarism" source_length="143" source_offset="2732" source_reference="wiki_60_BG_28.txt" this_length="163" this_offset="8310"/>
	<feature name="plagiarism" source_length="135" source_offset="8208" source_reference="wiki_60_BG_28.txt" this_length="132" this_offset="9224"/>
	<feature name="plagiarism" source_length="96" source_offset="3159" source_reference="wiki_45_BG_58.txt" this_length="139" this_offset="9517"/>
	<feature name="plagiarism" source_length="157" source_offset="11255" source_reference="wiki_29_AM_53.txt" this_length="153" this_offset="9656"/>
	<feature name="plagiarism" source_length="244" source_offset="27176" source_reference="wiki_85_BI_46.txt" this_length="244" this_offset="10596"/>
	<feature name="plagiarism" source_length="96" source_offset="38493" source_reference="wiki_29_AM_53.txt" this_length="110" this_offset="11106"/>
	<feature name="plagiarism" source_length="78" source_offset="4203" source_reference="wiki_06_AA_30.txt" this_length="103" this_offset="11216"/>
	<feature name="plagiarism" source_length="154" source_offset="14258" source_reference="wiki_06_AA_30.txt" this_length="184" this_offset="11852"/>
	<feature name="plagiarism" source_length="135" source_offset="920" source_reference="wiki_13_AE_47.txt" this_length="170" this_offset="12449"/>
	<feature name="plagiarism" source_length="215" source_offset="24317" source_reference="wiki_45_BG_58.txt" this_length="246" this_offset="13314"/>
	<feature name="plagiarism" source_length="107" source_offset="29778" source_reference="wiki_45_BG_58.txt" this_length="138" this_offset="13560"/>
	<feature name="plagiarism" source_length="198" source_offset="1899" source_reference="wiki_13_AE_47.txt" this_length="217" this_offset="14677"/>
	<feature name="plagiarism" source_length="97" source_offset="33820" source_reference="wiki_29_AM_53.txt" this_length="103" this_offset="15021"/>
	<feature name="plagiarism" source_length="100" source_offset="17911" source_reference="wiki_06_AA_30.txt" this_length="125" this_offset="15239"/>
	<feature name="plagiarism" source_length="107" source_offset="30407" source_reference="wiki_29_AM_53.txt" this_length="118" this_offset="15676"/>
	<feature name="plagiarism" source_length="360" source_offset="22265" source_reference="wiki_85_BI_46.txt" this_length="373" this_offset="16338"/>
	<feature name="plagiarism" source_length="94" source_offset="8519" source_reference="wiki_60_BG_28.txt" this_length="102" this_offset="17168"/>
	<feature name="plagiarism" source_length="141" source_offset="17895" source_reference="wiki_85_BI_46.txt" this_length="111" this_offset="18736"/>
	<feature name="plagiarism" source_length="115" source_offset="25581" source_reference="wiki_45_BG_58.txt" this_length="136" this_offset="19345"/>
	<feature name="plagiarism" source_length="87" source_offset="2876" source_reference="wiki_60_BG_28.txt" this_length="87" this_offset="20740"/>
	<feature name="plagiarism" source_length="396" source_offset="30350" source_reference="wiki_45_BG_58.txt" this_length="403" this_offset="21108"/>
	<feature name="plagiarism" source_length="312" source_offset="14552" source_reference="wiki_48_BJ_36.txt" this_length="306" this_offset="21511"/>
	<feature name="plagiarism" source_length="62" source_offset="6426" source_reference="wiki_58_AT_31.txt" this_length="56" this_offset="21887"/>
	<feature name="plagiarism" source_length="156" source_offset="10497" source_reference="wiki_06_AA_30.txt" this_length="183" this_offset="21943"/>
	<feature name="plagiarism" source_length="211" source_offset="3612" source_reference="wiki_60_BG_28.txt" this_length="187" this_offset="22396"/>
	<feature name="plagiarism" source_length="100" source_offset="18945" source_reference="wiki_29_AM_53.txt" this_length="98" this_offset="22583"/>
</document>
