<?xml version="1.0" ?>
<document reference="wiki_27_AM_2.txt">
	<feature name="plagiarism" source_length="129" source_offset="51571" source_reference="wiki_95_AB_34.txt" this_length="142" this_offset="26"/>
	<feature name="plagiarism" source_length="88" source_offset="39686" source_reference="wiki_98_BK_44.txt" this_length="95" this_offset="168"/>
	<feature name="plagiarism" source_length="147" source_offset="7202" source_reference="wiki_98_BK_44.txt" this_length="146" this_offset="263"/>
	<feature name="plagiarism" source_length="75" source_offset="45284" source_reference="wiki_25_BB_41.txt" this_length="52" this_offset="409"/>
	<feature name="plagiarism" source_length="159" source_offset="17312" source_reference="wiki_25_BB_41.txt" this_length="189" this_offset="461"/>
	<feature name="plagiarism" source_length="76" source_offset="3828" source_reference="wiki_95_AB_34.txt" this_length="92" this_offset="811"/>
	<feature name="plagiarism" source_length="147" source_offset="11236" source_reference="wiki_67_AO_47.txt" this_length="132" this_offset="903"/>
	<feature name="plagiarism" source_length="127" source_offset="67144" source_reference="wiki_79_AK_24.txt" this_length="113" this_offset="1035"/>
	<feature name="plagiarism" source_length="178" source_offset="28291" source_reference="wiki_25_BB_41.txt" this_length="236" this_offset="1231"/>
	<feature name="plagiarism" source_length="64" source_offset="1881" source_reference="wiki_86_BC_2.txt" this_length="60" this_offset="1467"/>
	<feature name="plagiarism" source_length="207" source_offset="11420" source_reference="wiki_25_BB_41.txt" this_length="266" this_offset="1527"/>
	<feature name="plagiarism" source_length="58" source_offset="22804" source_reference="wiki_67_AO_47.txt" this_length="58" this_offset="1913"/>
	<feature name="plagiarism" source_length="78" source_offset="39065" source_reference="wiki_67_AO_47.txt" this_length="95" this_offset="2099"/>
	<feature name="plagiarism" source_length="129" source_offset="18663" source_reference="wiki_79_AK_24.txt" this_length="142" this_offset="2194"/>
	<feature name="plagiarism" source_length="99" source_offset="8679" source_reference="wiki_79_AK_24.txt" this_length="97" this_offset="2336"/>
	<feature name="plagiarism" source_length="157" source_offset="29890" source_reference="wiki_25_BB_41.txt" this_length="218" this_offset="2498"/>
	<feature name="plagiarism" source_length="136" source_offset="1112" source_reference="wiki_95_AB_34.txt" this_length="128" this_offset="2716"/>
	<feature name="plagiarism" source_length="93" source_offset="473" source_reference="wiki_62_BF_12.txt" this_length="85" this_offset="2844"/>
	<feature name="plagiarism" source_length="350" source_offset="13209" source_reference="wiki_79_AK_24.txt" this_length="345" this_offset="2929"/>
	<feature name="plagiarism" source_length="115" source_offset="63745" source_reference="wiki_79_AK_24.txt" this_length="127" this_offset="3274"/>
	<feature name="plagiarism" source_length="209" source_offset="13343" source_reference="wiki_62_BF_12.txt" this_length="227" this_offset="3401"/>
	<feature name="plagiarism" source_length="189" source_offset="267" source_reference="wiki_79_AK_24.txt" this_length="210" this_offset="3778"/>
	<feature name="plagiarism" source_length="45" source_offset="17462" source_reference="wiki_62_BF_12.txt" this_length="58" this_offset="3988"/>
	<feature name="plagiarism" source_length="123" source_offset="41901" source_reference="wiki_25_BB_41.txt" this_length="140" this_offset="4146"/>
	<feature name="plagiarism" source_length="133" source_offset="21987" source_reference="wiki_95_AB_34.txt" this_length="131" this_offset="4518"/>
	<feature name="plagiarism" source_length="241" source_offset="1672" source_reference="wiki_62_BF_12.txt" this_length="252" this_offset="4649"/>
	<feature name="plagiarism" source_length="110" source_offset="41531" source_reference="wiki_25_BB_41.txt" this_length="116" this_offset="4901"/>
	<feature name="plagiarism" source_length="135" source_offset="27743" source_reference="wiki_98_BK_44.txt" this_length="118" this_offset="5017"/>
	<feature name="plagiarism" source_length="159" source_offset="62068" source_reference="wiki_79_AK_24.txt" this_length="176" this_offset="5271"/>
	<feature name="plagiarism" source_length="102" source_offset="13247" source_reference="wiki_98_BK_44.txt" this_length="101" this_offset="5519"/>
	<feature name="plagiarism" source_length="91" source_offset="28203" source_reference="wiki_79_AK_24.txt" this_length="99" this_offset="5620"/>
	<feature name="plagiarism" source_length="274" source_offset="66393" source_reference="wiki_79_AK_24.txt" this_length="289" this_offset="5719"/>
	<feature name="plagiarism" source_length="399" source_offset="23603" source_reference="wiki_25_BB_41.txt" this_length="464" this_offset="6008"/>
	<feature name="plagiarism" source_length="95" source_offset="33826" source_reference="wiki_98_BK_44.txt" this_length="85" this_offset="6472"/>
	<feature name="plagiarism" source_length="128" source_offset="52352" source_reference="wiki_95_AB_34.txt" this_length="124" this_offset="6557"/>
	<feature name="plagiarism" source_length="123" source_offset="21127" source_reference="wiki_25_BB_41.txt" this_length="150" this_offset="6681"/>
	<feature name="plagiarism" source_length="164" source_offset="8367" source_reference="wiki_79_AK_24.txt" this_length="162" this_offset="6831"/>
	<feature name="plagiarism" source_length="95" source_offset="3510" source_reference="wiki_25_BB_41.txt" this_length="99" this_offset="6993"/>
	<feature name="plagiarism" source_length="127" source_offset="36996" source_reference="wiki_98_BK_44.txt" this_length="137" this_offset="7170"/>
	<feature name="plagiarism" source_length="88" source_offset="53138" source_reference="wiki_95_AB_34.txt" this_length="102" this_offset="7404"/>
	<feature name="plagiarism" source_length="137" source_offset="15483" source_reference="wiki_25_BB_41.txt" this_length="167" this_offset="7629"/>
	<feature name="plagiarism" source_length="141" source_offset="35769" source_reference="wiki_95_AB_34.txt" this_length="178" this_offset="7956"/>
	<feature name="plagiarism" source_length="103" source_offset="27209" source_reference="wiki_79_AK_24.txt" this_length="105" this_offset="8134"/>
	<feature name="plagiarism" source_length="251" source_offset="65067" source_reference="wiki_79_AK_24.txt" this_length="267" this_offset="8239"/>
	<feature name="plagiarism" source_length="62" source_offset="6819" source_reference="wiki_86_BC_2.txt" this_length="79" this_offset="8506"/>
	<feature name="plagiarism" source_length="140" source_offset="70174" source_reference="wiki_79_AK_24.txt" this_length="128" this_offset="8585"/>
	<feature name="plagiarism" source_length="245" source_offset="32865" source_reference="wiki_67_AO_47.txt" this_length="268" this_offset="8924"/>
	<feature name="plagiarism" source_length="126" source_offset="45486" source_reference="wiki_98_BK_44.txt" this_length="133" this_offset="9192"/>
	<feature name="plagiarism" source_length="109" source_offset="38021" source_reference="wiki_79_AK_24.txt" this_length="110" this_offset="9325"/>
	<feature name="plagiarism" source_length="101" source_offset="22976" source_reference="wiki_67_AO_47.txt" this_length="102" this_offset="9435"/>
	<feature name="plagiarism" source_length="180" source_offset="29548" source_reference="wiki_67_AO_47.txt" this_length="189" this_offset="9856"/>
	<feature name="plagiarism" source_length="121" source_offset="1710" source_reference="wiki_67_AO_47.txt" this_length="161" this_offset="10045"/>
	<feature name="plagiarism" source_length="129" source_offset="14965" source_reference="wiki_98_BK_44.txt" this_length="142" this_offset="10310"/>
	<feature name="plagiarism" source_length="90" source_offset="217" source_reference="wiki_98_BK_44.txt" this_length="96" this_offset="10760"/>
	<feature name="plagiarism" source_length="315" source_offset="23288" source_reference="wiki_25_BB_41.txt" this_length="313" this_offset="10856"/>
	<feature name="plagiarism" source_length="136" source_offset="9519" source_reference="wiki_79_AK_24.txt" this_length="126" this_offset="11533"/>
	<feature name="plagiarism" source_length="135" source_offset="9786" source_reference="wiki_95_AB_34.txt" this_length="141" this_offset="11659"/>
	<feature name="plagiarism" source_length="88" source_offset="24965" source_reference="wiki_67_AO_47.txt" this_length="118" this_offset="11955"/>
	<feature name="plagiarism" source_length="64" source_offset="3582" source_reference="wiki_98_BK_44.txt" this_length="48" this_offset="12073"/>
	<feature name="plagiarism" source_length="126" source_offset="30087" source_reference="wiki_98_BK_44.txt" this_length="145" this_offset="12270"/>
	<feature name="plagiarism" source_length="208" source_offset="11731" source_reference="wiki_86_BC_2.txt" this_length="237" this_offset="12429"/>
	<feature name="plagiarism" source_length="269" source_offset="67658" source_reference="wiki_79_AK_24.txt" this_length="236" this_offset="12666"/>
</document>
