<?xml version="1.0" ?>
<document reference="wiki_26_AH_1.txt">
	<feature name="plagiarism" source_length="180" source_offset="17772" source_reference="wiki_70_AB_3.txt" this_length="173" this_offset="172"/>
	<feature name="plagiarism" source_length="101" source_offset="26958" source_reference="wiki_69_BD_29.txt" this_length="96" this_offset="437"/>
	<feature name="plagiarism" source_length="60" source_offset="35464" source_reference="wiki_70_AB_3.txt" this_length="70" this_offset="942"/>
	<feature name="plagiarism" source_length="46" source_offset="12132" source_reference="wiki_79_BK_31.txt" this_length="56" this_offset="1012"/>
	<feature name="plagiarism" source_length="98" source_offset="63789" source_reference="wiki_63_BD_40.txt" this_length="96" this_offset="1936"/>
	<feature name="plagiarism" source_length="99" source_offset="46826" source_reference="wiki_79_AK_24.txt" this_length="102" this_offset="2104"/>
	<feature name="plagiarism" source_length="239" source_offset="12745" source_reference="wiki_79_AK_24.txt" this_length="176" this_offset="2218"/>
	<feature name="plagiarism" source_length="240" source_offset="7085" source_reference="wiki_79_AK_24.txt" this_length="274" this_offset="2666"/>
	<feature name="plagiarism" source_length="174" source_offset="58439" source_reference="wiki_79_AK_24.txt" this_length="195" this_offset="4936"/>
	<feature name="plagiarism" source_length="163" source_offset="20254" source_reference="wiki_55_AC_3.txt" this_length="181" this_offset="5519"/>
	<feature name="plagiarism" source_length="161" source_offset="525" source_reference="wiki_69_BD_29.txt" this_length="151" this_offset="6455"/>
	<feature name="plagiarism" source_length="285" source_offset="23670" source_reference="wiki_70_AB_3.txt" this_length="270" this_offset="7120"/>
	<feature name="plagiarism" source_length="320" source_offset="33136" source_reference="wiki_63_BD_40.txt" this_length="272" this_offset="7482"/>
	<feature name="plagiarism" source_length="51" source_offset="48498" source_reference="wiki_63_BD_40.txt" this_length="58" this_offset="8962"/>
	<feature name="plagiarism" source_length="135" source_offset="2699" source_reference="wiki_63_BD_40.txt" this_length="145" this_offset="9020"/>
	<feature name="plagiarism" source_length="100" source_offset="15509" source_reference="wiki_55_AC_3.txt" this_length="120" this_offset="9372"/>
	<feature name="plagiarism" source_length="72" source_offset="55667" source_reference="wiki_63_BD_40.txt" this_length="75" this_offset="9747"/>
	<feature name="plagiarism" source_length="139" source_offset="15907" source_reference="wiki_55_AC_3.txt" this_length="142" this_offset="10091"/>
	<feature name="plagiarism" source_length="154" source_offset="6323" source_reference="wiki_70_AB_3.txt" this_length="117" this_offset="10865"/>
	<feature name="plagiarism" source_length="151" source_offset="28310" source_reference="wiki_55_AC_3.txt" this_length="165" this_offset="11217"/>
	<feature name="plagiarism" source_length="173" source_offset="25336" source_reference="wiki_69_BD_29.txt" this_length="158" this_offset="11382"/>
	<feature name="plagiarism" source_length="393" source_offset="27" source_reference="wiki_34_BJ_13.txt" this_length="422" this_offset="12221"/>
	<feature name="plagiarism" source_length="42" source_offset="19873" source_reference="wiki_60_BC_23.txt" this_length="39" this_offset="13215"/>
	<feature name="plagiarism" source_length="180" source_offset="31791" source_reference="wiki_79_AK_24.txt" this_length="198" this_offset="13254"/>
	<feature name="plagiarism" source_length="195" source_offset="37440" source_reference="wiki_79_AK_24.txt" this_length="217" this_offset="13681"/>
	<feature name="plagiarism" source_length="86" source_offset="9017" source_reference="wiki_79_BK_31.txt" this_length="88" this_offset="14148"/>
	<feature name="plagiarism" source_length="243" source_offset="9645" source_reference="wiki_60_BC_23.txt" this_length="249" this_offset="14964"/>
	<feature name="plagiarism" source_length="188" source_offset="40842" source_reference="wiki_63_BD_40.txt" this_length="194" this_offset="15354"/>
	<feature name="plagiarism" source_length="165" source_offset="25171" source_reference="wiki_69_BD_29.txt" this_length="157" this_offset="15620"/>
	<feature name="plagiarism" source_length="109" source_offset="11187" source_reference="wiki_79_BK_31.txt" this_length="115" this_offset="15943"/>
	<feature name="plagiarism" source_length="152" source_offset="18821" source_reference="wiki_34_BJ_13.txt" this_length="189" this_offset="16163"/>
	<feature name="plagiarism" source_length="196" source_offset="15401" source_reference="wiki_60_BC_23.txt" this_length="204" this_offset="16352"/>
	<feature name="plagiarism" source_length="186" source_offset="16075" source_reference="wiki_60_BC_23.txt" this_length="210" this_offset="17921"/>
	<feature name="plagiarism" source_length="165" source_offset="66695" source_reference="wiki_63_BD_40.txt" this_length="161" this_offset="18261"/>
	<feature name="plagiarism" source_length="178" source_offset="15145" source_reference="wiki_79_AK_24.txt" this_length="191" this_offset="18567"/>
	<feature name="plagiarism" source_length="225" source_offset="1321" source_reference="wiki_34_BJ_13.txt" this_length="273" this_offset="19254"/>
	<feature name="plagiarism" source_length="253" source_offset="7118" source_reference="wiki_70_AB_3.txt" this_length="111" this_offset="19527"/>
	<feature name="plagiarism" source_length="193" source_offset="60158" source_reference="wiki_79_AK_24.txt" this_length="210" this_offset="20212"/>
	<feature name="plagiarism" source_length="115" source_offset="23401" source_reference="wiki_79_AK_24.txt" this_length="120" this_offset="20422"/>
	<feature name="plagiarism" source_length="245" source_offset="14079" source_reference="wiki_55_AC_3.txt" this_length="282" this_offset="20697"/>
	<feature name="plagiarism" source_length="360" source_offset="31431" source_reference="wiki_79_AK_24.txt" this_length="376" this_offset="21656"/>
	<feature name="plagiarism" source_length="202" source_offset="24030" source_reference="wiki_55_AC_3.txt" this_length="196" this_offset="22328"/>
	<feature name="plagiarism" source_length="147" source_offset="22446" source_reference="wiki_70_AB_3.txt" this_length="190" this_offset="22885"/>
	<feature name="plagiarism" source_length="169" source_offset="48550" source_reference="wiki_63_BD_40.txt" this_length="208" this_offset="23868"/>
	<feature name="plagiarism" source_length="109" source_offset="12428" source_reference="wiki_55_AC_3.txt" this_length="111" this_offset="25725"/>
	<feature name="plagiarism" source_length="121" source_offset="15715" source_reference="wiki_60_BC_23.txt" this_length="144" this_offset="25836"/>
	<feature name="plagiarism" source_length="201" source_offset="1625" source_reference="wiki_70_AB_3.txt" this_length="193" this_offset="25980"/>
	<feature name="plagiarism" source_length="72" source_offset="34347" source_reference="wiki_34_BJ_13.txt" this_length="73" this_offset="26586"/>
	<feature name="plagiarism" source_length="123" source_offset="7508" source_reference="wiki_79_AK_24.txt" this_length="118" this_offset="27613"/>
	<feature name="plagiarism" source_length="181" source_offset="6022" source_reference="wiki_69_BD_29.txt" this_length="217" this_offset="29081"/>
	<feature name="plagiarism" source_length="186" source_offset="577" source_reference="wiki_55_AC_3.txt" this_length="208" this_offset="29424"/>
	<feature name="plagiarism" source_length="200" source_offset="38982" source_reference="wiki_70_AB_3.txt" this_length="235" this_offset="30535"/>
	<feature name="plagiarism" source_length="169" source_offset="68126" source_reference="wiki_79_AK_24.txt" this_length="184" this_offset="30770"/>
	<feature name="plagiarism" source_length="63" source_offset="31255" source_reference="wiki_34_BJ_13.txt" this_length="71" this_offset="31298"/>
	<feature name="plagiarism" source_length="144" source_offset="5007" source_reference="wiki_70_AB_3.txt" this_length="159" this_offset="31731"/>
	<feature name="plagiarism" source_length="192" source_offset="6262" source_reference="wiki_34_BJ_13.txt" this_length="224" this_offset="32245"/>
	<feature name="plagiarism" source_length="203" source_offset="20857" source_reference="wiki_34_BJ_13.txt" this_length="208" this_offset="32576"/>
	<feature name="plagiarism" source_length="87" source_offset="1560" source_reference="wiki_60_BC_23.txt" this_length="90" this_offset="33032"/>
	<feature name="plagiarism" source_length="172" source_offset="13814" source_reference="wiki_55_AC_3.txt" this_length="206" this_offset="33122"/>
	<feature name="plagiarism" source_length="218" source_offset="9155" source_reference="wiki_63_BD_40.txt" this_length="228" this_offset="33411"/>
	<feature name="plagiarism" source_length="81" source_offset="57728" source_reference="wiki_79_AK_24.txt" this_length="70" this_offset="34142"/>
	<feature name="plagiarism" source_length="341" source_offset="14569" source_reference="wiki_63_BD_40.txt" this_length="164" this_offset="34647"/>
	<feature name="plagiarism" source_length="134" source_offset="22861" source_reference="wiki_55_AC_3.txt" this_length="143" this_offset="34980"/>
	<feature name="plagiarism" source_length="209" source_offset="40633" source_reference="wiki_63_BD_40.txt" this_length="238" this_offset="35247"/>
	<feature name="plagiarism" source_length="106" source_offset="10336" source_reference="wiki_60_BC_23.txt" this_length="93" this_offset="35512"/>
	<feature name="plagiarism" source_length="187" source_offset="53028" source_reference="wiki_63_BD_40.txt" this_length="220" this_offset="35605"/>
	<feature name="plagiarism" source_length="206" source_offset="23270" source_reference="wiki_63_BD_40.txt" this_length="205" this_offset="36173"/>
	<feature name="plagiarism" source_length="59" source_offset="62974" source_reference="wiki_79_AK_24.txt" this_length="52" this_offset="36378"/>
	<feature name="plagiarism" source_length="161" source_offset="6644" source_reference="wiki_70_AB_3.txt" this_length="171" this_offset="37221"/>
	<feature name="plagiarism" source_length="160" source_offset="58613" source_reference="wiki_79_AK_24.txt" this_length="146" this_offset="37659"/>
</document>
