<?xml version="1.0" ?>
<document reference="wiki_83_CC_28.txt">
	<feature name="plagiarism" source_length="70" source_offset="11784" source_reference="wiki_89_BC_13.txt" this_length="61" this_offset="21"/>
	<feature name="plagiarism" source_length="120" source_offset="45910" source_reference="wiki_89_BC_13.txt" this_length="113" this_offset="82"/>
	<feature name="plagiarism" source_length="271" source_offset="11894" source_reference="wiki_89_BC_13.txt" this_length="273" this_offset="229"/>
	<feature name="plagiarism" source_length="328" source_offset="27733" source_reference="wiki_89_BC_13.txt" this_length="315" this_offset="514"/>
	<feature name="plagiarism" source_length="143" source_offset="44606" source_reference="wiki_89_BC_13.txt" this_length="136" this_offset="1095"/>
	<feature name="plagiarism" source_length="169" source_offset="15814" source_reference="wiki_89_BC_13.txt" this_length="177" this_offset="1496"/>
	<feature name="plagiarism" source_length="142" source_offset="10202" source_reference="wiki_89_BC_13.txt" this_length="156" this_offset="1673"/>
	<feature name="plagiarism" source_length="117" source_offset="14387" source_reference="wiki_89_BC_13.txt" this_length="105" this_offset="2333"/>
	<feature name="plagiarism" source_length="180" source_offset="4974" source_reference="wiki_89_BC_13.txt" this_length="167" this_offset="2601"/>
	<feature name="plagiarism" source_length="167" source_offset="30459" source_reference="wiki_89_BC_13.txt" this_length="167" this_offset="2768"/>
	<feature name="plagiarism" source_length="115" source_offset="2720" source_reference="wiki_89_BC_13.txt" this_length="121" this_offset="2935"/>
	<feature name="plagiarism" source_length="78" source_offset="46866" source_reference="wiki_89_BC_13.txt" this_length="77" this_offset="3056"/>
	<feature name="plagiarism" source_length="119" source_offset="19341" source_reference="wiki_89_BC_13.txt" this_length="123" this_offset="3133"/>
	<feature name="plagiarism" source_length="160" source_offset="20137" source_reference="wiki_89_BC_13.txt" this_length="149" this_offset="3256"/>
	<feature name="plagiarism" source_length="89" source_offset="19251" source_reference="wiki_89_BC_13.txt" this_length="86" this_offset="3639"/>
	<feature name="plagiarism" source_length="164" source_offset="32331" source_reference="wiki_89_BC_13.txt" this_length="220" this_offset="3725"/>
	<feature name="plagiarism" source_length="170" source_offset="50398" source_reference="wiki_89_BC_13.txt" this_length="212" this_offset="4109"/>
	<feature name="plagiarism" source_length="242" source_offset="8098" source_reference="wiki_89_BC_13.txt" this_length="278" this_offset="4321"/>
	<feature name="plagiarism" source_length="155" source_offset="190" source_reference="wiki_89_BC_13.txt" this_length="171" this_offset="4751"/>
	<feature name="plagiarism" source_length="191" source_offset="18035" source_reference="wiki_89_BC_13.txt" this_length="191" this_offset="4922"/>
	<feature name="plagiarism" source_length="91" source_offset="46729" source_reference="wiki_89_BC_13.txt" this_length="102" this_offset="5170"/>
	<feature name="plagiarism" source_length="219" source_offset="27514" source_reference="wiki_89_BC_13.txt" this_length="232" this_offset="5272"/>
	<feature name="plagiarism" source_length="121" source_offset="10504" source_reference="wiki_89_BC_13.txt" this_length="118" this_offset="5681"/>
	<feature name="plagiarism" source_length="269" source_offset="1763" source_reference="wiki_89_BC_13.txt" this_length="283" this_offset="6263"/>
	<feature name="plagiarism" source_length="95" source_offset="8882" source_reference="wiki_89_BC_13.txt" this_length="98" this_offset="6546"/>
	<feature name="plagiarism" source_length="178" source_offset="46313" source_reference="wiki_89_BC_13.txt" this_length="193" this_offset="6766"/>
	<feature name="plagiarism" source_length="48" source_offset="5662" source_reference="wiki_89_BC_13.txt" this_length="53" this_offset="7037"/>
	<feature name="plagiarism" source_length="102" source_offset="55299" source_reference="wiki_89_BC_13.txt" this_length="109" this_offset="7090"/>
	<feature name="plagiarism" source_length="146" source_offset="33483" source_reference="wiki_89_BC_13.txt" this_length="167" this_offset="7199"/>
	<feature name="plagiarism" source_length="195" source_offset="2525" source_reference="wiki_89_BC_13.txt" this_length="202" this_offset="7366"/>
	<feature name="plagiarism" source_length="106" source_offset="27100" source_reference="wiki_89_BC_13.txt" this_length="118" this_offset="7568"/>
	<feature name="plagiarism" source_length="121" source_offset="34920" source_reference="wiki_89_BC_13.txt" this_length="129" this_offset="7686"/>
	<feature name="plagiarism" source_length="52" source_offset="52386" source_reference="wiki_89_BC_13.txt" this_length="68" this_offset="7815"/>
	<feature name="plagiarism" source_length="199" source_offset="11584" source_reference="wiki_89_BC_13.txt" this_length="214" this_offset="8053"/>
	<feature name="plagiarism" source_length="85" source_offset="49557" source_reference="wiki_89_BC_13.txt" this_length="78" this_offset="8443"/>
	<feature name="plagiarism" source_length="58" source_offset="28330" source_reference="wiki_89_BC_13.txt" this_length="46" this_offset="8521"/>
	<feature name="plagiarism" source_length="109" source_offset="29305" source_reference="wiki_89_BC_13.txt" this_length="113" this_offset="8620"/>
	<feature name="plagiarism" source_length="88" source_offset="26135" source_reference="wiki_89_BC_13.txt" this_length="87" this_offset="8733"/>
	<feature name="plagiarism" source_length="151" source_offset="6559" source_reference="wiki_89_BC_13.txt" this_length="145" this_offset="8820"/>
	<feature name="plagiarism" source_length="162" source_offset="43976" source_reference="wiki_89_BC_13.txt" this_length="175" this_offset="8965"/>
	<feature name="plagiarism" source_length="104" source_offset="51651" source_reference="wiki_89_BC_13.txt" this_length="101" this_offset="9140"/>
	<feature name="plagiarism" source_length="73" source_offset="44798" source_reference="wiki_89_BC_13.txt" this_length="78" this_offset="9241"/>
	<feature name="plagiarism" source_length="373" source_offset="23888" source_reference="wiki_89_BC_13.txt" this_length="426" this_offset="9750"/>
	<feature name="plagiarism" source_length="88" source_offset="18417" source_reference="wiki_89_BC_13.txt" this_length="95" this_offset="10176"/>
	<feature name="plagiarism" source_length="129" source_offset="4458" source_reference="wiki_89_BC_13.txt" this_length="141" this_offset="10308"/>
	<feature name="plagiarism" source_length="97" source_offset="12817" source_reference="wiki_89_BC_13.txt" this_length="102" this_offset="10534"/>
	<feature name="plagiarism" source_length="42" source_offset="28288" source_reference="wiki_89_BC_13.txt" this_length="47" this_offset="10636"/>
	<feature name="plagiarism" source_length="133" source_offset="21559" source_reference="wiki_89_BC_13.txt" this_length="155" this_offset="10683"/>
	<feature name="plagiarism" source_length="97" source_offset="53847" source_reference="wiki_89_BC_13.txt" this_length="101" this_offset="10838"/>
	<feature name="plagiarism" source_length="99" source_offset="2335" source_reference="wiki_89_BC_13.txt" this_length="112" this_offset="10939"/>
	<feature name="plagiarism" source_length="118" source_offset="54006" source_reference="wiki_89_BC_13.txt" this_length="133" this_offset="11051"/>
	<feature name="plagiarism" source_length="103" source_offset="42796" source_reference="wiki_89_BC_13.txt" this_length="112" this_offset="11243"/>
	<feature name="plagiarism" source_length="96" source_offset="20297" source_reference="wiki_89_BC_13.txt" this_length="98" this_offset="11355"/>
	<feature name="plagiarism" source_length="165" source_offset="33317" source_reference="wiki_89_BC_13.txt" this_length="175" this_offset="11453"/>
	<feature name="plagiarism" source_length="127" source_offset="40123" source_reference="wiki_89_BC_13.txt" this_length="137" this_offset="11628"/>
	<feature name="plagiarism" source_length="172" source_offset="44871" source_reference="wiki_89_BC_13.txt" this_length="196" this_offset="11919"/>
	<feature name="plagiarism" source_length="189" source_offset="8693" source_reference="wiki_89_BC_13.txt" this_length="204" this_offset="12115"/>
	<feature name="plagiarism" source_length="182" source_offset="8340" source_reference="wiki_89_BC_13.txt" this_length="201" this_offset="12966"/>
	<feature name="plagiarism" source_length="50" source_offset="46030" source_reference="wiki_89_BC_13.txt" this_length="48" this_offset="13258"/>
	<feature name="plagiarism" source_length="135" source_offset="10067" source_reference="wiki_89_BC_13.txt" this_length="159" this_offset="13306"/>
	<feature name="plagiarism" source_length="171" source_offset="36439" source_reference="wiki_89_BC_13.txt" this_length="170" this_offset="13743"/>
	<feature name="plagiarism" source_length="130" source_offset="34701" source_reference="wiki_89_BC_13.txt" this_length="115" this_offset="14308"/>
	<feature name="plagiarism" source_length="93" source_offset="27421" source_reference="wiki_89_BC_13.txt" this_length="85" this_offset="14423"/>
	<feature name="plagiarism" source_length="111" source_offset="7470" source_reference="wiki_89_BC_13.txt" this_length="95" this_offset="14508"/>
	<feature name="plagiarism" source_length="71" source_offset="18226" source_reference="wiki_89_BC_13.txt" this_length="85" this_offset="14603"/>
	<feature name="plagiarism" source_length="104" source_offset="49746" source_reference="wiki_89_BC_13.txt" this_length="102" this_offset="14688"/>
	<feature name="plagiarism" source_length="74" source_offset="41494" source_reference="wiki_89_BC_13.txt" this_length="82" this_offset="14790"/>
	<feature name="plagiarism" source_length="139" source_offset="13815" source_reference="wiki_89_BC_13.txt" this_length="128" this_offset="14902"/>
	<feature name="plagiarism" source_length="232" source_offset="35343" source_reference="wiki_89_BC_13.txt" this_length="276" this_offset="15030"/>
	<feature name="plagiarism" source_length="173" source_offset="40486" source_reference="wiki_89_BC_13.txt" this_length="173" this_offset="15659"/>
</document>
