<?xml version="1.0" ?>
<document reference="wiki_30_BN_3.txt">
	<feature name="plagiarism" source_length="217" source_offset="32023" source_reference="wiki_10_BA_28.txt" this_length="221" this_offset="222"/>
	<feature name="plagiarism" source_length="201" source_offset="24087" source_reference="wiki_10_BA_28.txt" this_length="198" this_offset="1569"/>
	<feature name="plagiarism" source_length="129" source_offset="8409" source_reference="wiki_16_AH_22.txt" this_length="127" this_offset="2021"/>
	<feature name="plagiarism" source_length="235" source_offset="55835" source_reference="wiki_10_BA_28.txt" this_length="233" this_offset="2210"/>
	<feature name="plagiarism" source_length="183" source_offset="1396" source_reference="wiki_10_BA_28.txt" this_length="186" this_offset="2443"/>
	<feature name="plagiarism" source_length="119" source_offset="14896" source_reference="wiki_16_AH_22.txt" this_length="101" this_offset="2629"/>
	<feature name="plagiarism" source_length="112" source_offset="42615" source_reference="wiki_57_BC_64.txt" this_length="151" this_offset="2730"/>
	<feature name="plagiarism" source_length="161" source_offset="9004" source_reference="wiki_16_AH_22.txt" this_length="154" this_offset="2881"/>
	<feature name="plagiarism" source_length="153" source_offset="6039" source_reference="wiki_81_BC_58.txt" this_length="175" this_offset="3682"/>
	<feature name="plagiarism" source_length="123" source_offset="21046" source_reference="wiki_16_AH_22.txt" this_length="119" this_offset="4010"/>
	<feature name="plagiarism" source_length="93" source_offset="7130" source_reference="wiki_81_BC_58.txt" this_length="123" this_offset="4475"/>
	<feature name="plagiarism" source_length="78" source_offset="30841" source_reference="wiki_63_BC_23.txt" this_length="78" this_offset="4803"/>
</document>
