<?xml version="1.0" ?>
<document reference="wiki_07_AP_21.txt">
	<feature name="plagiarism" source_length="195" source_offset="32085" source_reference="wiki_37_BH_29.txt" this_length="237" this_offset="1275"/>
	<feature name="plagiarism" source_length="153" source_offset="4812" source_reference="wiki_37_BH_29.txt" this_length="166" this_offset="2737"/>
	<feature name="plagiarism" source_length="149" source_offset="5568" source_reference="wiki_37_BH_29.txt" this_length="156" this_offset="3071"/>
	<feature name="plagiarism" source_length="138" source_offset="3626" source_reference="wiki_22_AD_16.txt" this_length="142" this_offset="3227"/>
	<feature name="plagiarism" source_length="212" source_offset="6092" source_reference="wiki_37_BH_29.txt" this_length="216" this_offset="3369"/>
	<feature name="plagiarism" source_length="115" source_offset="21506" source_reference="wiki_22_AD_16.txt" this_length="118" this_offset="3672"/>
	<feature name="plagiarism" source_length="105" source_offset="9622" source_reference="wiki_37_BH_29.txt" this_length="111" this_offset="4018"/>
	<feature name="plagiarism" source_length="148" source_offset="31300" source_reference="wiki_37_BH_29.txt" this_length="163" this_offset="4748"/>
	<feature name="plagiarism" source_length="88" source_offset="4169" source_reference="wiki_37_BH_29.txt" this_length="94" this_offset="5404"/>
	<feature name="plagiarism" source_length="165" source_offset="13706" source_reference="wiki_37_BH_29.txt" this_length="182" this_offset="5854"/>
</document>
