<?xml version="1.0" ?>
<document reference="wiki_52_AY_29.txt">
	<feature name="plagiarism" source_length="115" source_offset="11413" source_reference="wiki_08_AL_51.txt" this_length="96" this_offset="14"/>
	<feature name="plagiarism" source_length="71" source_offset="31766" source_reference="wiki_49_BF_27.txt" this_length="71" this_offset="533"/>
	<feature name="plagiarism" source_length="273" source_offset="18600" source_reference="wiki_49_BF_27.txt" this_length="199" this_offset="866"/>
	<feature name="plagiarism" source_length="223" source_offset="25702" source_reference="wiki_49_BF_27.txt" this_length="234" this_offset="1065"/>
	<feature name="plagiarism" source_length="104" source_offset="4290" source_reference="wiki_49_BF_27.txt" this_length="114" this_offset="1299"/>
	<feature name="plagiarism" source_length="124" source_offset="21866" source_reference="wiki_49_BF_27.txt" this_length="152" this_offset="1565"/>
	<feature name="plagiarism" source_length="111" source_offset="3061" source_reference="wiki_49_BF_27.txt" this_length="128" this_offset="1971"/>
	<feature name="plagiarism" source_length="186" source_offset="10478" source_reference="wiki_49_BF_27.txt" this_length="211" this_offset="2099"/>
	<feature name="plagiarism" source_length="154" source_offset="28268" source_reference="wiki_49_BF_27.txt" this_length="161" this_offset="2310"/>
	<feature name="plagiarism" source_length="160" source_offset="3450" source_reference="wiki_08_AL_51.txt" this_length="182" this_offset="2625"/>
	<feature name="plagiarism" source_length="88" source_offset="1060" source_reference="wiki_08_AL_51.txt" this_length="103" this_offset="2833"/>
	<feature name="plagiarism" source_length="76" source_offset="25925" source_reference="wiki_49_BF_27.txt" this_length="79" this_offset="2936"/>
	<feature name="plagiarism" source_length="140" source_offset="7755" source_reference="wiki_08_AL_51.txt" this_length="150" this_offset="3015"/>
	<feature name="plagiarism" source_length="95" source_offset="4671" source_reference="wiki_08_AL_51.txt" this_length="97" this_offset="3481"/>
	<feature name="plagiarism" source_length="114" source_offset="39653" source_reference="wiki_49_BF_27.txt" this_length="128" this_offset="4083"/>
	<feature name="plagiarism" source_length="110" source_offset="28835" source_reference="wiki_49_BF_27.txt" this_length="130" this_offset="4211"/>
	<feature name="plagiarism" source_length="152" source_offset="10054" source_reference="wiki_08_AL_51.txt" this_length="126" this_offset="4341"/>
	<feature name="plagiarism" source_length="228" source_offset="19774" source_reference="wiki_49_BF_27.txt" this_length="253" this_offset="4619"/>
	<feature name="plagiarism" source_length="186" source_offset="20821" source_reference="wiki_49_BF_27.txt" this_length="197" this_offset="5555"/>
	<feature name="plagiarism" source_length="110" source_offset="16351" source_reference="wiki_08_AL_51.txt" this_length="129" this_offset="5752"/>
	<feature name="plagiarism" source_length="153" source_offset="6041" source_reference="wiki_49_BF_27.txt" this_length="136" this_offset="5881"/>
	<feature name="plagiarism" source_length="189" source_offset="13880" source_reference="wiki_49_BF_27.txt" this_length="210" this_offset="6300"/>
	<feature name="plagiarism" source_length="201" source_offset="14695" source_reference="wiki_08_AL_51.txt" this_length="225" this_offset="6510"/>
	<feature name="plagiarism" source_length="126" source_offset="37081" source_reference="wiki_49_BF_27.txt" this_length="94" this_offset="6873"/>
	<feature name="plagiarism" source_length="291" source_offset="11257" source_reference="wiki_49_BF_27.txt" this_length="319" this_offset="6967"/>
	<feature name="plagiarism" source_length="70" source_offset="22159" source_reference="wiki_49_BF_27.txt" this_length="74" this_offset="7286"/>
	<feature name="plagiarism" source_length="211" source_offset="11046" source_reference="wiki_49_BF_27.txt" this_length="238" this_offset="7360"/>
	<feature name="plagiarism" source_length="125" source_offset="22229" source_reference="wiki_49_BF_27.txt" this_length="128" this_offset="7598"/>
	<feature name="plagiarism" source_length="49" source_offset="6969" source_reference="wiki_08_AL_51.txt" this_length="56" this_offset="7726"/>
	<feature name="plagiarism" source_length="64" source_offset="5660" source_reference="wiki_49_BF_27.txt" this_length="67" this_offset="7782"/>
	<feature name="plagiarism" source_length="181" source_offset="28586" source_reference="wiki_49_BF_27.txt" this_length="175" this_offset="7913"/>
	<feature name="plagiarism" source_length="204" source_offset="16479" source_reference="wiki_49_BF_27.txt" this_length="211" this_offset="8088"/>
	<feature name="plagiarism" source_length="193" source_offset="3004" source_reference="wiki_08_AL_51.txt" this_length="206" this_offset="8299"/>
	<feature name="plagiarism" source_length="64" source_offset="12054" source_reference="wiki_08_AL_51.txt" this_length="73" this_offset="8505"/>
	<feature name="plagiarism" source_length="168" source_offset="13425" source_reference="wiki_08_AL_51.txt" this_length="149" this_offset="8593"/>
	<feature name="plagiarism" source_length="77" source_offset="13536" source_reference="wiki_49_BF_27.txt" this_length="92" this_offset="9127"/>
	<feature name="plagiarism" source_length="53" source_offset="3281" source_reference="wiki_08_AL_51.txt" this_length="49" this_offset="9219"/>
	<feature name="plagiarism" source_length="193" source_offset="7490" source_reference="wiki_08_AL_51.txt" this_length="195" this_offset="9394"/>
	<feature name="plagiarism" source_length="209" source_offset="17928" source_reference="wiki_49_BF_27.txt" this_length="216" this_offset="9792"/>
	<feature name="plagiarism" source_length="218" source_offset="10292" source_reference="wiki_08_AL_51.txt" this_length="215" this_offset="10008"/>
	<feature name="plagiarism" source_length="102" source_offset="9444" source_reference="wiki_08_AL_51.txt" this_length="115" this_offset="10223"/>
	<feature name="plagiarism" source_length="96" source_offset="35642" source_reference="wiki_49_BF_27.txt" this_length="99" this_offset="10449"/>
	<feature name="plagiarism" source_length="170" source_offset="25490" source_reference="wiki_49_BF_27.txt" this_length="177" this_offset="10548"/>
	<feature name="plagiarism" source_length="187" source_offset="26430" source_reference="wiki_49_BF_27.txt" this_length="196" this_offset="10776"/>
	<feature name="plagiarism" source_length="384" source_offset="4767" source_reference="wiki_08_AL_51.txt" this_length="411" this_offset="11155"/>
	<feature name="plagiarism" source_length="132" source_offset="23826" source_reference="wiki_49_BF_27.txt" this_length="164" this_offset="11677"/>
	<feature name="plagiarism" source_length="132" source_offset="40325" source_reference="wiki_49_BF_27.txt" this_length="152" this_offset="11841"/>
</document>
