<?xml version="1.0" ?>
<document reference="wiki_98_BS_11.txt">
	<feature name="plagiarism" source_length="147" source_offset="36098" source_reference="wiki_28_AB_10.txt" this_length="176" this_offset="12"/>
	<feature name="plagiarism" source_length="94" source_offset="17076" source_reference="wiki_91_BB_41.txt" this_length="110" this_offset="188"/>
	<feature name="plagiarism" source_length="113" source_offset="15710" source_reference="wiki_21_AL_25.txt" this_length="104" this_offset="485"/>
	<feature name="plagiarism" source_length="87" source_offset="5275" source_reference="wiki_91_BB_41.txt" this_length="102" this_offset="1077"/>
	<feature name="plagiarism" source_length="91" source_offset="6240" source_reference="wiki_21_AL_25.txt" this_length="93" this_offset="1179"/>
	<feature name="plagiarism" source_length="180" source_offset="69001" source_reference="wiki_28_AB_10.txt" this_length="193" this_offset="1272"/>
	<feature name="plagiarism" source_length="154" source_offset="46215" source_reference="wiki_91_BB_41.txt" this_length="176" this_offset="2054"/>
	<feature name="plagiarism" source_length="77" source_offset="21916" source_reference="wiki_18_AA_49.txt" this_length="78" this_offset="4526"/>
	<feature name="plagiarism" source_length="158" source_offset="7707" source_reference="wiki_57_BC_64.txt" this_length="156" this_offset="4604"/>
	<feature name="plagiarism" source_length="135" source_offset="9547" source_reference="wiki_71_AQ_8.txt" this_length="147" this_offset="4769"/>
	<feature name="plagiarism" source_length="117" source_offset="69287" source_reference="wiki_71_AQ_8.txt" this_length="130" this_offset="4916"/>
</document>
