<?xml version="1.0" ?>
<document reference="wiki_71_AM_46.txt">
	<feature name="plagiarism" source_length="202" source_offset="2250" source_reference="wiki_20_AP_6.txt" this_length="219" this_offset="14"/>
	<feature name="plagiarism" source_length="102" source_offset="24643" source_reference="wiki_75_AA_1.txt" this_length="102" this_offset="233"/>
	<feature name="plagiarism" source_length="68" source_offset="911" source_reference="wiki_70_AB_3.txt" this_length="59" this_offset="669"/>
	<feature name="plagiarism" source_length="456" source_offset="3182" source_reference="wiki_98_AJ_18.txt" this_length="444" this_offset="728"/>
	<feature name="plagiarism" source_length="170" source_offset="64614" source_reference="wiki_70_AB_3.txt" this_length="181" this_offset="1172"/>
	<feature name="plagiarism" source_length="212" source_offset="5795" source_reference="wiki_91_AG_20.txt" this_length="225" this_offset="1353"/>
	<feature name="plagiarism" source_length="254" source_offset="3870" source_reference="wiki_98_AJ_18.txt" this_length="299" this_offset="1578"/>
	<feature name="plagiarism" source_length="141" source_offset="69437" source_reference="wiki_70_AB_3.txt" this_length="143" this_offset="1877"/>
	<feature name="plagiarism" source_length="89" source_offset="48696" source_reference="wiki_70_AB_3.txt" this_length="87" this_offset="2221"/>
	<feature name="plagiarism" source_length="148" source_offset="38834" source_reference="wiki_70_AB_3.txt" this_length="157" this_offset="2308"/>
	<feature name="plagiarism" source_length="250" source_offset="7712" source_reference="wiki_75_AA_1.txt" this_length="263" this_offset="2465"/>
	<feature name="plagiarism" source_length="174" source_offset="31026" source_reference="wiki_29_BD_27.txt" this_length="172" this_offset="2728"/>
	<feature name="plagiarism" source_length="72" source_offset="24149" source_reference="wiki_75_AA_1.txt" this_length="82" this_offset="3248"/>
	<feature name="plagiarism" source_length="109" source_offset="31661" source_reference="wiki_75_AA_1.txt" this_length="113" this_offset="3330"/>
	<feature name="plagiarism" source_length="153" source_offset="8672" source_reference="wiki_75_AA_1.txt" this_length="204" this_offset="3443"/>
	<feature name="plagiarism" source_length="150" source_offset="1743" source_reference="wiki_91_AG_20.txt" this_length="164" this_offset="3647"/>
	<feature name="plagiarism" source_length="235" source_offset="10167" source_reference="wiki_70_AB_3.txt" this_length="197" this_offset="3811"/>
	<feature name="plagiarism" source_length="173" source_offset="71377" source_reference="wiki_75_AA_1.txt" this_length="154" this_offset="4052"/>
	<feature name="plagiarism" source_length="123" source_offset="1583" source_reference="wiki_29_BD_27.txt" this_length="120" this_offset="4683"/>
	<feature name="plagiarism" source_length="96" source_offset="12055" source_reference="wiki_29_BD_27.txt" this_length="95" this_offset="4803"/>
	<feature name="plagiarism" source_length="177" source_offset="17600" source_reference="wiki_13_AA_8.txt" this_length="206" this_offset="5254"/>
	<feature name="plagiarism" source_length="110" source_offset="62779" source_reference="wiki_70_AB_3.txt" this_length="122" this_offset="5460"/>
	<feature name="plagiarism" source_length="120" source_offset="43507" source_reference="wiki_75_AA_1.txt" this_length="153" this_offset="5582"/>
	<feature name="plagiarism" source_length="78" source_offset="76645" source_reference="wiki_13_AA_8.txt" this_length="100" this_offset="5735"/>
	<feature name="plagiarism" source_length="132" source_offset="35183" source_reference="wiki_13_AA_8.txt" this_length="130" this_offset="5835"/>
	<feature name="plagiarism" source_length="122" source_offset="7305" source_reference="wiki_91_AG_20.txt" this_length="131" this_offset="5965"/>
	<feature name="plagiarism" source_length="55" source_offset="21020" source_reference="wiki_13_AA_8.txt" this_length="55" this_offset="6123"/>
	<feature name="plagiarism" source_length="116" source_offset="70436" source_reference="wiki_70_AB_3.txt" this_length="89" this_offset="6178"/>
	<feature name="plagiarism" source_length="178" source_offset="11227" source_reference="wiki_98_AJ_18.txt" this_length="208" this_offset="7007"/>
	<feature name="plagiarism" source_length="156" source_offset="498" source_reference="wiki_91_AG_20.txt" this_length="151" this_offset="7215"/>
	<feature name="plagiarism" source_length="84" source_offset="39793" source_reference="wiki_29_BD_27.txt" this_length="94" this_offset="7366"/>
	<feature name="plagiarism" source_length="115" source_offset="34812" source_reference="wiki_29_BD_27.txt" this_length="98" this_offset="7585"/>
	<feature name="plagiarism" source_length="141" source_offset="3555" source_reference="wiki_13_AA_8.txt" this_length="176" this_offset="7683"/>
	<feature name="plagiarism" source_length="150" source_offset="2580" source_reference="wiki_98_AJ_18.txt" this_length="137" this_offset="7859"/>
	<feature name="plagiarism" source_length="119" source_offset="59310" source_reference="wiki_13_AA_8.txt" this_length="145" this_offset="7996"/>
	<feature name="plagiarism" source_length="72" source_offset="12782" source_reference="wiki_13_AA_8.txt" this_length="81" this_offset="8141"/>
	<feature name="plagiarism" source_length="157" source_offset="10803" source_reference="wiki_91_AG_20.txt" this_length="160" this_offset="8335"/>
</document>
