<?xml version="1.0" ?>
<document reference="wiki_97_BP_24.txt">
	<feature name="plagiarism" source_length="89" source_offset="10629" source_reference="wiki_20_BC_30.txt" this_length="95" this_offset="12"/>
	<feature name="plagiarism" source_length="105" source_offset="1888" source_reference="wiki_39_AR_13.txt" this_length="98" this_offset="210"/>
	<feature name="plagiarism" source_length="231" source_offset="25" source_reference="wiki_38_BB_6.txt" this_length="222" this_offset="354"/>
	<feature name="plagiarism" source_length="124" source_offset="9613" source_reference="wiki_20_BC_30.txt" this_length="174" this_offset="576"/>
	<feature name="plagiarism" source_length="231" source_offset="17068" source_reference="wiki_75_BF_21.txt" this_length="242" this_offset="750"/>
	<feature name="plagiarism" source_length="52" source_offset="9001" source_reference="wiki_75_BK_3.txt" this_length="56" this_offset="992"/>
	<feature name="plagiarism" source_length="98" source_offset="19886" source_reference="wiki_22_AZ_35.txt" this_length="106" this_offset="1446"/>
	<feature name="plagiarism" source_length="163" source_offset="10281" source_reference="wiki_75_BK_3.txt" this_length="186" this_offset="1552"/>
	<feature name="plagiarism" source_length="232" source_offset="13036" source_reference="wiki_66_AW_15.txt" this_length="264" this_offset="1738"/>
	<feature name="plagiarism" source_length="120" source_offset="94" source_reference="wiki_39_AR_13.txt" this_length="127" this_offset="2002"/>
	<feature name="plagiarism" source_length="141" source_offset="24862" source_reference="wiki_07_AI_28.txt" this_length="143" this_offset="2379"/>
	<feature name="plagiarism" source_length="129" source_offset="15171" source_reference="wiki_66_AW_15.txt" this_length="141" this_offset="2522"/>
	<feature name="plagiarism" source_length="186" source_offset="7617" source_reference="wiki_20_BC_30.txt" this_length="209" this_offset="2663"/>
	<feature name="plagiarism" source_length="89" source_offset="12953" source_reference="wiki_75_BF_21.txt" this_length="93" this_offset="3473"/>
	<feature name="plagiarism" source_length="119" source_offset="3918" source_reference="wiki_22_AZ_35.txt" this_length="131" this_offset="3829"/>
	<feature name="plagiarism" source_length="225" source_offset="3417" source_reference="wiki_22_AZ_35.txt" this_length="219" this_offset="3960"/>
	<feature name="plagiarism" source_length="447" source_offset="9583" source_reference="wiki_07_AI_28.txt" this_length="511" this_offset="4631"/>
	<feature name="plagiarism" source_length="134" source_offset="4448" source_reference="wiki_75_BF_21.txt" this_length="144" this_offset="5185"/>
	<feature name="plagiarism" source_length="100" source_offset="16356" source_reference="wiki_75_BF_21.txt" this_length="123" this_offset="5448"/>
	<feature name="plagiarism" source_length="89" source_offset="13983" source_reference="wiki_36_BA_1.txt" this_length="84" this_offset="5829"/>
	<feature name="plagiarism" source_length="148" source_offset="39145" source_reference="wiki_66_AW_15.txt" this_length="132" this_offset="5913"/>
	<feature name="plagiarism" source_length="264" source_offset="24532" source_reference="wiki_66_AW_15.txt" this_length="291" this_offset="6208"/>
	<feature name="plagiarism" source_length="105" source_offset="3528" source_reference="wiki_36_BA_1.txt" this_length="103" this_offset="6499"/>
	<feature name="plagiarism" source_length="152" source_offset="41737" source_reference="wiki_66_AW_15.txt" this_length="189" this_offset="6772"/>
	<feature name="plagiarism" source_length="89" source_offset="20178" source_reference="wiki_22_AZ_35.txt" this_length="97" this_offset="6961"/>
</document>
