<?xml version="1.0" ?>
<document reference="wiki_85_AC_46.txt">
	<feature name="plagiarism" source_length="312" source_offset="9824" source_reference="wiki_65_BB_52.txt" this_length="335" this_offset="256"/>
	<feature name="plagiarism" source_length="335" source_offset="6391" source_reference="wiki_65_BB_52.txt" this_length="374" this_offset="591"/>
	<feature name="plagiarism" source_length="93" source_offset="24092" source_reference="wiki_65_BB_52.txt" this_length="94" this_offset="1142"/>
	<feature name="plagiarism" source_length="118" source_offset="11489" source_reference="wiki_25_AA_21.txt" this_length="126" this_offset="1714"/>
	<feature name="plagiarism" source_length="118" source_offset="33702" source_reference="wiki_65_BB_52.txt" this_length="137" this_offset="4202"/>
	<feature name="plagiarism" source_length="58" source_offset="28002" source_reference="wiki_25_AA_21.txt" this_length="65" this_offset="6746"/>
	<feature name="plagiarism" source_length="163" source_offset="21429" source_reference="wiki_25_AA_21.txt" this_length="171" this_offset="7410"/>
	<feature name="plagiarism" source_length="271" source_offset="24862" source_reference="wiki_25_AA_21.txt" this_length="269" this_offset="7721"/>
	<feature name="plagiarism" source_length="127" source_offset="8252" source_reference="wiki_65_BB_52.txt" this_length="121" this_offset="8259"/>
	<feature name="plagiarism" source_length="71" source_offset="14464" source_reference="wiki_25_AA_21.txt" this_length="68" this_offset="9525"/>
	<feature name="plagiarism" source_length="180" source_offset="13161" source_reference="wiki_25_AA_21.txt" this_length="175" this_offset="9593"/>
	<feature name="plagiarism" source_length="154" source_offset="18841" source_reference="wiki_65_BB_52.txt" this_length="166" this_offset="11109"/>
	<feature name="plagiarism" source_length="154" source_offset="17006" source_reference="wiki_65_BB_52.txt" this_length="204" this_offset="12309"/>
	<feature name="plagiarism" source_length="62" source_offset="11724" source_reference="wiki_65_BB_52.txt" this_length="64" this_offset="12802"/>
	<feature name="plagiarism" source_length="228" source_offset="9289" source_reference="wiki_25_AA_21.txt" this_length="234" this_offset="13096"/>
	<feature name="plagiarism" source_length="220" source_offset="17375" source_reference="wiki_65_BB_52.txt" this_length="238" this_offset="13987"/>
	<feature name="plagiarism" source_length="131" source_offset="17888" source_reference="wiki_25_AA_21.txt" this_length="146" this_offset="15811"/>
	<feature name="plagiarism" source_length="118" source_offset="3721" source_reference="wiki_65_BB_52.txt" this_length="131" this_offset="17251"/>
	<feature name="plagiarism" source_length="131" source_offset="33840" source_reference="wiki_65_BB_52.txt" this_length="153" this_offset="18376"/>
	<feature name="plagiarism" source_length="184" source_offset="7018" source_reference="wiki_25_AA_21.txt" this_length="192" this_offset="18529"/>
	<feature name="plagiarism" source_length="142" source_offset="30052" source_reference="wiki_25_AA_21.txt" this_length="159" this_offset="18794"/>
	<feature name="plagiarism" source_length="445" source_offset="16635" source_reference="wiki_25_AA_21.txt" this_length="411" this_offset="18953"/>
	<feature name="plagiarism" source_length="138" source_offset="13022" source_reference="wiki_25_AA_21.txt" this_length="198" this_offset="19563"/>
	<feature name="plagiarism" source_length="94" source_offset="611" source_reference="wiki_25_AA_21.txt" this_length="111" this_offset="19761"/>
	<feature name="plagiarism" source_length="188" source_offset="24150" source_reference="wiki_25_AA_21.txt" this_length="183" this_offset="20299"/>
	<feature name="plagiarism" source_length="109" source_offset="7935" source_reference="wiki_25_AA_21.txt" this_length="111" this_offset="20663"/>
	<feature name="plagiarism" source_length="258" source_offset="1267" source_reference="wiki_65_BB_52.txt" this_length="285" this_offset="20774"/>
	<feature name="plagiarism" source_length="144" source_offset="17658" source_reference="wiki_25_AA_21.txt" this_length="150" this_offset="21406"/>
</document>
