<?xml version="1.0" ?>
<document reference="wiki_32_BT_2.txt">
	<feature name="plagiarism" source_length="75" source_offset="15703" source_reference="wiki_67_BF_24.txt" this_length="96" this_offset="103"/>
	<feature name="plagiarism" source_length="106" source_offset="19119" source_reference="wiki_67_BF_24.txt" this_length="125" this_offset="478"/>
	<feature name="plagiarism" source_length="274" source_offset="25750" source_reference="wiki_67_BF_24.txt" this_length="303" this_offset="665"/>
	<feature name="plagiarism" source_length="126" source_offset="23611" source_reference="wiki_67_BF_24.txt" this_length="157" this_offset="968"/>
	<feature name="plagiarism" source_length="164" source_offset="53" source_reference="wiki_67_BF_24.txt" this_length="171" this_offset="1125"/>
	<feature name="plagiarism" source_length="167" source_offset="19236" source_reference="wiki_67_BF_24.txt" this_length="179" this_offset="1296"/>
	<feature name="plagiarism" source_length="122" source_offset="13309" source_reference="wiki_67_BF_24.txt" this_length="127" this_offset="1684"/>
	<feature name="plagiarism" source_length="150" source_offset="26421" source_reference="wiki_67_BF_24.txt" this_length="151" this_offset="2046"/>
	<feature name="plagiarism" source_length="165" source_offset="14594" source_reference="wiki_67_BF_24.txt" this_length="186" this_offset="2197"/>
	<feature name="plagiarism" source_length="59" source_offset="27947" source_reference="wiki_67_BF_24.txt" this_length="51" this_offset="2383"/>
	<feature name="plagiarism" source_length="91" source_offset="714" source_reference="wiki_67_BF_24.txt" this_length="100" this_offset="2498"/>
	<feature name="plagiarism" source_length="323" source_offset="27529" source_reference="wiki_67_BF_24.txt" this_length="335" this_offset="2598"/>
	<feature name="plagiarism" source_length="127" source_offset="6770" source_reference="wiki_67_BF_24.txt" this_length="132" this_offset="2933"/>
	<feature name="plagiarism" source_length="152" source_offset="805" source_reference="wiki_67_BF_24.txt" this_length="152" this_offset="3179"/>
	<feature name="plagiarism" source_length="134" source_offset="27011" source_reference="wiki_67_BF_24.txt" this_length="132" this_offset="3450"/>
	<feature name="plagiarism" source_length="91" source_offset="6359" source_reference="wiki_67_BF_24.txt" this_length="98" this_offset="3582"/>
	<feature name="plagiarism" source_length="104" source_offset="23750" source_reference="wiki_67_BF_24.txt" this_length="121" this_offset="4073"/>
	<feature name="plagiarism" source_length="122" source_offset="2262" source_reference="wiki_67_BF_24.txt" this_length="127" this_offset="4431"/>
	<feature name="plagiarism" source_length="122" source_offset="12250" source_reference="wiki_67_BF_24.txt" this_length="116" this_offset="5116"/>
	<feature name="plagiarism" source_length="125" source_offset="29496" source_reference="wiki_67_BF_24.txt" this_length="140" this_offset="5232"/>
	<feature name="plagiarism" source_length="148" source_offset="18839" source_reference="wiki_67_BF_24.txt" this_length="167" this_offset="5422"/>
	<feature name="plagiarism" source_length="240" source_offset="5443" source_reference="wiki_67_BF_24.txt" this_length="280" this_offset="5589"/>
	<feature name="plagiarism" source_length="227" source_offset="7944" source_reference="wiki_67_BF_24.txt" this_length="243" this_offset="5869"/>
	<feature name="plagiarism" source_length="191" source_offset="3134" source_reference="wiki_67_BF_24.txt" this_length="243" this_offset="6112"/>
	<feature name="plagiarism" source_length="340" source_offset="8171" source_reference="wiki_67_BF_24.txt" this_length="348" this_offset="6355"/>
	<feature name="plagiarism" source_length="102" source_offset="20924" source_reference="wiki_67_BF_24.txt" this_length="109" this_offset="6703"/>
	<feature name="plagiarism" source_length="222" source_offset="22601" source_reference="wiki_67_BF_24.txt" this_length="247" this_offset="6812"/>
	<feature name="plagiarism" source_length="161" source_offset="20763" source_reference="wiki_67_BF_24.txt" this_length="179" this_offset="7096"/>
	<feature name="plagiarism" source_length="68" source_offset="3855" source_reference="wiki_67_BF_24.txt" this_length="58" this_offset="7275"/>
	<feature name="plagiarism" source_length="103" source_offset="957" source_reference="wiki_67_BF_24.txt" this_length="109" this_offset="7691"/>
	<feature name="plagiarism" source_length="95" source_offset="4466" source_reference="wiki_67_BF_24.txt" this_length="97" this_offset="7800"/>
	<feature name="plagiarism" source_length="129" source_offset="3005" source_reference="wiki_67_BF_24.txt" this_length="142" this_offset="8123"/>
	<feature name="plagiarism" source_length="77" source_offset="4561" source_reference="wiki_67_BF_24.txt" this_length="95" this_offset="8265"/>
	<feature name="plagiarism" source_length="236" source_offset="19861" source_reference="wiki_67_BF_24.txt" this_length="269" this_offset="8360"/>
	<feature name="plagiarism" source_length="108" source_offset="11116" source_reference="wiki_67_BF_24.txt" this_length="102" this_offset="8629"/>
	<feature name="plagiarism" source_length="150" source_offset="24650" source_reference="wiki_67_BF_24.txt" this_length="164" this_offset="8731"/>
	<feature name="plagiarism" source_length="106" source_offset="10219" source_reference="wiki_67_BF_24.txt" this_length="144" this_offset="8895"/>
	<feature name="plagiarism" source_length="171" source_offset="10656" source_reference="wiki_67_BF_24.txt" this_length="195" this_offset="9356"/>
	<feature name="plagiarism" source_length="86" source_offset="20280" source_reference="wiki_67_BF_24.txt" this_length="81" this_offset="9590"/>
	<feature name="plagiarism" source_length="103" source_offset="1060" source_reference="wiki_67_BF_24.txt" this_length="121" this_offset="9671"/>
	<feature name="plagiarism" source_length="178" source_offset="2827" source_reference="wiki_67_BF_24.txt" this_length="183" this_offset="9792"/>
	<feature name="plagiarism" source_length="230" source_offset="20366" source_reference="wiki_67_BF_24.txt" this_length="270" this_offset="9975"/>
	<feature name="plagiarism" source_length="154" source_offset="24398" source_reference="wiki_67_BF_24.txt" this_length="169" this_offset="10245"/>
	<feature name="plagiarism" source_length="86" source_offset="22900" source_reference="wiki_67_BF_24.txt" this_length="91" this_offset="10620"/>
	<feature name="plagiarism" source_length="101" source_offset="25321" source_reference="wiki_67_BF_24.txt" this_length="105" this_offset="10711"/>
	<feature name="plagiarism" source_length="143" source_offset="28006" source_reference="wiki_67_BF_24.txt" this_length="163" this_offset="10816"/>
	<feature name="plagiarism" source_length="130" source_offset="22998" source_reference="wiki_67_BF_24.txt" this_length="131" this_offset="10979"/>
	<feature name="plagiarism" source_length="285" source_offset="15779" source_reference="wiki_67_BF_24.txt" this_length="212" this_offset="11287"/>
	<feature name="plagiarism" source_length="137" source_offset="14457" source_reference="wiki_67_BF_24.txt" this_length="152" this_offset="11499"/>
	<feature name="plagiarism" source_length="127" source_offset="25422" source_reference="wiki_67_BF_24.txt" this_length="145" this_offset="11651"/>
	<feature name="plagiarism" source_length="123" source_offset="17524" source_reference="wiki_67_BF_24.txt" this_length="134" this_offset="11796"/>
	<feature name="plagiarism" source_length="119" source_offset="14241" source_reference="wiki_67_BF_24.txt" this_length="116" this_offset="12174"/>
	<feature name="plagiarism" source_length="129" source_offset="22472" source_reference="wiki_67_BF_24.txt" this_length="171" this_offset="12290"/>
	<feature name="plagiarism" source_length="83" source_offset="6450" source_reference="wiki_67_BF_24.txt" this_length="75" this_offset="12461"/>
	<feature name="plagiarism" source_length="201" source_offset="21972" source_reference="wiki_67_BF_24.txt" this_length="219" this_offset="12536"/>
	<feature name="plagiarism" source_length="157" source_offset="518" source_reference="wiki_67_BF_24.txt" this_length="162" this_offset="12755"/>
	<feature name="plagiarism" source_length="58" source_offset="19803" source_reference="wiki_67_BF_24.txt" this_length="62" this_offset="12948"/>
	<feature name="plagiarism" source_length="199" source_offset="26572" source_reference="wiki_67_BF_24.txt" this_length="239" this_offset="13010"/>
	<feature name="plagiarism" source_length="181" source_offset="21781" source_reference="wiki_67_BF_24.txt" this_length="223" this_offset="13249"/>
</document>
