<?xml version="1.0" ?>
<document reference="wiki_49_CB_28.txt">
	<feature name="plagiarism" source_length="102" source_offset="89332" source_reference="wiki_78_AK_26.txt" this_length="119" this_offset="51"/>
	<feature name="plagiarism" source_length="172" source_offset="11074" source_reference="wiki_15_BF_10.txt" this_length="171" this_offset="170"/>
	<feature name="plagiarism" source_length="125" source_offset="29496" source_reference="wiki_67_BF_24.txt" this_length="139" this_offset="341"/>
	<feature name="plagiarism" source_length="242" source_offset="47283" source_reference="wiki_78_AK_26.txt" this_length="288" this_offset="480"/>
	<feature name="plagiarism" source_length="301" source_offset="3935" source_reference="wiki_49_AM_27.txt" this_length="182" this_offset="802"/>
	<feature name="plagiarism" source_length="126" source_offset="5779" source_reference="wiki_78_AK_26.txt" this_length="148" this_offset="984"/>
	<feature name="plagiarism" source_length="76" source_offset="7730" source_reference="wiki_06_AD_38.txt" this_length="75" this_offset="1132"/>
	<feature name="plagiarism" source_length="274" source_offset="25750" source_reference="wiki_67_BF_24.txt" this_length="303" this_offset="1207"/>
	<feature name="plagiarism" source_length="267" source_offset="8586" source_reference="wiki_06_AD_38.txt" this_length="304" this_offset="1557"/>
	<feature name="plagiarism" source_length="81" source_offset="30957" source_reference="wiki_78_AK_26.txt" this_length="75" this_offset="1861"/>
	<feature name="plagiarism" source_length="160" source_offset="15354" source_reference="wiki_15_BF_10.txt" this_length="170" this_offset="1936"/>
	<feature name="plagiarism" source_length="164" source_offset="53" source_reference="wiki_67_BF_24.txt" this_length="171" this_offset="2106"/>
	<feature name="plagiarism" source_length="68" source_offset="3855" source_reference="wiki_67_BF_24.txt" this_length="59" this_offset="2277"/>
	<feature name="plagiarism" source_length="136" source_offset="31532" source_reference="wiki_78_AK_26.txt" this_length="146" this_offset="6092"/>
</document>
