<?xml version="1.0" ?>
<document reference="wiki_34_CE_29.txt">
	<feature name="plagiarism" source_length="189" source_offset="42272" source_reference="wiki_04_AP_58.txt" this_length="226" this_offset="0"/>
	<feature name="plagiarism" source_length="121" source_offset="7278" source_reference="wiki_36_AM_58.txt" this_length="128" this_offset="226"/>
	<feature name="plagiarism" source_length="248" source_offset="83231" source_reference="wiki_65_AA_1.txt" this_length="296" this_offset="480"/>
	<feature name="plagiarism" source_length="115" source_offset="40534" source_reference="wiki_98_BK_44.txt" this_length="118" this_offset="1123"/>
	<feature name="plagiarism" source_length="206" source_offset="75611" source_reference="wiki_36_AM_58.txt" this_length="209" this_offset="1241"/>
	<feature name="plagiarism" source_length="117" source_offset="46007" source_reference="wiki_04_AP_58.txt" this_length="129" this_offset="1582"/>
	<feature name="plagiarism" source_length="115" source_offset="22184" source_reference="wiki_65_AA_1.txt" this_length="105" this_offset="1966"/>
	<feature name="plagiarism" source_length="220" source_offset="69009" source_reference="wiki_36_AM_58.txt" this_length="209" this_offset="2071"/>
	<feature name="plagiarism" source_length="200" source_offset="31856" source_reference="wiki_98_BK_44.txt" this_length="213" this_offset="2280"/>
	<feature name="plagiarism" source_length="67" source_offset="14735" source_reference="wiki_98_BK_44.txt" this_length="75" this_offset="2595"/>
	<feature name="plagiarism" source_length="92" source_offset="51829" source_reference="wiki_65_AA_1.txt" this_length="103" this_offset="2670"/>
	<feature name="plagiarism" source_length="80" source_offset="71201" source_reference="wiki_36_AM_58.txt" this_length="108" this_offset="2773"/>
	<feature name="plagiarism" source_length="93" source_offset="80529" source_reference="wiki_65_AA_1.txt" this_length="76" this_offset="3472"/>
	<feature name="plagiarism" source_length="235" source_offset="42036" source_reference="wiki_04_AP_58.txt" this_length="260" this_offset="3879"/>
	<feature name="plagiarism" source_length="69" source_offset="2874" source_reference="wiki_63_BD_27.txt" this_length="90" this_offset="4139"/>
	<feature name="plagiarism" source_length="226" source_offset="26579" source_reference="wiki_64_BC_1.txt" this_length="224" this_offset="4557"/>
	<feature name="plagiarism" source_length="110" source_offset="12233" source_reference="wiki_98_BK_44.txt" this_length="112" this_offset="4781"/>
	<feature name="plagiarism" source_length="142" source_offset="6335" source_reference="wiki_64_BC_1.txt" this_length="151" this_offset="5104"/>
	<feature name="plagiarism" source_length="62" source_offset="34359" source_reference="wiki_98_BK_44.txt" this_length="68" this_offset="5255"/>
	<feature name="plagiarism" source_length="168" source_offset="509" source_reference="wiki_64_BC_1.txt" this_length="177" this_offset="5323"/>
	<feature name="plagiarism" source_length="170" source_offset="61896" source_reference="wiki_36_AM_58.txt" this_length="177" this_offset="5500"/>
	<feature name="plagiarism" source_length="238" source_offset="10976" source_reference="wiki_65_AA_1.txt" this_length="264" this_offset="5677"/>
	<feature name="plagiarism" source_length="164" source_offset="22425" source_reference="wiki_18_BC_47.txt" this_length="205" this_offset="6099"/>
	<feature name="plagiarism" source_length="115" source_offset="30438" source_reference="wiki_64_BC_1.txt" this_length="110" this_offset="6515"/>
	<feature name="plagiarism" source_length="109" source_offset="12889" source_reference="wiki_04_AP_58.txt" this_length="131" this_offset="7228"/>
	<feature name="plagiarism" source_length="107" source_offset="68868" source_reference="wiki_65_AA_1.txt" this_length="113" this_offset="7390"/>
	<feature name="plagiarism" source_length="135" source_offset="29178" source_reference="wiki_18_BC_47.txt" this_length="146" this_offset="7640"/>
	<feature name="plagiarism" source_length="82" source_offset="61499" source_reference="wiki_18_BC_47.txt" this_length="95" this_offset="7786"/>
	<feature name="plagiarism" source_length="252" source_offset="7700" source_reference="wiki_63_BD_27.txt" this_length="279" this_offset="8118"/>
	<feature name="plagiarism" source_length="377" source_offset="959" source_reference="wiki_36_AM_58.txt" this_length="424" this_offset="8397"/>
	<feature name="plagiarism" source_length="140" source_offset="13351" source_reference="wiki_18_BC_47.txt" this_length="171" this_offset="8953"/>
</document>
