<?xml version="1.0" ?>
<document reference="wiki_48_AD_18.txt">
	<feature name="plagiarism" source_length="226" source_offset="861" source_reference="wiki_02_BH_18.txt" this_length="241" this_offset="18"/>
	<feature name="plagiarism" source_length="71" source_offset="15584" source_reference="wiki_02_BH_18.txt" this_length="84" this_offset="259"/>
	<feature name="plagiarism" source_length="49" source_offset="4530" source_reference="wiki_74_AK_39.txt" this_length="50" this_offset="557"/>
	<feature name="plagiarism" source_length="144" source_offset="48767" source_reference="wiki_74_AK_39.txt" this_length="163" this_offset="763"/>
	<feature name="plagiarism" source_length="77" source_offset="39623" source_reference="wiki_02_BH_18.txt" this_length="83" this_offset="1043"/>
	<feature name="plagiarism" source_length="483" source_offset="18597" source_reference="wiki_44_BD_7.txt" this_length="583" this_offset="1126"/>
	<feature name="plagiarism" source_length="96" source_offset="39761" source_reference="wiki_00_BJ_33.txt" this_length="134" this_offset="2036"/>
	<feature name="plagiarism" source_length="202" source_offset="28265" source_reference="wiki_44_BD_7.txt" this_length="201" this_offset="2170"/>
	<feature name="plagiarism" source_length="74" source_offset="45813" source_reference="wiki_00_BJ_33.txt" this_length="106" this_offset="2559"/>
	<feature name="plagiarism" source_length="66" source_offset="12762" source_reference="wiki_02_BH_18.txt" this_length="63" this_offset="2836"/>
	<feature name="plagiarism" source_length="81" source_offset="47538" source_reference="wiki_00_BJ_33.txt" this_length="86" this_offset="3332"/>
	<feature name="plagiarism" source_length="110" source_offset="25752" source_reference="wiki_74_AK_39.txt" this_length="107" this_offset="3418"/>
	<feature name="plagiarism" source_length="256" source_offset="30412" source_reference="wiki_04_AD_26.txt" this_length="264" this_offset="3851"/>
	<feature name="plagiarism" source_length="117" source_offset="23636" source_reference="wiki_44_BD_7.txt" this_length="114" this_offset="4250"/>
	<feature name="plagiarism" source_length="154" source_offset="43492" source_reference="wiki_00_BJ_33.txt" this_length="211" this_offset="4472"/>
	<feature name="plagiarism" source_length="108" source_offset="56601" source_reference="wiki_74_AK_39.txt" this_length="94" this_offset="4735"/>
	<feature name="plagiarism" source_length="142" source_offset="37600" source_reference="wiki_00_BJ_33.txt" this_length="186" this_offset="5714"/>
	<feature name="plagiarism" source_length="172" source_offset="44899" source_reference="wiki_74_AK_39.txt" this_length="201" this_offset="6290"/>
	<feature name="plagiarism" source_length="73" source_offset="38785" source_reference="wiki_00_BJ_33.txt" this_length="76" this_offset="6495"/>
	<feature name="plagiarism" source_length="307" source_offset="36719" source_reference="wiki_00_BJ_33.txt" this_length="311" this_offset="6889"/>
	<feature name="plagiarism" source_length="116" source_offset="3480" source_reference="wiki_02_BH_18.txt" this_length="120" this_offset="7200"/>
	<feature name="plagiarism" source_length="138" source_offset="22875" source_reference="wiki_02_BH_18.txt" this_length="134" this_offset="7382"/>
	<feature name="plagiarism" source_length="193" source_offset="307" source_reference="wiki_74_AK_39.txt" this_length="218" this_offset="7622"/>
	<feature name="plagiarism" source_length="151" source_offset="22066" source_reference="wiki_74_AK_39.txt" this_length="149" this_offset="8057"/>
	<feature name="plagiarism" source_length="187" source_offset="411" source_reference="wiki_04_AD_26.txt" this_length="204" this_offset="8474"/>
	<feature name="plagiarism" source_length="157" source_offset="30878" source_reference="wiki_74_AK_39.txt" this_length="157" this_offset="10221"/>
	<feature name="plagiarism" source_length="186" source_offset="12901" source_reference="wiki_74_AK_39.txt" this_length="220" this_offset="13069"/>
	<feature name="plagiarism" source_length="301" source_offset="30560" source_reference="wiki_00_BJ_33.txt" this_length="313" this_offset="13289"/>
	<feature name="plagiarism" source_length="79" source_offset="23643" source_reference="wiki_02_BH_18.txt" this_length="98" this_offset="13653"/>
	<feature name="plagiarism" source_length="102" source_offset="27919" source_reference="wiki_02_BH_18.txt" this_length="105" this_offset="13976"/>
	<feature name="plagiarism" source_length="291" source_offset="49356" source_reference="wiki_00_BJ_33.txt" this_length="282" this_offset="14123"/>
	<feature name="plagiarism" source_length="372" source_offset="33454" source_reference="wiki_74_AK_39.txt" this_length="399" this_offset="14764"/>
	<feature name="plagiarism" source_length="144" source_offset="38124" source_reference="wiki_00_BJ_33.txt" this_length="161" this_offset="15231"/>
	<feature name="plagiarism" source_length="171" source_offset="9279" source_reference="wiki_04_AD_26.txt" this_length="194" this_offset="15392"/>
	<feature name="plagiarism" source_length="216" source_offset="42535" source_reference="wiki_02_BH_18.txt" this_length="226" this_offset="15586"/>
	<feature name="plagiarism" source_length="179" source_offset="26872" source_reference="wiki_74_AK_39.txt" this_length="181" this_offset="15812"/>
	<feature name="plagiarism" source_length="201" source_offset="24884" source_reference="wiki_44_BD_7.txt" this_length="249" this_offset="16358"/>
	<feature name="plagiarism" source_length="204" source_offset="12618" source_reference="wiki_04_AD_26.txt" this_length="192" this_offset="16607"/>
	<feature name="plagiarism" source_length="235" source_offset="42340" source_reference="wiki_74_AK_39.txt" this_length="251" this_offset="16858"/>
	<feature name="plagiarism" source_length="72" source_offset="61556" source_reference="wiki_74_AK_39.txt" this_length="64" this_offset="17109"/>
	<feature name="plagiarism" source_length="208" source_offset="56842" source_reference="wiki_74_AK_39.txt" this_length="245" this_offset="17173"/>
	<feature name="plagiarism" source_length="589" source_offset="35762" source_reference="wiki_74_AK_39.txt" this_length="661" this_offset="17718"/>
	<feature name="plagiarism" source_length="147" source_offset="23437" source_reference="wiki_04_AD_26.txt" this_length="158" this_offset="18645"/>
	<feature name="plagiarism" source_length="329" source_offset="17268" source_reference="wiki_44_BD_7.txt" this_length="342" this_offset="18803"/>
	<feature name="plagiarism" source_length="143" source_offset="29759" source_reference="wiki_74_AK_39.txt" this_length="180" this_offset="19145"/>
	<feature name="plagiarism" source_length="249" source_offset="24931" source_reference="wiki_04_AD_26.txt" this_length="147" this_offset="19854"/>
	<feature name="plagiarism" source_length="195" source_offset="7898" source_reference="wiki_02_BH_18.txt" this_length="227" this_offset="20131"/>
	<feature name="plagiarism" source_length="319" source_offset="49849" source_reference="wiki_74_AK_39.txt" this_length="316" this_offset="20358"/>
	<feature name="plagiarism" source_length="264" source_offset="7651" source_reference="wiki_00_BJ_33.txt" this_length="199" this_offset="21400"/>
	<feature name="plagiarism" source_length="315" source_offset="27964" source_reference="wiki_74_AK_39.txt" this_length="344" this_offset="21953"/>
	<feature name="plagiarism" source_length="134" source_offset="17853" source_reference="wiki_74_AK_39.txt" this_length="137" this_offset="22443"/>
	<feature name="plagiarism" source_length="95" source_offset="8787" source_reference="wiki_00_BJ_33.txt" this_length="88" this_offset="22580"/>
	<feature name="plagiarism" source_length="164" source_offset="4707" source_reference="wiki_00_BJ_33.txt" this_length="195" this_offset="22950"/>
	<feature name="plagiarism" source_length="108" source_offset="27396" source_reference="wiki_02_BH_18.txt" this_length="108" this_offset="23145"/>
	<feature name="plagiarism" source_length="90" source_offset="42587" source_reference="wiki_00_BJ_33.txt" this_length="98" this_offset="23292"/>
	<feature name="plagiarism" source_length="320" source_offset="19977" source_reference="wiki_04_AD_26.txt" this_length="362" this_offset="23390"/>
	<feature name="plagiarism" source_length="156" source_offset="29884" source_reference="wiki_02_BH_18.txt" this_length="153" this_offset="24756"/>
	<feature name="plagiarism" source_length="158" source_offset="12490" source_reference="wiki_00_BJ_33.txt" this_length="176" this_offset="25373"/>
	<feature name="plagiarism" source_length="207" source_offset="37378" source_reference="wiki_02_BH_18.txt" this_length="204" this_offset="26245"/>
	<feature name="plagiarism" source_length="175" source_offset="3694" source_reference="wiki_02_BH_18.txt" this_length="199" this_offset="26596"/>
	<feature name="plagiarism" source_length="417" source_offset="21603" source_reference="wiki_44_BD_7.txt" this_length="347" this_offset="27066"/>
	<feature name="plagiarism" source_length="55" source_offset="28452" source_reference="wiki_00_BJ_33.txt" this_length="82" this_offset="27413"/>
	<feature name="plagiarism" source_length="303" source_offset="40509" source_reference="wiki_00_BJ_33.txt" this_length="357" this_offset="27567"/>
	<feature name="plagiarism" source_length="124" source_offset="20358" source_reference="wiki_00_BJ_33.txt" this_length="129" this_offset="28547"/>
	<feature name="plagiarism" source_length="128" source_offset="31477" source_reference="wiki_00_BJ_33.txt" this_length="145" this_offset="28845"/>
	<feature name="plagiarism" source_length="271" source_offset="9377" source_reference="wiki_00_BJ_33.txt" this_length="298" this_offset="29126"/>
</document>
