<?xml version="1.0" ?>
<document reference="wiki_88_AK_28.txt">
	<feature name="plagiarism" source_length="211" source_offset="32559" source_reference="wiki_59_BA_18.txt" this_length="198" this_offset="12"/>
	<feature name="plagiarism" source_length="84" source_offset="5642" source_reference="wiki_59_BA_18.txt" this_length="93" this_offset="210"/>
	<feature name="plagiarism" source_length="168" source_offset="36012" source_reference="wiki_59_BA_18.txt" this_length="210" this_offset="663"/>
	<feature name="plagiarism" source_length="171" source_offset="23707" source_reference="wiki_59_BA_18.txt" this_length="177" this_offset="928"/>
	<feature name="plagiarism" source_length="54" source_offset="48933" source_reference="wiki_99_AL_41.txt" this_length="46" this_offset="1451"/>
	<feature name="plagiarism" source_length="81" source_offset="23253" source_reference="wiki_84_BD_22.txt" this_length="83" this_offset="2039"/>
	<feature name="plagiarism" source_length="284" source_offset="48350" source_reference="wiki_99_AL_41.txt" this_length="315" this_offset="2257"/>
	<feature name="plagiarism" source_length="113" source_offset="35467" source_reference="wiki_99_AL_41.txt" this_length="122" this_offset="2610"/>
	<feature name="plagiarism" source_length="132" source_offset="14740" source_reference="wiki_81_AC_4.txt" this_length="174" this_offset="3221"/>
	<feature name="plagiarism" source_length="47" source_offset="15927" source_reference="wiki_99_AL_41.txt" this_length="46" this_offset="3395"/>
	<feature name="plagiarism" source_length="159" source_offset="5479" source_reference="wiki_78_AK_26.txt" this_length="155" this_offset="3559"/>
	<feature name="plagiarism" source_length="174" source_offset="25784" source_reference="wiki_78_AK_26.txt" this_length="194" this_offset="3862"/>
	<feature name="plagiarism" source_length="123" source_offset="21592" source_reference="wiki_84_BD_22.txt" this_length="133" this_offset="4229"/>
	<feature name="plagiarism" source_length="141" source_offset="34964" source_reference="wiki_59_BA_18.txt" this_length="138" this_offset="4587"/>
</document>
