<?xml version="1.0" ?>
<document reference="wiki_96_AN_24.txt">
	<feature name="plagiarism" source_length="55" source_offset="7947" source_reference="wiki_89_BK_46.txt" this_length="61" this_offset="47"/>
	<feature name="plagiarism" source_length="99" source_offset="28949" source_reference="wiki_89_BK_46.txt" this_length="118" this_offset="183"/>
	<feature name="plagiarism" source_length="67" source_offset="29606" source_reference="wiki_73_AB_23.txt" this_length="77" this_offset="301"/>
	<feature name="plagiarism" source_length="226" source_offset="18131" source_reference="wiki_73_AB_23.txt" this_length="259" this_offset="387"/>
	<feature name="plagiarism" source_length="223" source_offset="44815" source_reference="wiki_73_AB_23.txt" this_length="232" this_offset="673"/>
	<feature name="plagiarism" source_length="131" source_offset="25586" source_reference="wiki_89_BK_46.txt" this_length="148" this_offset="905"/>
	<feature name="plagiarism" source_length="125" source_offset="91302" source_reference="wiki_73_AB_23.txt" this_length="107" this_offset="1053"/>
	<feature name="plagiarism" source_length="187" source_offset="22733" source_reference="wiki_73_AB_23.txt" this_length="205" this_offset="1160"/>
	<feature name="plagiarism" source_length="156" source_offset="30313" source_reference="wiki_89_BK_46.txt" this_length="195" this_offset="1365"/>
	<feature name="plagiarism" source_length="257" source_offset="77830" source_reference="wiki_73_AB_23.txt" this_length="300" this_offset="1611"/>
	<feature name="plagiarism" source_length="91" source_offset="55115" source_reference="wiki_89_BK_46.txt" this_length="103" this_offset="1911"/>
	<feature name="plagiarism" source_length="395" source_offset="9103" source_reference="wiki_74_BJ_39.txt" this_length="454" this_offset="2014"/>
	<feature name="plagiarism" source_length="78" source_offset="50069" source_reference="wiki_89_BK_46.txt" this_length="109" this_offset="2468"/>
	<feature name="plagiarism" source_length="60" source_offset="79920" source_reference="wiki_73_AB_23.txt" this_length="54" this_offset="2577"/>
	<feature name="plagiarism" source_length="89" source_offset="18444" source_reference="wiki_74_BJ_39.txt" this_length="88" this_offset="2919"/>
	<feature name="plagiarism" source_length="118" source_offset="10305" source_reference="wiki_74_BJ_39.txt" this_length="130" this_offset="3043"/>
	<feature name="plagiarism" source_length="107" source_offset="58853" source_reference="wiki_89_BK_46.txt" this_length="115" this_offset="3173"/>
	<feature name="plagiarism" source_length="254" source_offset="24964" source_reference="wiki_73_AB_23.txt" this_length="249" this_offset="3544"/>
	<feature name="plagiarism" source_length="98" source_offset="5576" source_reference="wiki_73_AB_23.txt" this_length="96" this_offset="3811"/>
	<feature name="plagiarism" source_length="124" source_offset="53306" source_reference="wiki_89_BK_46.txt" this_length="141" this_offset="4164"/>
	<feature name="plagiarism" source_length="204" source_offset="56758" source_reference="wiki_73_AB_23.txt" this_length="229" this_offset="4305"/>
	<feature name="plagiarism" source_length="133" source_offset="9320" source_reference="wiki_89_BK_46.txt" this_length="126" this_offset="4534"/>
	<feature name="plagiarism" source_length="85" source_offset="11687" source_reference="wiki_74_BJ_39.txt" this_length="98" this_offset="4660"/>
	<feature name="plagiarism" source_length="246" source_offset="6094" source_reference="wiki_74_BJ_39.txt" this_length="273" this_offset="4820"/>
	<feature name="plagiarism" source_length="115" source_offset="10826" source_reference="wiki_89_BK_46.txt" this_length="125" this_offset="5093"/>
	<feature name="plagiarism" source_length="165" source_offset="49356" source_reference="wiki_89_BK_46.txt" this_length="155" this_offset="5218"/>
	<feature name="plagiarism" source_length="233" source_offset="15333" source_reference="wiki_73_AB_23.txt" this_length="255" this_offset="5672"/>
	<feature name="plagiarism" source_length="91" source_offset="34017" source_reference="wiki_89_BK_46.txt" this_length="101" this_offset="5927"/>
	<feature name="plagiarism" source_length="229" source_offset="84321" source_reference="wiki_73_AB_23.txt" this_length="247" this_offset="6028"/>
	<feature name="plagiarism" source_length="185" source_offset="5032" source_reference="wiki_74_BJ_39.txt" this_length="186" this_offset="6495"/>
	<feature name="plagiarism" source_length="144" source_offset="31018" source_reference="wiki_73_AB_23.txt" this_length="181" this_offset="6733"/>
</document>
