<?xml version="1.0" ?>
<document reference="wiki_37_AG_28.txt">
	<feature name="plagiarism" source_length="266" source_offset="41015" source_reference="wiki_67_AC_12.txt" this_length="299" this_offset="233"/>
	<feature name="plagiarism" source_length="144" source_offset="47113" source_reference="wiki_67_AC_12.txt" this_length="145" this_offset="650"/>
	<feature name="plagiarism" source_length="216" source_offset="22184" source_reference="wiki_67_AC_12.txt" this_length="239" this_offset="967"/>
	<feature name="plagiarism" source_length="172" source_offset="6483" source_reference="wiki_67_AC_12.txt" this_length="199" this_offset="1470"/>
	<feature name="plagiarism" source_length="222" source_offset="29281" source_reference="wiki_67_AC_12.txt" this_length="266" this_offset="1669"/>
	<feature name="plagiarism" source_length="103" source_offset="28320" source_reference="wiki_67_AC_12.txt" this_length="129" this_offset="1965"/>
	<feature name="plagiarism" source_length="161" source_offset="30118" source_reference="wiki_67_AC_12.txt" this_length="167" this_offset="2094"/>
	<feature name="plagiarism" source_length="201" source_offset="41282" source_reference="wiki_67_AC_12.txt" this_length="234" this_offset="2261"/>
	<feature name="plagiarism" source_length="173" source_offset="50195" source_reference="wiki_67_AC_12.txt" this_length="205" this_offset="3078"/>
	<feature name="plagiarism" source_length="106" source_offset="20930" source_reference="wiki_67_AC_12.txt" this_length="122" this_offset="3604"/>
	<feature name="plagiarism" source_length="116" source_offset="19124" source_reference="wiki_67_AC_12.txt" this_length="134" this_offset="3726"/>
	<feature name="plagiarism" source_length="134" source_offset="24187" source_reference="wiki_67_AC_12.txt" this_length="131" this_offset="4448"/>
	<feature name="plagiarism" source_length="171" source_offset="17840" source_reference="wiki_67_AC_12.txt" this_length="222" this_offset="4935"/>
	<feature name="plagiarism" source_length="130" source_offset="3561" source_reference="wiki_67_AC_12.txt" this_length="156" this_offset="5157"/>
	<feature name="plagiarism" source_length="190" source_offset="2261" source_reference="wiki_67_AC_12.txt" this_length="194" this_offset="5977"/>
	<feature name="plagiarism" source_length="231" source_offset="3330" source_reference="wiki_67_AC_12.txt" this_length="293" this_offset="6171"/>
	<feature name="plagiarism" source_length="154" source_offset="27071" source_reference="wiki_67_AC_12.txt" this_length="178" this_offset="6484"/>
	<feature name="plagiarism" source_length="201" source_offset="43888" source_reference="wiki_67_AC_12.txt" this_length="188" this_offset="6703"/>
	<feature name="plagiarism" source_length="141" source_offset="27393" source_reference="wiki_67_AC_12.txt" this_length="160" this_offset="6904"/>
	<feature name="plagiarism" source_length="173" source_offset="40184" source_reference="wiki_67_AC_12.txt" this_length="216" this_offset="7525"/>
	<feature name="plagiarism" source_length="168" source_offset="27225" source_reference="wiki_67_AC_12.txt" this_length="179" this_offset="7940"/>
	<feature name="plagiarism" source_length="205" source_offset="13881" source_reference="wiki_67_AC_12.txt" this_length="234" this_offset="8400"/>
	<feature name="plagiarism" source_length="170" source_offset="5080" source_reference="wiki_67_AC_12.txt" this_length="163" this_offset="8656"/>
	<feature name="plagiarism" source_length="205" source_offset="12665" source_reference="wiki_67_AC_12.txt" this_length="229" this_offset="9029"/>
	<feature name="plagiarism" source_length="130" source_offset="36516" source_reference="wiki_67_AC_12.txt" this_length="159" this_offset="9974"/>
	<feature name="plagiarism" source_length="174" source_offset="2970" source_reference="wiki_67_AC_12.txt" this_length="204" this_offset="10570"/>
	<feature name="plagiarism" source_length="165" source_offset="47857" source_reference="wiki_67_AC_12.txt" this_length="177" this_offset="10774"/>
	<feature name="plagiarism" source_length="187" source_offset="15254" source_reference="wiki_67_AC_12.txt" this_length="220" this_offset="10951"/>
	<feature name="plagiarism" source_length="152" source_offset="47704" source_reference="wiki_67_AC_12.txt" this_length="138" this_offset="11431"/>
	<feature name="plagiarism" source_length="101" source_offset="14761" source_reference="wiki_67_AC_12.txt" this_length="113" this_offset="11569"/>
	<feature name="plagiarism" source_length="296" source_offset="44193" source_reference="wiki_67_AC_12.txt" this_length="335" this_offset="11682"/>
	<feature name="plagiarism" source_length="158" source_offset="2452" source_reference="wiki_67_AC_12.txt" this_length="163" this_offset="12017"/>
	<feature name="plagiarism" source_length="212" source_offset="50529" source_reference="wiki_67_AC_12.txt" this_length="221" this_offset="12304"/>
	<feature name="plagiarism" source_length="219" source_offset="45048" source_reference="wiki_67_AC_12.txt" this_length="248" this_offset="12525"/>
	<feature name="plagiarism" source_length="188" source_offset="14313" source_reference="wiki_67_AC_12.txt" this_length="208" this_offset="12773"/>
	<feature name="plagiarism" source_length="153" source_offset="21037" source_reference="wiki_67_AC_12.txt" this_length="164" this_offset="13132"/>
</document>
