<?xml version="1.0" ?>
<document reference="wiki_36_BA_39.txt">
	<feature name="plagiarism" source_length="71" source_offset="40081" source_reference="wiki_23_AA_2.txt" this_length="69" this_offset="34"/>
	<feature name="plagiarism" source_length="176" source_offset="12639" source_reference="wiki_33_AG_21.txt" this_length="183" this_offset="103"/>
	<feature name="plagiarism" source_length="101" source_offset="6370" source_reference="wiki_33_AG_21.txt" this_length="105" this_offset="304"/>
	<feature name="plagiarism" source_length="95" source_offset="65757" source_reference="wiki_33_AG_21.txt" this_length="99" this_offset="409"/>
	<feature name="plagiarism" source_length="164" source_offset="17285" source_reference="wiki_83_BB_31.txt" this_length="197" this_offset="654"/>
	<feature name="plagiarism" source_length="195" source_offset="67439" source_reference="wiki_33_AG_21.txt" this_length="197" this_offset="851"/>
	<feature name="plagiarism" source_length="190" source_offset="12966" source_reference="wiki_23_AA_2.txt" this_length="193" this_offset="1048"/>
	<feature name="plagiarism" source_length="152" source_offset="42322" source_reference="wiki_23_AA_2.txt" this_length="177" this_offset="1241"/>
	<feature name="plagiarism" source_length="121" source_offset="5017" source_reference="wiki_33_AG_21.txt" this_length="141" this_offset="1418"/>
	<feature name="plagiarism" source_length="176" source_offset="1496" source_reference="wiki_50_BB_23.txt" this_length="138" this_offset="1653"/>
	<feature name="plagiarism" source_length="274" source_offset="9226" source_reference="wiki_83_BB_31.txt" this_length="297" this_offset="1791"/>
	<feature name="plagiarism" source_length="68" source_offset="72626" source_reference="wiki_33_AG_21.txt" this_length="70" this_offset="2088"/>
	<feature name="plagiarism" source_length="213" source_offset="13478" source_reference="wiki_23_AA_2.txt" this_length="228" this_offset="2158"/>
	<feature name="plagiarism" source_length="122" source_offset="48829" source_reference="wiki_23_AA_2.txt" this_length="157" this_offset="2386"/>
	<feature name="plagiarism" source_length="135" source_offset="64139" source_reference="wiki_33_AG_21.txt" this_length="138" this_offset="2543"/>
	<feature name="plagiarism" source_length="85" source_offset="30409" source_reference="wiki_33_AG_21.txt" this_length="100" this_offset="2681"/>
	<feature name="plagiarism" source_length="210" source_offset="68652" source_reference="wiki_33_AG_21.txt" this_length="227" this_offset="2815"/>
	<feature name="plagiarism" source_length="174" source_offset="26685" source_reference="wiki_23_AA_2.txt" this_length="163" this_offset="3160"/>
	<feature name="plagiarism" source_length="264" source_offset="19653" source_reference="wiki_23_AA_2.txt" this_length="273" this_offset="3323"/>
	<feature name="plagiarism" source_length="150" source_offset="45072" source_reference="wiki_23_AA_2.txt" this_length="164" this_offset="3596"/>
	<feature name="plagiarism" source_length="131" source_offset="70212" source_reference="wiki_33_AG_21.txt" this_length="148" this_offset="3760"/>
	<feature name="plagiarism" source_length="112" source_offset="28820" source_reference="wiki_23_AA_2.txt" this_length="139" this_offset="3908"/>
	<feature name="plagiarism" source_length="347" source_offset="6166" source_reference="wiki_83_BB_31.txt" this_length="382" this_offset="4047"/>
	<feature name="plagiarism" source_length="115" source_offset="35348" source_reference="wiki_23_AA_2.txt" this_length="116" this_offset="4738"/>
	<feature name="plagiarism" source_length="320" source_offset="17449" source_reference="wiki_83_BB_31.txt" this_length="384" this_offset="5134"/>
	<feature name="plagiarism" source_length="98" source_offset="40830" source_reference="wiki_23_AA_2.txt" this_length="110" this_offset="5518"/>
	<feature name="plagiarism" source_length="184" source_offset="8528" source_reference="wiki_83_BB_31.txt" this_length="216" this_offset="5628"/>
	<feature name="plagiarism" source_length="76" source_offset="22480" source_reference="wiki_83_BB_31.txt" this_length="92" this_offset="5844"/>
	<feature name="plagiarism" source_length="100" source_offset="41294" source_reference="wiki_23_AA_2.txt" this_length="96" this_offset="5936"/>
	<feature name="plagiarism" source_length="130" source_offset="29935" source_reference="wiki_23_AA_2.txt" this_length="137" this_offset="6032"/>
	<feature name="plagiarism" source_length="152" source_offset="20714" source_reference="wiki_83_BB_31.txt" this_length="171" this_offset="6169"/>
	<feature name="plagiarism" source_length="508" source_offset="11006" source_reference="wiki_33_AG_21.txt" this_length="450" this_offset="6465"/>
	<feature name="plagiarism" source_length="73" source_offset="13315" source_reference="wiki_23_AA_2.txt" this_length="88" this_offset="6915"/>
	<feature name="plagiarism" source_length="84" source_offset="280" source_reference="wiki_33_AG_21.txt" this_length="103" this_offset="7003"/>
	<feature name="plagiarism" source_length="114" source_offset="28501" source_reference="wiki_33_AG_21.txt" this_length="117" this_offset="7421"/>
	<feature name="plagiarism" source_length="88" source_offset="26110" source_reference="wiki_23_AA_2.txt" this_length="100" this_offset="7538"/>
	<feature name="plagiarism" source_length="156" source_offset="36351" source_reference="wiki_23_AA_2.txt" this_length="170" this_offset="7642"/>
	<feature name="plagiarism" source_length="440" source_offset="62840" source_reference="wiki_33_AG_21.txt" this_length="411" this_offset="7812"/>
	<feature name="plagiarism" source_length="134" source_offset="30436" source_reference="wiki_23_AA_2.txt" this_length="152" this_offset="8596"/>
	<feature name="plagiarism" source_length="98" source_offset="30827" source_reference="wiki_23_AA_2.txt" this_length="129" this_offset="8748"/>
	<feature name="plagiarism" source_length="133" source_offset="14247" source_reference="wiki_83_BB_31.txt" this_length="168" this_offset="9105"/>
	<feature name="plagiarism" source_length="96" source_offset="12815" source_reference="wiki_33_AG_21.txt" this_length="131" this_offset="9273"/>
	<feature name="plagiarism" source_length="112" source_offset="13505" source_reference="wiki_33_AG_21.txt" this_length="89" this_offset="9404"/>
	<feature name="plagiarism" source_length="133" source_offset="31028" source_reference="wiki_33_AG_21.txt" this_length="118" this_offset="9682"/>
	<feature name="plagiarism" source_length="69" source_offset="1427" source_reference="wiki_50_BB_23.txt" this_length="52" this_offset="9800"/>
	<feature name="plagiarism" source_length="194" source_offset="39314" source_reference="wiki_33_AG_21.txt" this_length="195" this_offset="9852"/>
	<feature name="plagiarism" source_length="83" source_offset="54335" source_reference="wiki_33_AG_21.txt" this_length="85" this_offset="10047"/>
	<feature name="plagiarism" source_length="185" source_offset="36019" source_reference="wiki_23_AA_2.txt" this_length="176" this_offset="10132"/>
	<feature name="plagiarism" source_length="161" source_offset="34250" source_reference="wiki_23_AA_2.txt" this_length="160" this_offset="10425"/>
	<feature name="plagiarism" source_length="153" source_offset="28252" source_reference="wiki_23_AA_2.txt" this_length="188" this_offset="10585"/>
	<feature name="plagiarism" source_length="112" source_offset="27942" source_reference="wiki_23_AA_2.txt" this_length="109" this_offset="10773"/>
	<feature name="plagiarism" source_length="206" source_offset="25213" source_reference="wiki_23_AA_2.txt" this_length="213" this_offset="11196"/>
	<feature name="plagiarism" source_length="337" source_offset="28615" source_reference="wiki_33_AG_21.txt" this_length="402" this_offset="11505"/>
	<feature name="plagiarism" source_length="85" source_offset="23957" source_reference="wiki_33_AG_21.txt" this_length="85" this_offset="11907"/>
	<feature name="plagiarism" source_length="207" source_offset="42904" source_reference="wiki_33_AG_21.txt" this_length="214" this_offset="11992"/>
	<feature name="plagiarism" source_length="109" source_offset="23019" source_reference="wiki_83_BB_31.txt" this_length="134" this_offset="12354"/>
	<feature name="plagiarism" source_length="153" source_offset="986" source_reference="wiki_50_BB_23.txt" this_length="157" this_offset="12488"/>
</document>
