<?xml version="1.0" ?>
<document reference="wiki_58_BU_23.txt">
	<feature name="plagiarism" source_length="99" source_offset="31547" source_reference="wiki_37_AA_28.txt" this_length="111" this_offset="11"/>
	<feature name="plagiarism" source_length="137" source_offset="13200" source_reference="wiki_37_AA_28.txt" this_length="138" this_offset="122"/>
	<feature name="plagiarism" source_length="77" source_offset="9551" source_reference="wiki_25_AA_25.txt" this_length="66" this_offset="260"/>
	<feature name="plagiarism" source_length="106" source_offset="28072" source_reference="wiki_37_AA_28.txt" this_length="116" this_offset="388"/>
	<feature name="plagiarism" source_length="181" source_offset="31350" source_reference="wiki_37_AA_28.txt" this_length="166" this_offset="518"/>
	<feature name="plagiarism" source_length="175" source_offset="9476" source_reference="wiki_37_AA_28.txt" this_length="205" this_offset="822"/>
	<feature name="plagiarism" source_length="171" source_offset="19322" source_reference="wiki_25_AA_25.txt" this_length="169" this_offset="1278"/>
	<feature name="plagiarism" source_length="193" source_offset="927" source_reference="wiki_37_AA_28.txt" this_length="197" this_offset="1447"/>
	<feature name="plagiarism" source_length="77" source_offset="24396" source_reference="wiki_25_AA_25.txt" this_length="81" this_offset="1644"/>
	<feature name="plagiarism" source_length="207" source_offset="5566" source_reference="wiki_37_AA_28.txt" this_length="214" this_offset="1737"/>
	<feature name="plagiarism" source_length="71" source_offset="28542" source_reference="wiki_37_AA_28.txt" this_length="80" this_offset="1951"/>
	<feature name="plagiarism" source_length="172" source_offset="22313" source_reference="wiki_01_AD_34.txt" this_length="194" this_offset="2031"/>
	<feature name="plagiarism" source_length="156" source_offset="30895" source_reference="wiki_25_AA_25.txt" this_length="167" this_offset="2381"/>
	<feature name="plagiarism" source_length="70" source_offset="30542" source_reference="wiki_25_AA_25.txt" this_length="70" this_offset="2791"/>
	<feature name="plagiarism" source_length="138" source_offset="28614" source_reference="wiki_37_AA_28.txt" this_length="148" this_offset="2861"/>
	<feature name="plagiarism" source_length="74" source_offset="11174" source_reference="wiki_25_AA_25.txt" this_length="87" this_offset="3009"/>
	<feature name="plagiarism" source_length="99" source_offset="10774" source_reference="wiki_44_BI_50.txt" this_length="95" this_offset="3096"/>
	<feature name="plagiarism" source_length="153" source_offset="5776" source_reference="wiki_25_AA_25.txt" this_length="153" this_offset="3210"/>
	<feature name="plagiarism" source_length="78" source_offset="15398" source_reference="wiki_25_AA_25.txt" this_length="95" this_offset="3639"/>
	<feature name="plagiarism" source_length="395" source_offset="9057" source_reference="wiki_44_BI_50.txt" this_length="441" this_offset="4076"/>
	<feature name="plagiarism" source_length="234" source_offset="23026" source_reference="wiki_25_AA_25.txt" this_length="228" this_offset="4517"/>
	<feature name="plagiarism" source_length="75" source_offset="9950" source_reference="wiki_01_AD_34.txt" this_length="76" this_offset="4848"/>
	<feature name="plagiarism" source_length="114" source_offset="4804" source_reference="wiki_37_AA_28.txt" this_length="107" this_offset="4924"/>
	<feature name="plagiarism" source_length="108" source_offset="34748" source_reference="wiki_37_AA_28.txt" this_length="123" this_offset="5031"/>
	<feature name="plagiarism" source_length="206" source_offset="4276" source_reference="wiki_44_BI_50.txt" this_length="219" this_offset="5362"/>
	<feature name="plagiarism" source_length="184" source_offset="17602" source_reference="wiki_37_AA_28.txt" this_length="177" this_offset="5933"/>
</document>
