<?xml version="1.0" ?>
<document reference="wiki_34_CC_36.txt">
	<feature name="plagiarism" source_length="266" source_offset="14131" source_reference="wiki_56_BD_47.txt" this_length="263" this_offset="57"/>
	<feature name="plagiarism" source_length="286" source_offset="5233" source_reference="wiki_56_BD_47.txt" this_length="255" this_offset="379"/>
	<feature name="plagiarism" source_length="198" source_offset="55501" source_reference="wiki_56_BD_47.txt" this_length="160" this_offset="649"/>
	<feature name="plagiarism" source_length="124" source_offset="399" source_reference="wiki_52_AA_35.txt" this_length="137" this_offset="1288"/>
	<feature name="plagiarism" source_length="220" source_offset="48056" source_reference="wiki_56_BD_47.txt" this_length="253" this_offset="2035"/>
	<feature name="plagiarism" source_length="130" source_offset="24977" source_reference="wiki_52_AA_35.txt" this_length="138" this_offset="2445"/>
	<feature name="plagiarism" source_length="105" source_offset="39558" source_reference="wiki_28_AQ_26.txt" this_length="114" this_offset="2815"/>
	<feature name="plagiarism" source_length="219" source_offset="64293" source_reference="wiki_56_BD_47.txt" this_length="243" this_offset="2929"/>
	<feature name="plagiarism" source_length="180" source_offset="19187" source_reference="wiki_28_AQ_26.txt" this_length="209" this_offset="3658"/>
	<feature name="plagiarism" source_length="127" source_offset="37267" source_reference="wiki_28_AQ_26.txt" this_length="139" this_offset="4175"/>
	<feature name="plagiarism" source_length="89" source_offset="41481" source_reference="wiki_56_BD_47.txt" this_length="96" this_offset="4314"/>
	<feature name="plagiarism" source_length="76" source_offset="32301" source_reference="wiki_52_AA_35.txt" this_length="73" this_offset="4410"/>
	<feature name="plagiarism" source_length="194" source_offset="16582" source_reference="wiki_28_AQ_26.txt" this_length="224" this_offset="4611"/>
	<feature name="plagiarism" source_length="71" source_offset="34341" source_reference="wiki_52_AA_35.txt" this_length="71" this_offset="4835"/>
	<feature name="plagiarism" source_length="124" source_offset="38204" source_reference="wiki_28_AQ_26.txt" this_length="146" this_offset="4906"/>
	<feature name="plagiarism" source_length="224" source_offset="37073" source_reference="wiki_56_BD_47.txt" this_length="211" this_offset="5052"/>
	<feature name="plagiarism" source_length="188" source_offset="34507" source_reference="wiki_52_AA_35.txt" this_length="207" this_offset="5263"/>
	<feature name="plagiarism" source_length="136" source_offset="26835" source_reference="wiki_52_AA_35.txt" this_length="153" this_offset="5470"/>
	<feature name="plagiarism" source_length="282" source_offset="5926" source_reference="wiki_35_BF_48.txt" this_length="323" this_offset="5623"/>
	<feature name="plagiarism" source_length="163" source_offset="72655" source_reference="wiki_56_BD_47.txt" this_length="178" this_offset="5946"/>
	<feature name="plagiarism" source_length="151" source_offset="27410" source_reference="wiki_28_AQ_26.txt" this_length="134" this_offset="6239"/>
	<feature name="plagiarism" source_length="61" source_offset="30447" source_reference="wiki_52_AA_35.txt" this_length="66" this_offset="7226"/>
	<feature name="plagiarism" source_length="93" source_offset="34248" source_reference="wiki_52_AA_35.txt" this_length="93" this_offset="7384"/>
	<feature name="plagiarism" source_length="150" source_offset="17141" source_reference="wiki_35_BF_48.txt" this_length="130" this_offset="7477"/>
	<feature name="plagiarism" source_length="93" source_offset="23168" source_reference="wiki_52_AA_35.txt" this_length="97" this_offset="7607"/>
	<feature name="plagiarism" source_length="341" source_offset="51686" source_reference="wiki_56_BD_47.txt" this_length="391" this_offset="7761"/>
	<feature name="plagiarism" source_length="192" source_offset="13468" source_reference="wiki_52_AA_35.txt" this_length="202" this_offset="8262"/>
</document>
