<?xml version="1.0" ?>
<document reference="wiki_94_BB_6.txt">
	<feature name="plagiarism" source_length="181" source_offset="14033" source_reference="wiki_03_AF_20.txt" this_length="217" this_offset="255"/>
	<feature name="plagiarism" source_length="276" source_offset="15961" source_reference="wiki_46_AT_21.txt" this_length="337" this_offset="817"/>
	<feature name="plagiarism" source_length="73" source_offset="32377" source_reference="wiki_46_AT_21.txt" this_length="91" this_offset="1214"/>
	<feature name="plagiarism" source_length="344" source_offset="10420" source_reference="wiki_49_AC_29.txt" this_length="379" this_offset="1623"/>
	<feature name="plagiarism" source_length="246" source_offset="16538" source_reference="wiki_46_AT_21.txt" this_length="278" this_offset="2002"/>
	<feature name="plagiarism" source_length="339" source_offset="10064" source_reference="wiki_49_AC_29.txt" this_length="360" this_offset="2484"/>
	<feature name="plagiarism" source_length="109" source_offset="15140" source_reference="wiki_03_AF_20.txt" this_length="115" this_offset="2844"/>
	<feature name="plagiarism" source_length="262" source_offset="2054" source_reference="wiki_49_AC_29.txt" this_length="287" this_offset="3130"/>
	<feature name="plagiarism" source_length="93" source_offset="19085" source_reference="wiki_03_AF_20.txt" this_length="115" this_offset="3647"/>
	<feature name="plagiarism" source_length="135" source_offset="10912" source_reference="wiki_03_AF_20.txt" this_length="143" this_offset="3762"/>
	<feature name="plagiarism" source_length="144" source_offset="27186" source_reference="wiki_46_AT_21.txt" this_length="160" this_offset="4038"/>
	<feature name="plagiarism" source_length="177" source_offset="6673" source_reference="wiki_46_AT_21.txt" this_length="187" this_offset="4341"/>
	<feature name="plagiarism" source_length="136" source_offset="17735" source_reference="wiki_46_AT_21.txt" this_length="120" this_offset="4528"/>
	<feature name="plagiarism" source_length="337" source_offset="8815" source_reference="wiki_46_AT_21.txt" this_length="178" this_offset="4733"/>
	<feature name="plagiarism" source_length="119" source_offset="2881" source_reference="wiki_49_AC_29.txt" this_length="125" this_offset="5006"/>
	<feature name="plagiarism" source_length="55" source_offset="0" source_reference="wiki_46_AT_21.txt" this_length="58" this_offset="5131"/>
	<feature name="plagiarism" source_length="97" source_offset="19789" source_reference="wiki_46_AT_21.txt" this_length="121" this_offset="5234"/>
	<feature name="plagiarism" source_length="92" source_offset="10821" source_reference="wiki_46_AT_21.txt" this_length="79" this_offset="5380"/>
	<feature name="plagiarism" source_length="162" source_offset="6851" source_reference="wiki_46_AT_21.txt" this_length="141" this_offset="5603"/>
	<feature name="plagiarism" source_length="101" source_offset="27457" source_reference="wiki_46_AT_21.txt" this_length="106" this_offset="6002"/>
	<feature name="plagiarism" source_length="82" source_offset="20118" source_reference="wiki_03_AF_20.txt" this_length="82" this_offset="6205"/>
	<feature name="plagiarism" source_length="200" source_offset="16651" source_reference="wiki_03_AF_20.txt" this_length="218" this_offset="6638"/>
</document>
