<?xml version="1.0" ?>
<document reference="wiki_08_AZ_1.txt">
	<feature name="plagiarism" source_length="83" source_offset="64667" source_reference="wiki_49_AK_10.txt" this_length="80" this_offset="316"/>
	<feature name="plagiarism" source_length="147" source_offset="18986" source_reference="wiki_93_AM_48.txt" this_length="168" this_offset="574"/>
	<feature name="plagiarism" source_length="241" source_offset="53737" source_reference="wiki_49_AK_10.txt" this_length="281" this_offset="742"/>
	<feature name="plagiarism" source_length="326" source_offset="17440" source_reference="wiki_49_AK_10.txt" this_length="308" this_offset="1023"/>
	<feature name="plagiarism" source_length="139" source_offset="2153" source_reference="wiki_04_BD_11.txt" this_length="148" this_offset="1459"/>
	<feature name="plagiarism" source_length="144" source_offset="73977" source_reference="wiki_49_AK_10.txt" this_length="139" this_offset="1711"/>
	<feature name="plagiarism" source_length="160" source_offset="3371" source_reference="wiki_04_BD_11.txt" this_length="163" this_offset="2075"/>
	<feature name="plagiarism" source_length="148" source_offset="92234" source_reference="wiki_49_AK_10.txt" this_length="148" this_offset="2375"/>
	<feature name="plagiarism" source_length="170" source_offset="1371" source_reference="wiki_55_AR_27.txt" this_length="139" this_offset="2695"/>
	<feature name="plagiarism" source_length="128" source_offset="12481" source_reference="wiki_49_AK_10.txt" this_length="135" this_offset="3190"/>
	<feature name="plagiarism" source_length="261" source_offset="11632" source_reference="wiki_60_AW_7.txt" this_length="225" this_offset="3900"/>
	<feature name="plagiarism" source_length="106" source_offset="43810" source_reference="wiki_93_AM_48.txt" this_length="128" this_offset="4125"/>
	<feature name="plagiarism" source_length="108" source_offset="13115" source_reference="wiki_93_AM_48.txt" this_length="118" this_offset="4348"/>
	<feature name="plagiarism" source_length="138" source_offset="33225" source_reference="wiki_93_AM_48.txt" this_length="160" this_offset="5228"/>
	<feature name="plagiarism" source_length="112" source_offset="25707" source_reference="wiki_49_AK_10.txt" this_length="121" this_offset="5643"/>
	<feature name="plagiarism" source_length="118" source_offset="7004" source_reference="wiki_93_AM_48.txt" this_length="131" this_offset="6061"/>
	<feature name="plagiarism" source_length="120" source_offset="35748" source_reference="wiki_93_AM_48.txt" this_length="121" this_offset="6826"/>
	<feature name="plagiarism" source_length="207" source_offset="1662" source_reference="wiki_04_BD_11.txt" this_length="236" this_offset="7196"/>
	<feature name="plagiarism" source_length="122" source_offset="22647" source_reference="wiki_93_AM_48.txt" this_length="143" this_offset="7446"/>
	<feature name="plagiarism" source_length="217" source_offset="11331" source_reference="wiki_04_BD_11.txt" this_length="247" this_offset="7680"/>
	<feature name="plagiarism" source_length="119" source_offset="29444" source_reference="wiki_04_BD_11.txt" this_length="123" this_offset="8237"/>
	<feature name="plagiarism" source_length="171" source_offset="61777" source_reference="wiki_49_AK_10.txt" this_length="202" this_offset="8360"/>
	<feature name="plagiarism" source_length="349" source_offset="19134" source_reference="wiki_49_AK_10.txt" this_length="368" this_offset="8627"/>
	<feature name="plagiarism" source_length="121" source_offset="21618" source_reference="wiki_04_BD_11.txt" this_length="130" this_offset="8995"/>
</document>
