<?xml version="1.0" ?>
<document reference="wiki_81_AO_18.txt">
	<feature name="plagiarism" source_length="147" source_offset="5298" source_reference="wiki_16_AB_10.txt" this_length="162" this_offset="34"/>
	<feature name="plagiarism" source_length="71" source_offset="30343" source_reference="wiki_16_AB_10.txt" this_length="73" this_offset="673"/>
	<feature name="plagiarism" source_length="166" source_offset="46431" source_reference="wiki_52_AI_12.txt" this_length="166" this_offset="746"/>
	<feature name="plagiarism" source_length="128" source_offset="25625" source_reference="wiki_93_BJ_48.txt" this_length="156" this_offset="912"/>
	<feature name="plagiarism" source_length="109" source_offset="25753" source_reference="wiki_93_BJ_48.txt" this_length="108" this_offset="1218"/>
	<feature name="plagiarism" source_length="97" source_offset="10972" source_reference="wiki_65_BB_52.txt" this_length="105" this_offset="1326"/>
	<feature name="plagiarism" source_length="141" source_offset="6201" source_reference="wiki_93_BJ_48.txt" this_length="155" this_offset="1431"/>
	<feature name="plagiarism" source_length="234" source_offset="36749" source_reference="wiki_16_AB_10.txt" this_length="269" this_offset="1586"/>
	<feature name="plagiarism" source_length="174" source_offset="1266" source_reference="wiki_16_AB_10.txt" this_length="164" this_offset="1855"/>
	<feature name="plagiarism" source_length="129" source_offset="17815" source_reference="wiki_65_BB_52.txt" this_length="174" this_offset="2019"/>
	<feature name="plagiarism" source_length="83" source_offset="532" source_reference="wiki_16_AB_10.txt" this_length="86" this_offset="2249"/>
	<feature name="plagiarism" source_length="111" source_offset="10757" source_reference="wiki_52_AI_12.txt" this_length="126" this_offset="2578"/>
	<feature name="plagiarism" source_length="222" source_offset="28906" source_reference="wiki_16_AB_10.txt" this_length="234" this_offset="2704"/>
	<feature name="plagiarism" source_length="112" source_offset="22646" source_reference="wiki_93_BJ_48.txt" this_length="123" this_offset="3297"/>
	<feature name="plagiarism" source_length="180" source_offset="24805" source_reference="wiki_65_BB_52.txt" this_length="171" this_offset="3487"/>
	<feature name="plagiarism" source_length="181" source_offset="29812" source_reference="wiki_65_BB_52.txt" this_length="227" this_offset="3658"/>
	<feature name="plagiarism" source_length="444" source_offset="16318" source_reference="wiki_65_BB_52.txt" this_length="441" this_offset="3885"/>
	<feature name="plagiarism" source_length="107" source_offset="30687" source_reference="wiki_65_BB_52.txt" this_length="117" this_offset="4360"/>
	<feature name="plagiarism" source_length="158" source_offset="7240" source_reference="wiki_52_AI_12.txt" this_length="171" this_offset="4533"/>
	<feature name="plagiarism" source_length="194" source_offset="33975" source_reference="wiki_52_AI_12.txt" this_length="255" this_offset="4704"/>
	<feature name="plagiarism" source_length="116" source_offset="6954" source_reference="wiki_93_BJ_48.txt" this_length="120" this_offset="4959"/>
	<feature name="plagiarism" source_length="132" source_offset="23265" source_reference="wiki_52_AI_12.txt" this_length="166" this_offset="5191"/>
	<feature name="plagiarism" source_length="315" source_offset="40507" source_reference="wiki_52_AI_12.txt" this_length="299" this_offset="5357"/>
	<feature name="plagiarism" source_length="80" source_offset="63969" source_reference="wiki_52_AI_12.txt" this_length="90" this_offset="5656"/>
	<feature name="plagiarism" source_length="77" source_offset="15294" source_reference="wiki_52_AI_12.txt" this_length="93" this_offset="5947"/>
	<feature name="plagiarism" source_length="157" source_offset="26227" source_reference="wiki_52_AI_12.txt" this_length="161" this_offset="6040"/>
	<feature name="plagiarism" source_length="193" source_offset="9916" source_reference="wiki_52_AI_12.txt" this_length="223" this_offset="6201"/>
	<feature name="plagiarism" source_length="186" source_offset="11681" source_reference="wiki_16_AB_10.txt" this_length="215" this_offset="6424"/>
	<feature name="plagiarism" source_length="236" source_offset="13769" source_reference="wiki_93_BJ_48.txt" this_length="280" this_offset="6702"/>
	<feature name="plagiarism" source_length="103" source_offset="43412" source_reference="wiki_52_AI_12.txt" this_length="118" this_offset="7021"/>
	<feature name="plagiarism" source_length="88" source_offset="8525" source_reference="wiki_93_BJ_48.txt" this_length="100" this_offset="7139"/>
	<feature name="plagiarism" source_length="250" source_offset="63492" source_reference="wiki_52_AI_12.txt" this_length="312" this_offset="7239"/>
	<feature name="plagiarism" source_length="169" source_offset="48611" source_reference="wiki_52_AI_12.txt" this_length="171" this_offset="7551"/>
	<feature name="plagiarism" source_length="240" source_offset="10109" source_reference="wiki_52_AI_12.txt" this_length="246" this_offset="7722"/>
	<feature name="plagiarism" source_length="103" source_offset="50842" source_reference="wiki_52_AI_12.txt" this_length="110" this_offset="7968"/>
	<feature name="plagiarism" source_length="176" source_offset="24567" source_reference="wiki_65_BB_52.txt" this_length="159" this_offset="8078"/>
	<feature name="plagiarism" source_length="263" source_offset="16667" source_reference="wiki_93_BJ_48.txt" this_length="276" this_offset="8893"/>
	<feature name="plagiarism" source_length="87" source_offset="67578" source_reference="wiki_52_AI_12.txt" this_length="84" this_offset="9169"/>
	<feature name="plagiarism" source_length="192" source_offset="25552" source_reference="wiki_16_AB_10.txt" this_length="208" this_offset="9253"/>
	<feature name="plagiarism" source_length="78" source_offset="39268" source_reference="wiki_52_AI_12.txt" this_length="95" this_offset="9461"/>
	<feature name="plagiarism" source_length="67" source_offset="33266" source_reference="wiki_52_AI_12.txt" this_length="74" this_offset="9556"/>
	<feature name="plagiarism" source_length="156" source_offset="1584" source_reference="wiki_65_BB_52.txt" this_length="176" this_offset="9630"/>
	<feature name="plagiarism" source_length="167" source_offset="25745" source_reference="wiki_16_AB_10.txt" this_length="195" this_offset="9806"/>
	<feature name="plagiarism" source_length="173" source_offset="29719" source_reference="wiki_52_AI_12.txt" this_length="215" this_offset="10001"/>
	<feature name="plagiarism" source_length="190" source_offset="58362" source_reference="wiki_52_AI_12.txt" this_length="218" this_offset="10216"/>
	<feature name="plagiarism" source_length="88" source_offset="19523" source_reference="wiki_16_AB_10.txt" this_length="76" this_offset="10434"/>
	<feature name="plagiarism" source_length="169" source_offset="21950" source_reference="wiki_65_BB_52.txt" this_length="179" this_offset="10510"/>
	<feature name="plagiarism" source_length="150" source_offset="1993" source_reference="wiki_15_AE_43.txt" this_length="164" this_offset="10702"/>
	<feature name="plagiarism" source_length="187" source_offset="23824" source_reference="wiki_93_BJ_48.txt" this_length="176" this_offset="10997"/>
	<feature name="plagiarism" source_length="312" source_offset="9824" source_reference="wiki_65_BB_52.txt" this_length="336" this_offset="11483"/>
</document>
