<?xml version="1.0" ?>
<document reference="wiki_19_BP_27.txt">
	<feature name="plagiarism" source_length="219" source_offset="45048" source_reference="wiki_67_AC_12.txt" this_length="248" this_offset="85"/>
	<feature name="plagiarism" source_length="236" source_offset="37696" source_reference="wiki_67_AC_12.txt" this_length="271" this_offset="333"/>
	<feature name="plagiarism" source_length="102" source_offset="13596" source_reference="wiki_16_BC_19.txt" this_length="108" this_offset="803"/>
	<feature name="plagiarism" source_length="236" source_offset="16704" source_reference="wiki_29_BL_29.txt" this_length="276" this_offset="911"/>
	<feature name="plagiarism" source_length="111" source_offset="39500" source_reference="wiki_29_BL_29.txt" this_length="128" this_offset="1187"/>
	<feature name="plagiarism" source_length="130" source_offset="9278" source_reference="wiki_16_BC_19.txt" this_length="104" this_offset="1315"/>
	<feature name="plagiarism" source_length="246" source_offset="35668" source_reference="wiki_06_AE_5.txt" this_length="256" this_offset="1419"/>
	<feature name="plagiarism" source_length="94" source_offset="16610" source_reference="wiki_29_BL_29.txt" this_length="115" this_offset="1675"/>
	<feature name="plagiarism" source_length="86" source_offset="53399" source_reference="wiki_68_BH_26.txt" this_length="89" this_offset="1790"/>
	<feature name="plagiarism" source_length="136" source_offset="8227" source_reference="wiki_29_BL_29.txt" this_length="137" this_offset="2115"/>
	<feature name="plagiarism" source_length="219" source_offset="12876" source_reference="wiki_16_AE_7.txt" this_length="243" this_offset="2624"/>
	<feature name="plagiarism" source_length="307" source_offset="71277" source_reference="wiki_06_AE_5.txt" this_length="345" this_offset="2867"/>
	<feature name="plagiarism" source_length="83" source_offset="58536" source_reference="wiki_06_AE_5.txt" this_length="109" this_offset="3212"/>
	<feature name="plagiarism" source_length="176" source_offset="44872" source_reference="wiki_67_AC_12.txt" this_length="243" this_offset="3425"/>
	<feature name="plagiarism" source_length="173" source_offset="25770" source_reference="wiki_29_BL_29.txt" this_length="205" this_offset="3668"/>
	<feature name="plagiarism" source_length="422" source_offset="44896" source_reference="wiki_20_AD_19.txt" this_length="446" this_offset="3952"/>
	<feature name="plagiarism" source_length="159" source_offset="10198" source_reference="wiki_16_BC_19.txt" this_length="167" this_offset="4398"/>
	<feature name="plagiarism" source_length="132" source_offset="24588" source_reference="wiki_25_BB_41.txt" this_length="121" this_offset="4565"/>
	<feature name="plagiarism" source_length="253" source_offset="49222" source_reference="wiki_68_BH_26.txt" this_length="271" this_offset="4686"/>
	<feature name="plagiarism" source_length="144" source_offset="11177" source_reference="wiki_29_BL_29.txt" this_length="156" this_offset="6342"/>
	<feature name="plagiarism" source_length="193" source_offset="49814" source_reference="wiki_06_AE_5.txt" this_length="209" this_offset="6596"/>
	<feature name="plagiarism" source_length="109" source_offset="1588" source_reference="wiki_06_AE_5.txt" this_length="95" this_offset="7607"/>
	<feature name="plagiarism" source_length="97" source_offset="40485" source_reference="wiki_68_BH_26.txt" this_length="83" this_offset="7702"/>
	<feature name="plagiarism" source_length="142" source_offset="2628" source_reference="wiki_06_AE_5.txt" this_length="148" this_offset="7785"/>
	<feature name="plagiarism" source_length="92" source_offset="19147" source_reference="wiki_29_BL_29.txt" this_length="85" this_offset="8037"/>
	<feature name="plagiarism" source_length="131" source_offset="19615" source_reference="wiki_06_AE_5.txt" this_length="149" this_offset="8122"/>
	<feature name="plagiarism" source_length="100" source_offset="18571" source_reference="wiki_20_AD_19.txt" this_length="120" this_offset="8397"/>
	<feature name="plagiarism" source_length="145" source_offset="33655" source_reference="wiki_67_AC_12.txt" this_length="189" this_offset="9139"/>
	<feature name="plagiarism" source_length="101" source_offset="30633" source_reference="wiki_06_AE_5.txt" this_length="90" this_offset="9446"/>
	<feature name="plagiarism" source_length="170" source_offset="11581" source_reference="wiki_20_AD_19.txt" this_length="208" this_offset="9536"/>
	<feature name="plagiarism" source_length="155" source_offset="19460" source_reference="wiki_06_AE_5.txt" this_length="176" this_offset="9744"/>
	<feature name="plagiarism" source_length="90" source_offset="7254" source_reference="wiki_20_AD_19.txt" this_length="89" this_offset="9920"/>
	<feature name="plagiarism" source_length="171" source_offset="44789" source_reference="wiki_06_AE_5.txt" this_length="204" this_offset="10009"/>
	<feature name="plagiarism" source_length="120" source_offset="15489" source_reference="wiki_06_AE_5.txt" this_length="135" this_offset="10581"/>
	<feature name="plagiarism" source_length="165" source_offset="16233" source_reference="wiki_67_AC_12.txt" this_length="187" this_offset="10786"/>
	<feature name="plagiarism" source_length="129" source_offset="13964" source_reference="wiki_16_AE_7.txt" this_length="156" this_offset="11137"/>
	<feature name="plagiarism" source_length="86" source_offset="25205" source_reference="wiki_25_BB_41.txt" this_length="83" this_offset="11483"/>
	<feature name="plagiarism" source_length="188" source_offset="18501" source_reference="wiki_67_AC_12.txt" this_length="239" this_offset="11566"/>
	<feature name="plagiarism" source_length="85" source_offset="43866" source_reference="wiki_68_BH_26.txt" this_length="93" this_offset="11805"/>
	<feature name="plagiarism" source_length="616" source_offset="13263" source_reference="wiki_50_BC_50.txt" this_length="724" this_offset="12245"/>
	<feature name="plagiarism" source_length="147" source_offset="37932" source_reference="wiki_67_AC_12.txt" this_length="151" this_offset="12969"/>
	<feature name="plagiarism" source_length="232" source_offset="8471" source_reference="wiki_16_BC_19.txt" this_length="241" this_offset="13286"/>
	<feature name="plagiarism" source_length="61" source_offset="12422" source_reference="wiki_29_BL_29.txt" this_length="55" this_offset="13832"/>
	<feature name="plagiarism" source_length="124" source_offset="24092" source_reference="wiki_06_AE_5.txt" this_length="117" this_offset="13887"/>
	<feature name="plagiarism" source_length="224" source_offset="12449" source_reference="wiki_16_BC_19.txt" this_length="219" this_offset="14004"/>
	<feature name="plagiarism" source_length="395" source_offset="73003" source_reference="wiki_06_AE_5.txt" this_length="466" this_offset="14477"/>
	<feature name="plagiarism" source_length="113" source_offset="46968" source_reference="wiki_25_BB_41.txt" this_length="124" this_offset="14943"/>
	<feature name="plagiarism" source_length="173" source_offset="32412" source_reference="wiki_16_BC_19.txt" this_length="207" this_offset="15440"/>
	<feature name="plagiarism" source_length="128" source_offset="33485" source_reference="wiki_68_BH_26.txt" this_length="128" this_offset="15953"/>
	<feature name="plagiarism" source_length="200" source_offset="35024" source_reference="wiki_06_AE_5.txt" this_length="195" this_offset="16252"/>
	<feature name="plagiarism" source_length="156" source_offset="45268" source_reference="wiki_67_AC_12.txt" this_length="203" this_offset="16447"/>
</document>
