<?xml version="1.0" ?>
<document reference="wiki_17_AE_41.txt">
	<feature name="plagiarism" source_length="149" source_offset="22489" source_reference="wiki_97_AA_31.txt" this_length="146" this_offset="8"/>
	<feature name="plagiarism" source_length="214" source_offset="22004" source_reference="wiki_25_BB_41.txt" this_length="221" this_offset="154"/>
	<feature name="plagiarism" source_length="213" source_offset="5985" source_reference="wiki_32_AC_4.txt" this_length="253" this_offset="399"/>
	<feature name="plagiarism" source_length="110" source_offset="32439" source_reference="wiki_32_AC_4.txt" this_length="147" this_offset="652"/>
	<feature name="plagiarism" source_length="158" source_offset="34498" source_reference="wiki_25_BB_41.txt" this_length="153" this_offset="1294"/>
	<feature name="plagiarism" source_length="73" source_offset="12356" source_reference="wiki_25_BB_41.txt" this_length="79" this_offset="1828"/>
	<feature name="plagiarism" source_length="186" source_offset="400" source_reference="wiki_25_BB_41.txt" this_length="215" this_offset="2093"/>
	<feature name="plagiarism" source_length="173" source_offset="1305" source_reference="wiki_25_BB_41.txt" this_length="183" this_offset="2393"/>
	<feature name="plagiarism" source_length="240" source_offset="30530" source_reference="wiki_26_AC_4.txt" this_length="209" this_offset="2576"/>
	<feature name="plagiarism" source_length="137" source_offset="17889" source_reference="wiki_26_AC_4.txt" this_length="134" this_offset="2858"/>
	<feature name="plagiarism" source_length="255" source_offset="3799" source_reference="wiki_97_AA_31.txt" this_length="272" this_offset="2992"/>
	<feature name="plagiarism" source_length="132" source_offset="43160" source_reference="wiki_32_AC_4.txt" this_length="152" this_offset="3443"/>
	<feature name="plagiarism" source_length="102" source_offset="13470" source_reference="wiki_25_BB_41.txt" this_length="94" this_offset="3595"/>
	<feature name="plagiarism" source_length="161" source_offset="34333" source_reference="wiki_32_AC_4.txt" this_length="189" this_offset="4056"/>
	<feature name="plagiarism" source_length="120" source_offset="15078" source_reference="wiki_26_AC_4.txt" this_length="117" this_offset="4245"/>
	<feature name="plagiarism" source_length="143" source_offset="35098" source_reference="wiki_32_AC_4.txt" this_length="171" this_offset="4377"/>
	<feature name="plagiarism" source_length="115" source_offset="55566" source_reference="wiki_25_BB_41.txt" this_length="122" this_offset="4880"/>
	<feature name="plagiarism" source_length="93" source_offset="42881" source_reference="wiki_97_AA_31.txt" this_length="129" this_offset="5002"/>
	<feature name="plagiarism" source_length="185" source_offset="13607" source_reference="wiki_26_AC_4.txt" this_length="182" this_offset="5131"/>
	<feature name="plagiarism" source_length="255" source_offset="569" source_reference="wiki_32_AC_4.txt" this_length="274" this_offset="5313"/>
	<feature name="plagiarism" source_length="158" source_offset="23648" source_reference="wiki_32_AC_4.txt" this_length="169" this_offset="5701"/>
	<feature name="plagiarism" source_length="139" source_offset="32543" source_reference="wiki_97_AA_31.txt" this_length="151" this_offset="5978"/>
	<feature name="plagiarism" source_length="107" source_offset="37535" source_reference="wiki_26_AC_4.txt" this_length="117" this_offset="6129"/>
	<feature name="plagiarism" source_length="126" source_offset="52055" source_reference="wiki_97_AA_31.txt" this_length="130" this_offset="6271"/>
	<feature name="plagiarism" source_length="139" source_offset="23156" source_reference="wiki_26_AC_4.txt" this_length="143" this_offset="6401"/>
	<feature name="plagiarism" source_length="121" source_offset="26050" source_reference="wiki_25_BB_41.txt" this_length="124" this_offset="6544"/>
	<feature name="plagiarism" source_length="231" source_offset="57257" source_reference="wiki_32_AC_4.txt" this_length="256" this_offset="6668"/>
	<feature name="plagiarism" source_length="65" source_offset="16599" source_reference="wiki_26_AC_4.txt" this_length="62" this_offset="7299"/>
	<feature name="plagiarism" source_length="216" source_offset="54710" source_reference="wiki_25_BB_41.txt" this_length="240" this_offset="7840"/>
	<feature name="plagiarism" source_length="106" source_offset="48413" source_reference="wiki_32_AC_4.txt" this_length="114" this_offset="8136"/>
	<feature name="plagiarism" source_length="100" source_offset="16509" source_reference="wiki_97_AA_31.txt" this_length="109" this_offset="8250"/>
	<feature name="plagiarism" source_length="133" source_offset="39290" source_reference="wiki_32_AC_4.txt" this_length="145" this_offset="8639"/>
	<feature name="plagiarism" source_length="252" source_offset="3257" source_reference="wiki_25_BB_41.txt" this_length="279" this_offset="8784"/>
	<feature name="plagiarism" source_length="227" source_offset="52731" source_reference="wiki_25_BB_41.txt" this_length="262" this_offset="9063"/>
	<feature name="plagiarism" source_length="71" source_offset="14674" source_reference="wiki_25_BB_41.txt" this_length="68" this_offset="9512"/>
	<feature name="plagiarism" source_length="152" source_offset="15621" source_reference="wiki_25_BB_41.txt" this_length="158" this_offset="9580"/>
	<feature name="plagiarism" source_length="203" source_offset="43476" source_reference="wiki_97_AA_31.txt" this_length="180" this_offset="9738"/>
	<feature name="plagiarism" source_length="146" source_offset="22894" source_reference="wiki_32_AC_4.txt" this_length="166" this_offset="9984"/>
	<feature name="plagiarism" source_length="159" source_offset="3020" source_reference="wiki_32_AC_4.txt" this_length="187" this_offset="10150"/>
	<feature name="plagiarism" source_length="132" source_offset="16990" source_reference="wiki_97_AA_31.txt" this_length="147" this_offset="10337"/>
	<feature name="plagiarism" source_length="226" source_offset="29101" source_reference="wiki_25_BB_41.txt" this_length="272" this_offset="10587"/>
	<feature name="plagiarism" source_length="134" source_offset="35619" source_reference="wiki_26_AC_4.txt" this_length="113" this_offset="11035"/>
	<feature name="plagiarism" source_length="131" source_offset="13573" source_reference="wiki_25_BB_41.txt" this_length="103" this_offset="11292"/>
	<feature name="plagiarism" source_length="304" source_offset="10914" source_reference="wiki_32_AC_4.txt" this_length="316" this_offset="11395"/>
	<feature name="plagiarism" source_length="79" source_offset="33196" source_reference="wiki_97_AA_31.txt" this_length="76" this_offset="11711"/>
	<feature name="plagiarism" source_length="145" source_offset="16706" source_reference="wiki_26_AC_4.txt" this_length="162" this_offset="11787"/>
	<feature name="plagiarism" source_length="136" source_offset="53690" source_reference="wiki_25_BB_41.txt" this_length="140" this_offset="12081"/>
	<feature name="plagiarism" source_length="191" source_offset="39637" source_reference="wiki_32_AC_4.txt" this_length="216" this_offset="12221"/>
	<feature name="plagiarism" source_length="224" source_offset="43002" source_reference="wiki_25_BB_41.txt" this_length="255" this_offset="12506"/>
	<feature name="plagiarism" source_length="136" source_offset="18698" source_reference="wiki_97_AA_31.txt" this_length="148" this_offset="12761"/>
	<feature name="plagiarism" source_length="106" source_offset="50544" source_reference="wiki_97_AA_31.txt" this_length="92" this_offset="12909"/>
	<feature name="plagiarism" source_length="61" source_offset="25226" source_reference="wiki_26_AC_4.txt" this_length="73" this_offset="13001"/>
	<feature name="plagiarism" source_length="206" source_offset="30648" source_reference="wiki_32_AC_4.txt" this_length="237" this_offset="13245"/>
	<feature name="plagiarism" source_length="207" source_offset="54641" source_reference="wiki_32_AC_4.txt" this_length="238" this_offset="13482"/>
	<feature name="plagiarism" source_length="176" source_offset="28624" source_reference="wiki_25_BB_41.txt" this_length="192" this_offset="13818"/>
	<feature name="plagiarism" source_length="166" source_offset="4408" source_reference="wiki_32_AC_4.txt" this_length="188" this_offset="14185"/>
	<feature name="plagiarism" source_length="79" source_offset="29548" source_reference="wiki_25_BB_41.txt" this_length="110" this_offset="14373"/>
	<feature name="plagiarism" source_length="393" source_offset="53257" source_reference="wiki_32_AC_4.txt" this_length="456" this_offset="14566"/>
	<feature name="plagiarism" source_length="182" source_offset="45111" source_reference="wiki_32_AC_4.txt" this_length="200" this_offset="15251"/>
	<feature name="plagiarism" source_length="127" source_offset="36283" source_reference="wiki_25_BB_41.txt" this_length="145" this_offset="15451"/>
</document>
