<?xml version="1.0" ?>
<document reference="wiki_76_AY_13.txt">
	<feature name="plagiarism" source_length="117" source_offset="1824" source_reference="wiki_58_BB_28.txt" this_length="132" this_offset="187"/>
	<feature name="plagiarism" source_length="54" source_offset="118" source_reference="wiki_31_AG_28.txt" this_length="59" this_offset="319"/>
	<feature name="plagiarism" source_length="112" source_offset="7850" source_reference="wiki_31_AG_28.txt" this_length="129" this_offset="738"/>
	<feature name="plagiarism" source_length="153" source_offset="3784" source_reference="wiki_58_BB_28.txt" this_length="158" this_offset="1001"/>
	<feature name="plagiarism" source_length="149" source_offset="9622" source_reference="wiki_34_AO_29.txt" this_length="139" this_offset="1159"/>
	<feature name="plagiarism" source_length="173" source_offset="6026" source_reference="wiki_35_AE_30.txt" this_length="150" this_offset="1413"/>
	<feature name="plagiarism" source_length="263" source_offset="12747" source_reference="wiki_31_AG_28.txt" this_length="283" this_offset="1669"/>
	<feature name="plagiarism" source_length="106" source_offset="12810" source_reference="wiki_58_BB_28.txt" this_length="99" this_offset="2070"/>
	<feature name="plagiarism" source_length="145" source_offset="22435" source_reference="wiki_31_AG_28.txt" this_length="146" this_offset="2169"/>
	<feature name="plagiarism" source_length="181" source_offset="10274" source_reference="wiki_31_AG_28.txt" this_length="176" this_offset="2873"/>
	<feature name="plagiarism" source_length="89" source_offset="2871" source_reference="wiki_31_AG_28.txt" this_length="77" this_offset="3049"/>
	<feature name="plagiarism" source_length="237" source_offset="3254" source_reference="wiki_58_BB_28.txt" this_length="246" this_offset="3126"/>
	<feature name="plagiarism" source_length="114" source_offset="12918" source_reference="wiki_34_AO_29.txt" this_length="113" this_offset="3372"/>
	<feature name="plagiarism" source_length="124" source_offset="1483" source_reference="wiki_31_AG_28.txt" this_length="150" this_offset="3485"/>
	<feature name="plagiarism" source_length="104" source_offset="10513" source_reference="wiki_58_BB_28.txt" this_length="103" this_offset="3635"/>
	<feature name="plagiarism" source_length="144" source_offset="13413" source_reference="wiki_31_AG_28.txt" this_length="150" this_offset="3857"/>
	<feature name="plagiarism" source_length="99" source_offset="7503" source_reference="wiki_31_AG_28.txt" this_length="122" this_offset="4289"/>
	<feature name="plagiarism" source_length="59" source_offset="4017" source_reference="wiki_35_AE_30.txt" this_length="62" this_offset="4574"/>
	<feature name="plagiarism" source_length="81" source_offset="4076" source_reference="wiki_35_AE_30.txt" this_length="78" this_offset="4636"/>
	<feature name="plagiarism" source_length="267" source_offset="20754" source_reference="wiki_31_AG_28.txt" this_length="264" this_offset="4714"/>
	<feature name="plagiarism" source_length="153" source_offset="15525" source_reference="wiki_58_BB_28.txt" this_length="135" this_offset="5232"/>
	<feature name="plagiarism" source_length="170" source_offset="4435" source_reference="wiki_31_AG_28.txt" this_length="192" this_offset="5367"/>
	<feature name="plagiarism" source_length="123" source_offset="4916" source_reference="wiki_58_BB_28.txt" this_length="112" this_offset="5790"/>
</document>
