<?xml version="1.0" ?>
<document reference="wiki_69_BK_2.txt">
	<feature name="plagiarism" source_length="157" source_offset="25988" source_reference="wiki_07_AQ_7.txt" this_length="171" this_offset="655"/>
	<feature name="plagiarism" source_length="295" source_offset="11777" source_reference="wiki_72_BH_52.txt" this_length="268" this_offset="826"/>
	<feature name="plagiarism" source_length="182" source_offset="18611" source_reference="wiki_72_BH_52.txt" this_length="200" this_offset="1505"/>
	<feature name="plagiarism" source_length="107" source_offset="14981" source_reference="wiki_72_BH_52.txt" this_length="99" this_offset="1995"/>
	<feature name="plagiarism" source_length="157" source_offset="23777" source_reference="wiki_07_AQ_7.txt" this_length="182" this_offset="3641"/>
	<feature name="plagiarism" source_length="251" source_offset="16094" source_reference="wiki_07_AQ_7.txt" this_length="267" this_offset="3976"/>
	<feature name="plagiarism" source_length="217" source_offset="17207" source_reference="wiki_72_BH_52.txt" this_length="226" this_offset="4243"/>
	<feature name="plagiarism" source_length="107" source_offset="29508" source_reference="wiki_07_AQ_7.txt" this_length="125" this_offset="5669"/>
	<feature name="plagiarism" source_length="176" source_offset="12897" source_reference="wiki_72_BH_52.txt" this_length="217" this_offset="5967"/>
	<feature name="plagiarism" source_length="227" source_offset="17424" source_reference="wiki_72_BH_52.txt" this_length="256" this_offset="7480"/>
	<feature name="plagiarism" source_length="177" source_offset="333" source_reference="wiki_72_BH_52.txt" this_length="185" this_offset="8176"/>
</document>
