<?xml version="1.0" ?>
<document reference="wiki_90_AC_26.txt">
	<feature name="plagiarism" source_length="199" source_offset="11285" source_reference="wiki_60_AW_7.txt" this_length="238" this_offset="23"/>
	<feature name="plagiarism" source_length="116" source_offset="84733" source_reference="wiki_23_AA_21.txt" this_length="106" this_offset="261"/>
	<feature name="plagiarism" source_length="68" source_offset="22647" source_reference="wiki_33_AO_14.txt" this_length="71" this_offset="648"/>
	<feature name="plagiarism" source_length="200" source_offset="27017" source_reference="wiki_23_AA_21.txt" this_length="201" this_offset="719"/>
	<feature name="plagiarism" source_length="186" source_offset="20677" source_reference="wiki_27_AA_14.txt" this_length="211" this_offset="920"/>
	<feature name="plagiarism" source_length="137" source_offset="83873" source_reference="wiki_23_AA_21.txt" this_length="157" this_offset="1131"/>
	<feature name="plagiarism" source_length="155" source_offset="35099" source_reference="wiki_23_AA_21.txt" this_length="172" this_offset="1449"/>
	<feature name="plagiarism" source_length="190" source_offset="10406" source_reference="wiki_60_AW_7.txt" this_length="191" this_offset="1621"/>
	<feature name="plagiarism" source_length="77" source_offset="9899" source_reference="wiki_23_AM_4.txt" this_length="99" this_offset="2107"/>
	<feature name="plagiarism" source_length="148" source_offset="15647" source_reference="wiki_33_AO_14.txt" this_length="151" this_offset="2289"/>
	<feature name="plagiarism" source_length="55" source_offset="14886" source_reference="wiki_33_AO_14.txt" this_length="59" this_offset="2440"/>
	<feature name="plagiarism" source_length="161" source_offset="7216" source_reference="wiki_23_AA_21.txt" this_length="180" this_offset="2499"/>
	<feature name="plagiarism" source_length="172" source_offset="43441" source_reference="wiki_23_AA_21.txt" this_length="196" this_offset="2849"/>
	<feature name="plagiarism" source_length="53" source_offset="17823" source_reference="wiki_33_AO_14.txt" this_length="73" this_offset="3045"/>
	<feature name="plagiarism" source_length="284" source_offset="22127" source_reference="wiki_27_AA_14.txt" this_length="263" this_offset="3147"/>
	<feature name="plagiarism" source_length="139" source_offset="20185" source_reference="wiki_60_AW_7.txt" this_length="128" this_offset="3410"/>
	<feature name="plagiarism" source_length="127" source_offset="82697" source_reference="wiki_23_AA_21.txt" this_length="127" this_offset="3538"/>
	<feature name="plagiarism" source_length="210" source_offset="24862" source_reference="wiki_27_AA_14.txt" this_length="242" this_offset="3665"/>
	<feature name="plagiarism" source_length="59" source_offset="14164" source_reference="wiki_23_AM_4.txt" this_length="64" this_offset="3907"/>
	<feature name="plagiarism" source_length="144" source_offset="13622" source_reference="wiki_33_AO_14.txt" this_length="152" this_offset="4172"/>
	<feature name="plagiarism" source_length="86" source_offset="46076" source_reference="wiki_23_AA_21.txt" this_length="84" this_offset="4505"/>
	<feature name="plagiarism" source_length="142" source_offset="17511" source_reference="wiki_33_AO_14.txt" this_length="147" this_offset="4792"/>
	<feature name="plagiarism" source_length="143" source_offset="36935" source_reference="wiki_23_AA_21.txt" this_length="162" this_offset="5089"/>
	<feature name="plagiarism" source_length="109" source_offset="29086" source_reference="wiki_33_BG_43.txt" this_length="139" this_offset="5628"/>
	<feature name="plagiarism" source_length="75" source_offset="9962" source_reference="wiki_27_AA_14.txt" this_length="63" this_offset="5788"/>
	<feature name="plagiarism" source_length="152" source_offset="71243" source_reference="wiki_23_AA_21.txt" this_length="143" this_offset="5996"/>
	<feature name="plagiarism" source_length="431" source_offset="34413" source_reference="wiki_23_AA_21.txt" this_length="505" this_offset="6225"/>
	<feature name="plagiarism" source_length="126" source_offset="17228" source_reference="wiki_33_AO_14.txt" this_length="140" this_offset="6730"/>
	<feature name="plagiarism" source_length="135" source_offset="4876" source_reference="wiki_33_BG_43.txt" this_length="153" this_offset="6951"/>
	<feature name="plagiarism" source_length="184" source_offset="63468" source_reference="wiki_23_AA_21.txt" this_length="182" this_offset="7133"/>
	<feature name="plagiarism" source_length="95" source_offset="134" source_reference="wiki_23_AA_21.txt" this_length="89" this_offset="7375"/>
	<feature name="plagiarism" source_length="99" source_offset="58398" source_reference="wiki_23_AA_21.txt" this_length="95" this_offset="7479"/>
	<feature name="plagiarism" source_length="330" source_offset="1247" source_reference="wiki_23_AA_21.txt" this_length="326" this_offset="7736"/>
	<feature name="plagiarism" source_length="183" source_offset="10675" source_reference="wiki_33_AO_14.txt" this_length="173" this_offset="8062"/>
	<feature name="plagiarism" source_length="57" source_offset="74357" source_reference="wiki_23_AA_21.txt" this_length="51" this_offset="8405"/>
	<feature name="plagiarism" source_length="141" source_offset="76484" source_reference="wiki_23_AA_21.txt" this_length="147" this_offset="8496"/>
	<feature name="plagiarism" source_length="74" source_offset="11689" source_reference="wiki_27_AA_14.txt" this_length="84" this_offset="9085"/>
	<feature name="plagiarism" source_length="93" source_offset="2091" source_reference="wiki_33_BG_43.txt" this_length="108" this_offset="9169"/>
	<feature name="plagiarism" source_length="209" source_offset="26598" source_reference="wiki_60_AW_7.txt" this_length="248" this_offset="9277"/>
	<feature name="plagiarism" source_length="160" source_offset="7526" source_reference="wiki_33_BG_43.txt" this_length="158" this_offset="9559"/>
	<feature name="plagiarism" source_length="147" source_offset="58968" source_reference="wiki_23_AA_21.txt" this_length="144" this_offset="9717"/>
</document>
