<?xml version="1.0" ?>
<document reference="wiki_48_AJ_58.txt">
	<feature name="plagiarism" source_length="177" source_offset="21219" source_reference="wiki_61_BJ_18.txt" this_length="182" this_offset="88"/>
	<feature name="plagiarism" source_length="317" source_offset="25425" source_reference="wiki_99_AA_34.txt" this_length="329" this_offset="270"/>
	<feature name="plagiarism" source_length="324" source_offset="5542" source_reference="wiki_71_AQ_8.txt" this_length="348" this_offset="907"/>
	<feature name="plagiarism" source_length="177" source_offset="61598" source_reference="wiki_71_AQ_8.txt" this_length="214" this_offset="1255"/>
	<feature name="plagiarism" source_length="58" source_offset="32349" source_reference="wiki_74_AB_19.txt" this_length="58" this_offset="1469"/>
	<feature name="plagiarism" source_length="183" source_offset="33094" source_reference="wiki_83_AL_32.txt" this_length="174" this_offset="1527"/>
	<feature name="plagiarism" source_length="174" source_offset="5968" source_reference="wiki_83_AL_32.txt" this_length="184" this_offset="1701"/>
	<feature name="plagiarism" source_length="167" source_offset="20347" source_reference="wiki_83_AL_32.txt" this_length="199" this_offset="1885"/>
	<feature name="plagiarism" source_length="224" source_offset="12261" source_reference="wiki_01_AD_18.txt" this_length="203" this_offset="2084"/>
	<feature name="plagiarism" source_length="161" source_offset="5807" source_reference="wiki_83_AL_32.txt" this_length="155" this_offset="2414"/>
	<feature name="plagiarism" source_length="271" source_offset="45851" source_reference="wiki_71_AQ_8.txt" this_length="308" this_offset="2569"/>
	<feature name="plagiarism" source_length="234" source_offset="20002" source_reference="wiki_26_AC_4.txt" this_length="238" this_offset="3184"/>
	<feature name="plagiarism" source_length="175" source_offset="7982" source_reference="wiki_26_AC_4.txt" this_length="156" this_offset="3422"/>
	<feature name="plagiarism" source_length="148" source_offset="15449" source_reference="wiki_71_AQ_8.txt" this_length="161" this_offset="3689"/>
	<feature name="plagiarism" source_length="69" source_offset="27541" source_reference="wiki_01_AD_18.txt" this_length="74" this_offset="4043"/>
	<feature name="plagiarism" source_length="160" source_offset="34614" source_reference="wiki_71_AQ_8.txt" this_length="176" this_offset="4117"/>
	<feature name="plagiarism" source_length="163" source_offset="4899" source_reference="wiki_57_AC_14.txt" this_length="166" this_offset="4293"/>
	<feature name="plagiarism" source_length="118" source_offset="22182" source_reference="wiki_01_AD_18.txt" this_length="130" this_offset="4750"/>
	<feature name="plagiarism" source_length="126" source_offset="19349" source_reference="wiki_83_AL_32.txt" this_length="137" this_offset="4880"/>
	<feature name="plagiarism" source_length="64" source_offset="35280" source_reference="wiki_01_AD_18.txt" this_length="66" this_offset="5017"/>
	<feature name="plagiarism" source_length="150" source_offset="5911" source_reference="wiki_99_AA_34.txt" this_length="140" this_offset="5117"/>
	<feature name="plagiarism" source_length="236" source_offset="10178" source_reference="wiki_57_AC_14.txt" this_length="251" this_offset="5257"/>
	<feature name="plagiarism" source_length="58" source_offset="22549" source_reference="wiki_74_AB_19.txt" this_length="51" this_offset="5508"/>
	<feature name="plagiarism" source_length="114" source_offset="23715" source_reference="wiki_61_BJ_18.txt" this_length="170" this_offset="5559"/>
	<feature name="plagiarism" source_length="98" source_offset="3402" source_reference="wiki_26_AC_4.txt" this_length="92" this_offset="5807"/>
	<feature name="plagiarism" source_length="122" source_offset="14078" source_reference="wiki_83_AL_32.txt" this_length="163" this_offset="5899"/>
	<feature name="plagiarism" source_length="187" source_offset="38056" source_reference="wiki_26_AC_4.txt" this_length="222" this_offset="6062"/>
	<feature name="plagiarism" source_length="149" source_offset="30100" source_reference="wiki_61_BJ_18.txt" this_length="172" this_offset="6284"/>
	<feature name="plagiarism" source_length="87" source_offset="24451" source_reference="wiki_01_AD_18.txt" this_length="88" this_offset="6491"/>
	<feature name="plagiarism" source_length="56" source_offset="33330" source_reference="wiki_71_AQ_8.txt" this_length="68" this_offset="6579"/>
	<feature name="plagiarism" source_length="198" source_offset="28146" source_reference="wiki_83_AL_32.txt" this_length="209" this_offset="6647"/>
	<feature name="plagiarism" source_length="115" source_offset="7865" source_reference="wiki_71_AQ_8.txt" this_length="123" this_offset="6909"/>
	<feature name="plagiarism" source_length="127" source_offset="18561" source_reference="wiki_99_AA_34.txt" this_length="142" this_offset="7032"/>
	<feature name="plagiarism" source_length="208" source_offset="16882" source_reference="wiki_74_AB_19.txt" this_length="249" this_offset="7174"/>
	<feature name="plagiarism" source_length="114" source_offset="52235" source_reference="wiki_71_AQ_8.txt" this_length="154" this_offset="7745"/>
	<feature name="plagiarism" source_length="190" source_offset="8940" source_reference="wiki_61_BJ_18.txt" this_length="187" this_offset="7899"/>
	<feature name="plagiarism" source_length="134" source_offset="17312" source_reference="wiki_71_AQ_8.txt" this_length="165" this_offset="8086"/>
	<feature name="plagiarism" source_length="169" source_offset="24420" source_reference="wiki_57_AC_14.txt" this_length="184" this_offset="8251"/>
	<feature name="plagiarism" source_length="61" source_offset="31362" source_reference="wiki_61_BJ_18.txt" this_length="64" this_offset="8435"/>
	<feature name="plagiarism" source_length="94" source_offset="21649" source_reference="wiki_61_BJ_18.txt" this_length="89" this_offset="8595"/>
	<feature name="plagiarism" source_length="218" source_offset="57431" source_reference="wiki_71_AQ_8.txt" this_length="219" this_offset="8954"/>
	<feature name="plagiarism" source_length="66" source_offset="2430" source_reference="wiki_74_AB_19.txt" this_length="73" this_offset="9199"/>
	<feature name="plagiarism" source_length="60" source_offset="6838" source_reference="wiki_01_AD_18.txt" this_length="70" this_offset="9272"/>
	<feature name="plagiarism" source_length="171" source_offset="30894" source_reference="wiki_61_BJ_18.txt" this_length="188" this_offset="9495"/>
	<feature name="plagiarism" source_length="113" source_offset="61128" source_reference="wiki_71_AQ_8.txt" this_length="100" this_offset="9683"/>
	<feature name="plagiarism" source_length="308" source_offset="32407" source_reference="wiki_74_AB_19.txt" this_length="314" this_offset="9783"/>
	<feature name="plagiarism" source_length="258" source_offset="27121" source_reference="wiki_57_AC_14.txt" this_length="290" this_offset="10160"/>
	<feature name="plagiarism" source_length="87" source_offset="918" source_reference="wiki_71_AQ_8.txt" this_length="89" this_offset="10450"/>
	<feature name="plagiarism" source_length="210" source_offset="35097" source_reference="wiki_61_BJ_18.txt" this_length="236" this_offset="10539"/>
	<feature name="plagiarism" source_length="204" source_offset="9706" source_reference="wiki_83_AL_32.txt" this_length="253" this_offset="10775"/>
	<feature name="plagiarism" source_length="140" source_offset="33386" source_reference="wiki_71_AQ_8.txt" this_length="154" this_offset="11056"/>
	<feature name="plagiarism" source_length="129" source_offset="33678" source_reference="wiki_71_AQ_8.txt" this_length="160" this_offset="11342"/>
	<feature name="plagiarism" source_length="183" source_offset="9164" source_reference="wiki_26_AC_4.txt" this_length="192" this_offset="11502"/>
	<feature name="plagiarism" source_length="242" source_offset="20923" source_reference="wiki_74_AB_19.txt" this_length="232" this_offset="11742"/>
	<feature name="plagiarism" source_length="313" source_offset="14558" source_reference="wiki_99_AA_34.txt" this_length="308" this_offset="12091"/>
	<feature name="plagiarism" source_length="63" source_offset="2158" source_reference="wiki_71_AQ_8.txt" this_length="67" this_offset="12399"/>
	<feature name="plagiarism" source_length="96" source_offset="24538" source_reference="wiki_01_AD_18.txt" this_length="102" this_offset="12466"/>
	<feature name="plagiarism" source_length="252" source_offset="29431" source_reference="wiki_83_AL_32.txt" this_length="256" this_offset="12786"/>
	<feature name="plagiarism" source_length="92" source_offset="31436" source_reference="wiki_83_AL_32.txt" this_length="106" this_offset="13042"/>
	<feature name="plagiarism" source_length="449" source_offset="15326" source_reference="wiki_83_AL_32.txt" this_length="455" this_offset="13264"/>
	<feature name="plagiarism" source_length="159" source_offset="1235" source_reference="wiki_01_AD_18.txt" this_length="191" this_offset="13769"/>
	<feature name="plagiarism" source_length="95" source_offset="55804" source_reference="wiki_71_AQ_8.txt" this_length="112" this_offset="13960"/>
	<feature name="plagiarism" source_length="228" source_offset="6193" source_reference="wiki_74_AB_19.txt" this_length="278" this_offset="14123"/>
	<feature name="plagiarism" source_length="87" source_offset="8850" source_reference="wiki_74_AB_19.txt" this_length="97" this_offset="14605"/>
</document>
