<?xml version="1.0" ?>
<document reference="wiki_75_AH_12.txt">
	<feature name="plagiarism" source_length="159" source_offset="77169" source_reference="wiki_67_AH_19.txt" this_length="174" this_offset="24"/>
	<feature name="plagiarism" source_length="154" source_offset="44886" source_reference="wiki_18_AB_16.txt" this_length="139" this_offset="198"/>
	<feature name="plagiarism" source_length="91" source_offset="4607" source_reference="wiki_18_AB_16.txt" this_length="100" this_offset="337"/>
	<feature name="plagiarism" source_length="271" source_offset="45798" source_reference="wiki_18_AB_16.txt" this_length="283" this_offset="437"/>
	<feature name="plagiarism" source_length="104" source_offset="13765" source_reference="wiki_18_AB_16.txt" this_length="108" this_offset="720"/>
	<feature name="plagiarism" source_length="74" source_offset="57633" source_reference="wiki_67_AH_19.txt" this_length="77" this_offset="963"/>
	<feature name="plagiarism" source_length="58" source_offset="10486" source_reference="wiki_15_AN_45.txt" this_length="63" this_offset="1384"/>
	<feature name="plagiarism" source_length="168" source_offset="20605" source_reference="wiki_94_BC_51.txt" this_length="189" this_offset="1557"/>
	<feature name="plagiarism" source_length="149" source_offset="85238" source_reference="wiki_67_AH_19.txt" this_length="164" this_offset="1746"/>
	<feature name="plagiarism" source_length="161" source_offset="17262" source_reference="wiki_94_BC_51.txt" this_length="166" this_offset="1910"/>
	<feature name="plagiarism" source_length="314" source_offset="6993" source_reference="wiki_15_AN_45.txt" this_length="310" this_offset="2076"/>
	<feature name="plagiarism" source_length="114" source_offset="74121" source_reference="wiki_67_AH_19.txt" this_length="119" this_offset="2477"/>
	<feature name="plagiarism" source_length="53" source_offset="22180" source_reference="wiki_67_AH_19.txt" this_length="60" this_offset="2852"/>
	<feature name="plagiarism" source_length="77" source_offset="51874" source_reference="wiki_67_AH_19.txt" this_length="79" this_offset="2912"/>
	<feature name="plagiarism" source_length="107" source_offset="18897" source_reference="wiki_67_AH_19.txt" this_length="113" this_offset="2991"/>
	<feature name="plagiarism" source_length="149" source_offset="5016" source_reference="wiki_94_BC_51.txt" this_length="164" this_offset="3195"/>
	<feature name="plagiarism" source_length="241" source_offset="13701" source_reference="wiki_67_AH_19.txt" this_length="229" this_offset="3680"/>
	<feature name="plagiarism" source_length="124" source_offset="5105" source_reference="wiki_15_AN_45.txt" this_length="155" this_offset="4010"/>
	<feature name="plagiarism" source_length="164" source_offset="47613" source_reference="wiki_18_AB_16.txt" this_length="161" this_offset="4202"/>
	<feature name="plagiarism" source_length="223" source_offset="25428" source_reference="wiki_94_BC_51.txt" this_length="236" this_offset="4363"/>
	<feature name="plagiarism" source_length="369" source_offset="16515" source_reference="wiki_67_AH_19.txt" this_length="228" this_offset="4599"/>
	<feature name="plagiarism" source_length="318" source_offset="44077" source_reference="wiki_94_BC_51.txt" this_length="332" this_offset="4903"/>
	<feature name="plagiarism" source_length="171" source_offset="52720" source_reference="wiki_67_AH_19.txt" this_length="185" this_offset="5235"/>
	<feature name="plagiarism" source_length="77" source_offset="77328" source_reference="wiki_67_AH_19.txt" this_length="77" this_offset="5458"/>
	<feature name="plagiarism" source_length="216" source_offset="13410" source_reference="wiki_94_BC_51.txt" this_length="195" this_offset="5535"/>
	<feature name="plagiarism" source_length="140" source_offset="75732" source_reference="wiki_67_AH_19.txt" this_length="149" this_offset="5730"/>
	<feature name="plagiarism" source_length="121" source_offset="31849" source_reference="wiki_94_BC_51.txt" this_length="141" this_offset="6055"/>
	<feature name="plagiarism" source_length="188" source_offset="12354" source_reference="wiki_02_BA_30.txt" this_length="238" this_offset="6196"/>
	<feature name="plagiarism" source_length="226" source_offset="151" source_reference="wiki_94_BC_51.txt" this_length="258" this_offset="6434"/>
	<feature name="plagiarism" source_length="72" source_offset="59796" source_reference="wiki_67_AH_19.txt" this_length="78" this_offset="6692"/>
	<feature name="plagiarism" source_length="147" source_offset="22977" source_reference="wiki_67_AH_19.txt" this_length="171" this_offset="7147"/>
	<feature name="plagiarism" source_length="163" source_offset="26755" source_reference="wiki_67_AH_19.txt" this_length="156" this_offset="7318"/>
	<feature name="plagiarism" source_length="134" source_offset="78759" source_reference="wiki_67_AH_19.txt" this_length="125" this_offset="7474"/>
	<feature name="plagiarism" source_length="389" source_offset="36216" source_reference="wiki_18_AB_16.txt" this_length="307" this_offset="7599"/>
	<feature name="plagiarism" source_length="68" source_offset="71303" source_reference="wiki_67_AH_19.txt" this_length="77" this_offset="7940"/>
	<feature name="plagiarism" source_length="159" source_offset="13037" source_reference="wiki_02_BA_30.txt" this_length="215" this_offset="8017"/>
	<feature name="plagiarism" source_length="123" source_offset="77680" source_reference="wiki_67_AH_19.txt" this_length="113" this_offset="8232"/>
	<feature name="plagiarism" source_length="173" source_offset="77405" source_reference="wiki_67_AH_19.txt" this_length="159" this_offset="8358"/>
	<feature name="plagiarism" source_length="217" source_offset="39259" source_reference="wiki_18_AB_16.txt" this_length="270" this_offset="8517"/>
	<feature name="plagiarism" source_length="97" source_offset="74921" source_reference="wiki_67_AH_19.txt" this_length="94" this_offset="8989"/>
	<feature name="plagiarism" source_length="169" source_offset="16222" source_reference="wiki_18_AB_16.txt" this_length="189" this_offset="9343"/>
	<feature name="plagiarism" source_length="76" source_offset="34825" source_reference="wiki_94_BC_51.txt" this_length="78" this_offset="9655"/>
	<feature name="plagiarism" source_length="152" source_offset="20356" source_reference="wiki_94_BC_51.txt" this_length="179" this_offset="9840"/>
	<feature name="plagiarism" source_length="172" source_offset="1956" source_reference="wiki_94_BC_51.txt" this_length="190" this_offset="10019"/>
	<feature name="plagiarism" source_length="177" source_offset="8835" source_reference="wiki_94_BC_51.txt" this_length="189" this_offset="10209"/>
	<feature name="plagiarism" source_length="191" source_offset="29618" source_reference="wiki_18_AB_16.txt" this_length="219" this_offset="10467"/>
	<feature name="plagiarism" source_length="60" source_offset="25594" source_reference="wiki_18_AB_16.txt" this_length="73" this_offset="10799"/>
	<feature name="plagiarism" source_length="164" source_offset="20337" source_reference="wiki_18_AB_16.txt" this_length="182" this_offset="10919"/>
	<feature name="plagiarism" source_length="63" source_offset="90594" source_reference="wiki_67_AH_19.txt" this_length="87" this_offset="11101"/>
	<feature name="plagiarism" source_length="190" source_offset="25378" source_reference="wiki_18_AB_16.txt" this_length="211" this_offset="11188"/>
</document>
