<?xml version="1.0" ?>
<document reference="wiki_89_AM_36.txt">
	<feature name="plagiarism" source_length="145" source_offset="35" source_reference="wiki_12_AE_41.txt" this_length="136" this_offset="180"/>
	<feature name="plagiarism" source_length="159" source_offset="27361" source_reference="wiki_12_AE_41.txt" this_length="164" this_offset="316"/>
	<feature name="plagiarism" source_length="439" source_offset="8915" source_reference="wiki_12_AE_41.txt" this_length="390" this_offset="780"/>
	<feature name="plagiarism" source_length="76" source_offset="15454" source_reference="wiki_12_AE_41.txt" this_length="85" this_offset="1170"/>
	<feature name="plagiarism" source_length="177" source_offset="180" source_reference="wiki_12_AE_41.txt" this_length="164" this_offset="1255"/>
	<feature name="plagiarism" source_length="120" source_offset="4353" source_reference="wiki_12_AE_41.txt" this_length="129" this_offset="1419"/>
	<feature name="plagiarism" source_length="327" source_offset="5057" source_reference="wiki_12_AE_41.txt" this_length="382" this_offset="1548"/>
	<feature name="plagiarism" source_length="110" source_offset="357" source_reference="wiki_12_AE_41.txt" this_length="111" this_offset="1930"/>
	<feature name="plagiarism" source_length="79" source_offset="24024" source_reference="wiki_12_AE_41.txt" this_length="102" this_offset="2041"/>
	<feature name="plagiarism" source_length="176" source_offset="468" source_reference="wiki_12_AE_41.txt" this_length="205" this_offset="2143"/>
	<feature name="plagiarism" source_length="177" source_offset="18428" source_reference="wiki_12_AE_41.txt" this_length="184" this_offset="2348"/>
	<feature name="plagiarism" source_length="184" source_offset="20388" source_reference="wiki_12_AE_41.txt" this_length="214" this_offset="2532"/>
	<feature name="plagiarism" source_length="98" source_offset="26984" source_reference="wiki_12_AE_41.txt" this_length="111" this_offset="2746"/>
	<feature name="plagiarism" source_length="192" source_offset="17861" source_reference="wiki_12_AE_41.txt" this_length="200" this_offset="3182"/>
	<feature name="plagiarism" source_length="201" source_offset="23768" source_reference="wiki_12_AE_41.txt" this_length="246" this_offset="3420"/>
	<feature name="plagiarism" source_length="152" source_offset="23615" source_reference="wiki_12_AE_41.txt" this_length="154" this_offset="3666"/>
	<feature name="plagiarism" source_length="141" source_offset="6067" source_reference="wiki_12_AE_41.txt" this_length="137" this_offset="4047"/>
	<feature name="plagiarism" source_length="266" source_offset="15530" source_reference="wiki_12_AE_41.txt" this_length="285" this_offset="4299"/>
	<feature name="plagiarism" source_length="120" source_offset="2347" source_reference="wiki_12_AE_41.txt" this_length="145" this_offset="4843"/>
	<feature name="plagiarism" source_length="159" source_offset="4473" source_reference="wiki_12_AE_41.txt" this_length="168" this_offset="4988"/>
	<feature name="plagiarism" source_length="191" source_offset="6433" source_reference="wiki_12_AE_41.txt" this_length="196" this_offset="5231"/>
	<feature name="plagiarism" source_length="129" source_offset="4224" source_reference="wiki_12_AE_41.txt" this_length="123" this_offset="5654"/>
	<feature name="plagiarism" source_length="213" source_offset="13616" source_reference="wiki_12_AE_41.txt" this_length="198" this_offset="5910"/>
	<feature name="plagiarism" source_length="120" source_offset="6208" source_reference="wiki_12_AE_41.txt" this_length="126" this_offset="6108"/>
	<feature name="plagiarism" source_length="121" source_offset="19169" source_reference="wiki_12_AE_41.txt" this_length="146" this_offset="6296"/>
	<feature name="plagiarism" source_length="90" source_offset="27520" source_reference="wiki_12_AE_41.txt" this_length="85" this_offset="6658"/>
	<feature name="plagiarism" source_length="94" source_offset="20907" source_reference="wiki_12_AE_41.txt" this_length="106" this_offset="6908"/>
	<feature name="plagiarism" source_length="88" source_offset="8792" source_reference="wiki_12_AE_41.txt" this_length="84" this_offset="7083"/>
	<feature name="plagiarism" source_length="177" source_offset="19693" source_reference="wiki_12_AE_41.txt" this_length="196" this_offset="7167"/>
	<feature name="plagiarism" source_length="128" source_offset="26855" source_reference="wiki_12_AE_41.txt" this_length="136" this_offset="7363"/>
	<feature name="plagiarism" source_length="149" source_offset="19290" source_reference="wiki_12_AE_41.txt" this_length="162" this_offset="7499"/>
	<feature name="plagiarism" source_length="99" source_offset="3289" source_reference="wiki_12_AE_41.txt" this_length="131" this_offset="7752"/>
	<feature name="plagiarism" source_length="117" source_offset="21043" source_reference="wiki_12_AE_41.txt" this_length="140" this_offset="8373"/>
</document>
