<?xml version="1.0" ?>
<document reference="wiki_59_BX_22.txt">
	<feature name="plagiarism" source_length="189" source_offset="68206" source_reference="wiki_91_AC_16.txt" this_length="201" this_offset="610"/>
	<feature name="plagiarism" source_length="136" source_offset="12495" source_reference="wiki_04_BF_43.txt" this_length="142" this_offset="1415"/>
	<feature name="plagiarism" source_length="84" source_offset="56367" source_reference="wiki_24_AC_11.txt" this_length="85" this_offset="1557"/>
	<feature name="plagiarism" source_length="157" source_offset="8214" source_reference="wiki_17_AK_29.txt" this_length="180" this_offset="1642"/>
	<feature name="plagiarism" source_length="108" source_offset="12753" source_reference="wiki_17_AK_29.txt" this_length="132" this_offset="1934"/>
	<feature name="plagiarism" source_length="101" source_offset="26887" source_reference="wiki_14_AO_15.txt" this_length="121" this_offset="2145"/>
	<feature name="plagiarism" source_length="121" source_offset="1093" source_reference="wiki_61_AJ_23.txt" this_length="108" this_offset="2266"/>
	<feature name="plagiarism" source_length="80" source_offset="26449" source_reference="wiki_14_AO_15.txt" this_length="77" this_offset="2559"/>
	<feature name="plagiarism" source_length="248" source_offset="4752" source_reference="wiki_17_AK_29.txt" this_length="284" this_offset="2636"/>
	<feature name="plagiarism" source_length="141" source_offset="6094" source_reference="wiki_24_AC_11.txt" this_length="149" this_offset="3119"/>
	<feature name="plagiarism" source_length="115" source_offset="3479" source_reference="wiki_01_AD_21.txt" this_length="106" this_offset="3268"/>
	<feature name="plagiarism" source_length="186" source_offset="31078" source_reference="wiki_02_BH_18.txt" this_length="230" this_offset="3374"/>
	<feature name="plagiarism" source_length="255" source_offset="12305" source_reference="wiki_91_AC_16.txt" this_length="289" this_offset="3732"/>
	<feature name="plagiarism" source_length="145" source_offset="48241" source_reference="wiki_91_AC_16.txt" this_length="137" this_offset="4349"/>
	<feature name="plagiarism" source_length="251" source_offset="29805" source_reference="wiki_24_AC_11.txt" this_length="251" this_offset="4486"/>
	<feature name="plagiarism" source_length="231" source_offset="16270" source_reference="wiki_14_AO_15.txt" this_length="275" this_offset="4737"/>
	<feature name="plagiarism" source_length="124" source_offset="23209" source_reference="wiki_04_BF_43.txt" this_length="119" this_offset="5254"/>
	<feature name="plagiarism" source_length="139" source_offset="1488" source_reference="wiki_14_AO_15.txt" this_length="148" this_offset="6288"/>
	<feature name="plagiarism" source_length="163" source_offset="37037" source_reference="wiki_04_BF_43.txt" this_length="171" this_offset="6436"/>
	<feature name="plagiarism" source_length="267" source_offset="52375" source_reference="wiki_91_AC_16.txt" this_length="202" this_offset="6683"/>
	<feature name="plagiarism" source_length="360" source_offset="51507" source_reference="wiki_91_AC_16.txt" this_length="399" this_offset="6885"/>
	<feature name="plagiarism" source_length="148" source_offset="23593" source_reference="wiki_17_AK_29.txt" this_length="160" this_offset="7284"/>
	<feature name="plagiarism" source_length="303" source_offset="11052" source_reference="wiki_02_BH_18.txt" this_length="355" this_offset="7810"/>
	<feature name="plagiarism" source_length="201" source_offset="15092" source_reference="wiki_24_AC_11.txt" this_length="215" this_offset="8341"/>
	<feature name="plagiarism" source_length="193" source_offset="17740" source_reference="wiki_04_BF_43.txt" this_length="217" this_offset="8556"/>
	<feature name="plagiarism" source_length="76" source_offset="25192" source_reference="wiki_02_BH_18.txt" this_length="81" this_offset="8917"/>
	<feature name="plagiarism" source_length="104" source_offset="15170" source_reference="wiki_14_AO_15.txt" this_length="102" this_offset="9008"/>
	<feature name="plagiarism" source_length="200" source_offset="27335" source_reference="wiki_14_AO_15.txt" this_length="223" this_offset="9110"/>
	<feature name="plagiarism" source_length="224" source_offset="29062" source_reference="wiki_91_AC_16.txt" this_length="213" this_offset="9511"/>
	<feature name="plagiarism" source_length="86" source_offset="17808" source_reference="wiki_01_AD_21.txt" this_length="107" this_offset="9837"/>
	<feature name="plagiarism" source_length="174" source_offset="60275" source_reference="wiki_91_AC_16.txt" this_length="174" this_offset="10113"/>
	<feature name="plagiarism" source_length="186" source_offset="12991" source_reference="wiki_24_AC_11.txt" this_length="173" this_offset="10481"/>
	<feature name="plagiarism" source_length="174" source_offset="41934" source_reference="wiki_91_AC_16.txt" this_length="174" this_offset="10955"/>
	<feature name="plagiarism" source_length="271" source_offset="40568" source_reference="wiki_04_BF_43.txt" this_length="301" this_offset="11129"/>
	<feature name="plagiarism" source_length="161" source_offset="41632" source_reference="wiki_02_BH_18.txt" this_length="178" this_offset="11683"/>
	<feature name="plagiarism" source_length="105" source_offset="39508" source_reference="wiki_24_AC_11.txt" this_length="136" this_offset="12091"/>
	<feature name="plagiarism" source_length="186" source_offset="28380" source_reference="wiki_91_AC_16.txt" this_length="208" this_offset="12373"/>
	<feature name="plagiarism" source_length="304" source_offset="39920" source_reference="wiki_02_BH_18.txt" this_length="329" this_offset="12845"/>
	<feature name="plagiarism" source_length="253" source_offset="20924" source_reference="wiki_14_AO_15.txt" this_length="156" this_offset="13626"/>
	<feature name="plagiarism" source_length="56" source_offset="55019" source_reference="wiki_91_AC_16.txt" this_length="66" this_offset="14043"/>
	<feature name="plagiarism" source_length="174" source_offset="14239" source_reference="wiki_61_AJ_23.txt" this_length="169" this_offset="14205"/>
	<feature name="plagiarism" source_length="99" source_offset="13669" source_reference="wiki_24_AC_11.txt" this_length="121" this_offset="14525"/>
	<feature name="plagiarism" source_length="193" source_offset="36932" source_reference="wiki_91_AC_16.txt" this_length="186" this_offset="14676"/>
	<feature name="plagiarism" source_length="255" source_offset="5355" source_reference="wiki_24_AC_11.txt" this_length="273" this_offset="14862"/>
	<feature name="plagiarism" source_length="219" source_offset="32723" source_reference="wiki_24_AC_11.txt" this_length="239" this_offset="15447"/>
	<feature name="plagiarism" source_length="139" source_offset="18274" source_reference="wiki_61_AJ_23.txt" this_length="135" this_offset="15686"/>
	<feature name="plagiarism" source_length="120" source_offset="4194" source_reference="wiki_61_AJ_23.txt" this_length="93" this_offset="15821"/>
	<feature name="plagiarism" source_length="255" source_offset="47986" source_reference="wiki_91_AC_16.txt" this_length="232" this_offset="16707"/>
	<feature name="plagiarism" source_length="111" source_offset="12498" source_reference="wiki_02_BH_18.txt" this_length="104" this_offset="16939"/>
	<feature name="plagiarism" source_length="226" source_offset="1371" source_reference="wiki_04_BF_43.txt" this_length="237" this_offset="17043"/>
</document>
