<?xml version="1.0" ?>
<document reference="wiki_76_AM_24.txt">
	<feature name="plagiarism" source_length="179" source_offset="69156" source_reference="wiki_63_AC_2.txt" this_length="170" this_offset="27"/>
	<feature name="plagiarism" source_length="190" source_offset="16609" source_reference="wiki_06_BF_1.txt" this_length="203" this_offset="617"/>
	<feature name="plagiarism" source_length="173" source_offset="3702" source_reference="wiki_92_AO_58.txt" this_length="190" this_offset="1189"/>
	<feature name="plagiarism" source_length="142" source_offset="10971" source_reference="wiki_03_BI_51.txt" this_length="153" this_offset="1421"/>
	<feature name="plagiarism" source_length="194" source_offset="36170" source_reference="wiki_06_BF_1.txt" this_length="211" this_offset="1709"/>
	<feature name="plagiarism" source_length="90" source_offset="24643" source_reference="wiki_95_BB_21.txt" this_length="98" this_offset="1920"/>
	<feature name="plagiarism" source_length="131" source_offset="35618" source_reference="wiki_06_BF_1.txt" this_length="128" this_offset="2018"/>
	<feature name="plagiarism" source_length="166" source_offset="1625" source_reference="wiki_06_BF_1.txt" this_length="152" this_offset="2146"/>
	<feature name="plagiarism" source_length="65" source_offset="34067" source_reference="wiki_63_AC_2.txt" this_length="78" this_offset="2298"/>
	<feature name="plagiarism" source_length="355" source_offset="3347" source_reference="wiki_92_AO_58.txt" this_length="353" this_offset="2376"/>
	<feature name="plagiarism" source_length="145" source_offset="43050" source_reference="wiki_63_AC_2.txt" this_length="160" this_offset="3463"/>
	<feature name="plagiarism" source_length="85" source_offset="13671" source_reference="wiki_37_AW_4.txt" this_length="100" this_offset="3969"/>
	<feature name="plagiarism" source_length="93" source_offset="21774" source_reference="wiki_06_BF_1.txt" this_length="91" this_offset="4149"/>
	<feature name="plagiarism" source_length="121" source_offset="5437" source_reference="wiki_63_AC_2.txt" this_length="123" this_offset="4240"/>
	<feature name="plagiarism" source_length="350" source_offset="83007" source_reference="wiki_06_BF_1.txt" this_length="353" this_offset="4413"/>
	<feature name="plagiarism" source_length="201" source_offset="41408" source_reference="wiki_63_AC_2.txt" this_length="214" this_offset="4766"/>
	<feature name="plagiarism" source_length="164" source_offset="25711" source_reference="wiki_92_AO_58.txt" this_length="159" this_offset="5577"/>
	<feature name="plagiarism" source_length="183" source_offset="2332" source_reference="wiki_16_AU_7.txt" this_length="195" this_offset="6006"/>
	<feature name="plagiarism" source_length="102" source_offset="15892" source_reference="wiki_63_AC_2.txt" this_length="124" this_offset="6417"/>
	<feature name="plagiarism" source_length="96" source_offset="10666" source_reference="wiki_95_BB_21.txt" this_length="98" this_offset="6713"/>
	<feature name="plagiarism" source_length="235" source_offset="11767" source_reference="wiki_92_AO_58.txt" this_length="246" this_offset="7885"/>
	<feature name="plagiarism" source_length="288" source_offset="67892" source_reference="wiki_63_AC_2.txt" this_length="324" this_offset="8131"/>
	<feature name="plagiarism" source_length="229" source_offset="52822" source_reference="wiki_06_BF_1.txt" this_length="235" this_offset="8455"/>
	<feature name="plagiarism" source_length="57" source_offset="21717" source_reference="wiki_06_BF_1.txt" this_length="43" this_offset="8690"/>
	<feature name="plagiarism" source_length="64" source_offset="58474" source_reference="wiki_06_BF_1.txt" this_length="68" this_offset="8784"/>
</document>
