<?xml version="1.0" ?>
<document reference="wiki_61_CD_25.txt">
	<feature name="plagiarism" source_length="180" source_offset="65453" source_reference="wiki_13_AA_8.txt" this_length="248" this_offset="22"/>
	<feature name="plagiarism" source_length="186" source_offset="5986" source_reference="wiki_60_AZ_8.txt" this_length="172" this_offset="708"/>
	<feature name="plagiarism" source_length="150" source_offset="7489" source_reference="wiki_60_AZ_8.txt" this_length="172" this_offset="880"/>
	<feature name="plagiarism" source_length="105" source_offset="61387" source_reference="wiki_13_AA_8.txt" this_length="119" this_offset="1052"/>
	<feature name="plagiarism" source_length="148" source_offset="78369" source_reference="wiki_13_AA_8.txt" this_length="153" this_offset="1293"/>
	<feature name="plagiarism" source_length="60" source_offset="42405" source_reference="wiki_13_AA_8.txt" this_length="67" this_offset="1992"/>
	<feature name="plagiarism" source_length="121" source_offset="59916" source_reference="wiki_13_AA_8.txt" this_length="141" this_offset="2059"/>
	<feature name="plagiarism" source_length="200" source_offset="42175" source_reference="wiki_13_AA_8.txt" this_length="241" this_offset="2200"/>
	<feature name="plagiarism" source_length="75" source_offset="19161" source_reference="wiki_13_AA_8.txt" this_length="86" this_offset="2569"/>
	<feature name="plagiarism" source_length="79" source_offset="27730" source_reference="wiki_13_AA_8.txt" this_length="97" this_offset="2950"/>
	<feature name="plagiarism" source_length="270" source_offset="30581" source_reference="wiki_13_AA_8.txt" this_length="341" this_offset="3047"/>
	<feature name="plagiarism" source_length="123" source_offset="56245" source_reference="wiki_13_AA_8.txt" this_length="124" this_offset="3388"/>
	<feature name="plagiarism" source_length="264" source_offset="48731" source_reference="wiki_13_AA_8.txt" this_length="279" this_offset="4048"/>
	<feature name="plagiarism" source_length="262" source_offset="11164" source_reference="wiki_13_AA_8.txt" this_length="296" this_offset="4327"/>
	<feature name="plagiarism" source_length="171" source_offset="1263" source_reference="wiki_13_AA_8.txt" this_length="188" this_offset="5276"/>
	<feature name="plagiarism" source_length="67" source_offset="42466" source_reference="wiki_13_AA_8.txt" this_length="52" this_offset="5464"/>
	<feature name="plagiarism" source_length="250" source_offset="16911" source_reference="wiki_13_AA_8.txt" this_length="293" this_offset="5749"/>
	<feature name="plagiarism" source_length="174" source_offset="71561" source_reference="wiki_13_AA_8.txt" this_length="188" this_offset="6042"/>
	<feature name="plagiarism" source_length="259" source_offset="44512" source_reference="wiki_13_AA_8.txt" this_length="306" this_offset="6249"/>
	<feature name="plagiarism" source_length="168" source_offset="72913" source_reference="wiki_13_AA_8.txt" this_length="189" this_offset="7021"/>
	<feature name="plagiarism" source_length="165" source_offset="40691" source_reference="wiki_13_AA_8.txt" this_length="184" this_offset="7349"/>
	<feature name="plagiarism" source_length="115" source_offset="51001" source_reference="wiki_13_AA_8.txt" this_length="115" this_offset="7533"/>
	<feature name="plagiarism" source_length="209" source_offset="48156" source_reference="wiki_13_AA_8.txt" this_length="246" this_offset="7885"/>
	<feature name="plagiarism" source_length="196" source_offset="9955" source_reference="wiki_60_AZ_8.txt" this_length="228" this_offset="8599"/>
	<feature name="plagiarism" source_length="140" source_offset="6707" source_reference="wiki_13_AA_8.txt" this_length="149" this_offset="8980"/>
	<feature name="plagiarism" source_length="118" source_offset="7223" source_reference="wiki_13_AA_8.txt" this_length="137" this_offset="9238"/>
	<feature name="plagiarism" source_length="250" source_offset="46898" source_reference="wiki_13_AA_8.txt" this_length="253" this_offset="9375"/>
	<feature name="plagiarism" source_length="353" source_offset="72240" source_reference="wiki_13_AA_8.txt" this_length="379" this_offset="9638"/>
	<feature name="plagiarism" source_length="99" source_offset="39887" source_reference="wiki_13_AA_8.txt" this_length="126" this_offset="10017"/>
	<feature name="plagiarism" source_length="182" source_offset="70626" source_reference="wiki_13_AA_8.txt" this_length="211" this_offset="10345"/>
	<feature name="plagiarism" source_length="96" source_offset="70831" source_reference="wiki_13_AA_8.txt" this_length="122" this_offset="10771"/>
	<feature name="plagiarism" source_length="155" source_offset="7788" source_reference="wiki_60_AZ_8.txt" this_length="175" this_offset="11067"/>
	<feature name="plagiarism" source_length="162" source_offset="75658" source_reference="wiki_13_AA_8.txt" this_length="207" this_offset="11668"/>
	<feature name="plagiarism" source_length="116" source_offset="34981" source_reference="wiki_13_AA_8.txt" this_length="130" this_offset="11953"/>
</document>
