<?xml version="1.0" ?>
<document reference="wiki_65_BD_15.txt">
	<feature name="plagiarism" source_length="121" source_offset="5715" source_reference="wiki_17_AF_36.txt" this_length="114" this_offset="138"/>
	<feature name="plagiarism" source_length="99" source_offset="8131" source_reference="wiki_17_AF_36.txt" this_length="102" this_offset="497"/>
	<feature name="plagiarism" source_length="113" source_offset="11557" source_reference="wiki_17_AF_36.txt" this_length="119" this_offset="649"/>
	<feature name="plagiarism" source_length="200" source_offset="8900" source_reference="wiki_17_AF_36.txt" this_length="196" this_offset="768"/>
	<feature name="plagiarism" source_length="108" source_offset="845" source_reference="wiki_17_AF_36.txt" this_length="125" this_offset="964"/>
	<feature name="plagiarism" source_length="92" source_offset="3448" source_reference="wiki_17_AF_36.txt" this_length="96" this_offset="1089"/>
	<feature name="plagiarism" source_length="152" source_offset="10718" source_reference="wiki_17_AF_36.txt" this_length="146" this_offset="1387"/>
	<feature name="plagiarism" source_length="101" source_offset="7360" source_reference="wiki_17_AF_36.txt" this_length="98" this_offset="1583"/>
	<feature name="plagiarism" source_length="138" source_offset="10116" source_reference="wiki_17_AF_36.txt" this_length="147" this_offset="2463"/>
	<feature name="plagiarism" source_length="157" source_offset="2608" source_reference="wiki_17_AF_36.txt" this_length="186" this_offset="2726"/>
	<feature name="plagiarism" source_length="89" source_offset="13358" source_reference="wiki_17_AF_36.txt" this_length="96" this_offset="2912"/>
	<feature name="plagiarism" source_length="86" source_offset="8814" source_reference="wiki_17_AF_36.txt" this_length="92" this_offset="3166"/>
	<feature name="plagiarism" source_length="112" source_offset="6525" source_reference="wiki_17_AF_36.txt" this_length="115" this_offset="3258"/>
	<feature name="plagiarism" source_length="78" source_offset="6981" source_reference="wiki_17_AF_36.txt" this_length="84" this_offset="3373"/>
	<feature name="plagiarism" source_length="162" source_offset="1363" source_reference="wiki_17_AF_36.txt" this_length="166" this_offset="3457"/>
	<feature name="plagiarism" source_length="233" source_offset="14226" source_reference="wiki_17_AF_36.txt" this_length="241" this_offset="4019"/>
	<feature name="plagiarism" source_length="54" source_offset="8530" source_reference="wiki_17_AF_36.txt" this_length="67" this_offset="5039"/>
	<feature name="plagiarism" source_length="109" source_offset="1624" source_reference="wiki_17_AF_36.txt" this_length="125" this_offset="5275"/>
</document>
