<?xml version="1.0" ?>
<document reference="wiki_37_BR_30.txt">
	<feature name="plagiarism" source_length="86" source_offset="31811" source_reference="wiki_23_BB_21.txt" this_length="78" this_offset="361"/>
	<feature name="plagiarism" source_length="195" source_offset="10793" source_reference="wiki_23_BB_21.txt" this_length="120" this_offset="451"/>
	<feature name="plagiarism" source_length="205" source_offset="78578" source_reference="wiki_32_AU_9.txt" this_length="224" this_offset="571"/>
	<feature name="plagiarism" source_length="75" source_offset="13763" source_reference="wiki_32_AU_9.txt" this_length="74" this_offset="1035"/>
	<feature name="plagiarism" source_length="250" source_offset="4994" source_reference="wiki_32_AU_9.txt" this_length="259" this_offset="1109"/>
	<feature name="plagiarism" source_length="124" source_offset="10259" source_reference="wiki_23_BB_21.txt" this_length="156" this_offset="1368"/>
	<feature name="plagiarism" source_length="94" source_offset="11984" source_reference="wiki_07_AI_28.txt" this_length="92" this_offset="1524"/>
	<feature name="plagiarism" source_length="74" source_offset="22" source_reference="wiki_07_AI_28.txt" this_length="75" this_offset="1663"/>
	<feature name="plagiarism" source_length="226" source_offset="1216" source_reference="wiki_04_AN_44.txt" this_length="272" this_offset="1738"/>
	<feature name="plagiarism" source_length="228" source_offset="60890" source_reference="wiki_32_AU_9.txt" this_length="253" this_offset="2257"/>
	<feature name="plagiarism" source_length="165" source_offset="6265" source_reference="wiki_32_AU_9.txt" this_length="179" this_offset="2510"/>
	<feature name="plagiarism" source_length="132" source_offset="8029" source_reference="wiki_04_AN_44.txt" this_length="108" this_offset="2689"/>
	<feature name="plagiarism" source_length="173" source_offset="34337" source_reference="wiki_32_AU_9.txt" this_length="167" this_offset="2962"/>
	<feature name="plagiarism" source_length="94" source_offset="26914" source_reference="wiki_23_BB_21.txt" this_length="95" this_offset="3396"/>
	<feature name="plagiarism" source_length="115" source_offset="71734" source_reference="wiki_32_AU_9.txt" this_length="148" this_offset="3491"/>
	<feature name="plagiarism" source_length="81" source_offset="74455" source_reference="wiki_32_AU_9.txt" this_length="95" this_offset="3639"/>
	<feature name="plagiarism" source_length="386" source_offset="8464" source_reference="wiki_07_AI_28.txt" this_length="408" this_offset="3788"/>
	<feature name="plagiarism" source_length="256" source_offset="26258" source_reference="wiki_32_AU_9.txt" this_length="241" this_offset="4196"/>
	<feature name="plagiarism" source_length="210" source_offset="7388" source_reference="wiki_04_AN_44.txt" this_length="225" this_offset="4437"/>
	<feature name="plagiarism" source_length="274" source_offset="25184" source_reference="wiki_23_BB_21.txt" this_length="273" this_offset="4772"/>
	<feature name="plagiarism" source_length="126" source_offset="15891" source_reference="wiki_23_BB_21.txt" this_length="157" this_offset="5143"/>
	<feature name="plagiarism" source_length="276" source_offset="11319" source_reference="wiki_32_AU_9.txt" this_length="281" this_offset="5300"/>
	<feature name="plagiarism" source_length="158" source_offset="80194" source_reference="wiki_32_AU_9.txt" this_length="184" this_offset="5581"/>
	<feature name="plagiarism" source_length="464" source_offset="9119" source_reference="wiki_07_AI_28.txt" this_length="504" this_offset="5843"/>
	<feature name="plagiarism" source_length="69" source_offset="41129" source_reference="wiki_32_AU_9.txt" this_length="64" this_offset="6490"/>
	<feature name="plagiarism" source_length="144" source_offset="63074" source_reference="wiki_32_AU_9.txt" this_length="138" this_offset="6576"/>
	<feature name="plagiarism" source_length="158" source_offset="52447" source_reference="wiki_32_AU_9.txt" this_length="175" this_offset="6714"/>
	<feature name="plagiarism" source_length="244" source_offset="10030" source_reference="wiki_07_AI_28.txt" this_length="264" this_offset="6941"/>
	<feature name="plagiarism" source_length="59" source_offset="14197" source_reference="wiki_07_AI_28.txt" this_length="68" this_offset="7205"/>
	<feature name="plagiarism" source_length="124" source_offset="23073" source_reference="wiki_07_AI_28.txt" this_length="130" this_offset="7365"/>
</document>
