<?xml version="1.0" ?>
<document reference="wiki_10_AV_9.txt">
	<feature name="plagiarism" source_length="72" source_offset="31326" source_reference="wiki_75_AY_2.txt" this_length="62" this_offset="23"/>
	<feature name="plagiarism" source_length="105" source_offset="48491" source_reference="wiki_75_AY_2.txt" this_length="114" this_offset="488"/>
	<feature name="plagiarism" source_length="145" source_offset="18578" source_reference="wiki_12_AD_3.txt" this_length="180" this_offset="602"/>
	<feature name="plagiarism" source_length="77" source_offset="60642" source_reference="wiki_75_AY_2.txt" this_length="87" this_offset="809"/>
	<feature name="plagiarism" source_length="106" source_offset="59085" source_reference="wiki_75_AY_2.txt" this_length="117" this_offset="1083"/>
	<feature name="plagiarism" source_length="151" source_offset="26192" source_reference="wiki_75_AY_2.txt" this_length="180" this_offset="1200"/>
	<feature name="plagiarism" source_length="45" source_offset="40516" source_reference="wiki_75_AY_2.txt" this_length="71" this_offset="1380"/>
	<feature name="plagiarism" source_length="95" source_offset="53659" source_reference="wiki_75_AY_2.txt" this_length="92" this_offset="1587"/>
	<feature name="plagiarism" source_length="125" source_offset="4039" source_reference="wiki_12_AD_3.txt" this_length="140" this_offset="1679"/>
	<feature name="plagiarism" source_length="189" source_offset="46311" source_reference="wiki_75_AY_2.txt" this_length="205" this_offset="1878"/>
	<feature name="plagiarism" source_length="110" source_offset="52337" source_reference="wiki_12_AD_3.txt" this_length="129" this_offset="2495"/>
	<feature name="plagiarism" source_length="130" source_offset="13234" source_reference="wiki_16_AC_2.txt" this_length="142" this_offset="2624"/>
	<feature name="plagiarism" source_length="125" source_offset="45352" source_reference="wiki_75_AY_2.txt" this_length="128" this_offset="3103"/>
	<feature name="plagiarism" source_length="116" source_offset="63208" source_reference="wiki_75_AY_2.txt" this_length="123" this_offset="3614"/>
	<feature name="plagiarism" source_length="200" source_offset="17516" source_reference="wiki_12_AD_3.txt" this_length="220" this_offset="3737"/>
	<feature name="plagiarism" source_length="92" source_offset="37771" source_reference="wiki_75_AY_2.txt" this_length="92" this_offset="3957"/>
	<feature name="plagiarism" source_length="108" source_offset="62396" source_reference="wiki_75_AY_2.txt" this_length="105" this_offset="4049"/>
	<feature name="plagiarism" source_length="121" source_offset="37561" source_reference="wiki_75_AY_2.txt" this_length="130" this_offset="4154"/>
	<feature name="plagiarism" source_length="79" source_offset="15608" source_reference="wiki_12_AD_3.txt" this_length="85" this_offset="4396"/>
	<feature name="plagiarism" source_length="85" source_offset="10579" source_reference="wiki_75_AY_2.txt" this_length="76" this_offset="4481"/>
	<feature name="plagiarism" source_length="105" source_offset="1510" source_reference="wiki_75_AY_2.txt" this_length="139" this_offset="4787"/>
	<feature name="plagiarism" source_length="132" source_offset="54049" source_reference="wiki_75_AY_2.txt" this_length="166" this_offset="5590"/>
	<feature name="plagiarism" source_length="116" source_offset="8536" source_reference="wiki_16_AC_2.txt" this_length="115" this_offset="5756"/>
	<feature name="plagiarism" source_length="105" source_offset="2700" source_reference="wiki_75_AY_2.txt" this_length="131" this_offset="5871"/>
	<feature name="plagiarism" source_length="107" source_offset="22566" source_reference="wiki_75_AY_2.txt" this_length="112" this_offset="6002"/>
	<feature name="plagiarism" source_length="164" source_offset="40632" source_reference="wiki_12_AD_3.txt" this_length="176" this_offset="6114"/>
	<feature name="plagiarism" source_length="185" source_offset="19167" source_reference="wiki_75_AY_2.txt" this_length="197" this_offset="6290"/>
	<feature name="plagiarism" source_length="122" source_offset="23441" source_reference="wiki_12_AD_3.txt" this_length="121" this_offset="6561"/>
	<feature name="plagiarism" source_length="75" source_offset="15291" source_reference="wiki_12_AD_3.txt" this_length="98" this_offset="6805"/>
	<feature name="plagiarism" source_length="84" source_offset="12067" source_reference="wiki_75_AY_2.txt" this_length="82" this_offset="6903"/>
	<feature name="plagiarism" source_length="157" source_offset="36262" source_reference="wiki_12_AD_3.txt" this_length="123" this_offset="6985"/>
	<feature name="plagiarism" source_length="72" source_offset="24864" source_reference="wiki_12_AD_3.txt" this_length="80" this_offset="7108"/>
	<feature name="plagiarism" source_length="151" source_offset="19947" source_reference="wiki_12_AD_3.txt" this_length="133" this_offset="7350"/>
	<feature name="plagiarism" source_length="76" source_offset="21343" source_reference="wiki_12_AD_3.txt" this_length="85" this_offset="7631"/>
	<feature name="plagiarism" source_length="166" source_offset="8653" source_reference="wiki_16_AC_2.txt" this_length="165" this_offset="7716"/>
	<feature name="plagiarism" source_length="103" source_offset="2131" source_reference="wiki_75_AY_2.txt" this_length="119" this_offset="7881"/>
	<feature name="plagiarism" source_length="172" source_offset="18825" source_reference="wiki_12_AD_3.txt" this_length="167" this_offset="8410"/>
	<feature name="plagiarism" source_length="87" source_offset="9218" source_reference="wiki_75_AY_2.txt" this_length="100" this_offset="8577"/>
	<feature name="plagiarism" source_length="153" source_offset="767" source_reference="wiki_16_AC_2.txt" this_length="164" this_offset="8677"/>
	<feature name="plagiarism" source_length="132" source_offset="16683" source_reference="wiki_16_AC_2.txt" this_length="142" this_offset="9090"/>
	<feature name="plagiarism" source_length="196" source_offset="140" source_reference="wiki_12_AD_3.txt" this_length="215" this_offset="9359"/>
	<feature name="plagiarism" source_length="80" source_offset="8871" source_reference="wiki_12_AD_3.txt" this_length="75" this_offset="9574"/>
	<feature name="plagiarism" source_length="128" source_offset="24131" source_reference="wiki_75_AY_2.txt" this_length="159" this_offset="9842"/>
	<feature name="plagiarism" source_length="136" source_offset="8480" source_reference="wiki_12_AD_3.txt" this_length="161" this_offset="10183"/>
	<feature name="plagiarism" source_length="168" source_offset="12448" source_reference="wiki_12_AD_3.txt" this_length="179" this_offset="10884"/>
	<feature name="plagiarism" source_length="69" source_offset="52434" source_reference="wiki_75_AY_2.txt" this_length="74" this_offset="11063"/>
	<feature name="plagiarism" source_length="143" source_offset="12700" source_reference="wiki_12_AD_3.txt" this_length="175" this_offset="11453"/>
	<feature name="plagiarism" source_length="171" source_offset="15965" source_reference="wiki_12_AD_3.txt" this_length="186" this_offset="12182"/>
	<feature name="plagiarism" source_length="99" source_offset="38935" source_reference="wiki_12_AD_3.txt" this_length="121" this_offset="12368"/>
	<feature name="plagiarism" source_length="130" source_offset="61217" source_reference="wiki_75_AY_2.txt" this_length="143" this_offset="12489"/>
</document>
