<?xml version="1.0" ?>
<document reference="wiki_49_CD_33.txt">
	<feature name="plagiarism" source_length="117" source_offset="16361" source_reference="wiki_89_AB_23.txt" this_length="127" this_offset="40"/>
	<feature name="plagiarism" source_length="69" source_offset="25171" source_reference="wiki_89_AB_23.txt" this_length="85" this_offset="167"/>
	<feature name="plagiarism" source_length="148" source_offset="19425" source_reference="wiki_51_AJ_27.txt" this_length="152" this_offset="395"/>
	<feature name="plagiarism" source_length="189" source_offset="17995" source_reference="wiki_51_AJ_27.txt" this_length="220" this_offset="547"/>
	<feature name="plagiarism" source_length="53" source_offset="13485" source_reference="wiki_51_AJ_27.txt" this_length="47" this_offset="1098"/>
	<feature name="plagiarism" source_length="73" source_offset="13791" source_reference="wiki_51_AJ_27.txt" this_length="75" this_offset="1264"/>
	<feature name="plagiarism" source_length="180" source_offset="16478" source_reference="wiki_89_AB_23.txt" this_length="206" this_offset="1339"/>
	<feature name="plagiarism" source_length="163" source_offset="24053" source_reference="wiki_51_AJ_27.txt" this_length="153" this_offset="1545"/>
	<feature name="plagiarism" source_length="94" source_offset="17174" source_reference="wiki_89_AB_23.txt" this_length="110" this_offset="1814"/>
	<feature name="plagiarism" source_length="91" source_offset="24641" source_reference="wiki_89_AB_23.txt" this_length="111" this_offset="1924"/>
	<feature name="plagiarism" source_length="110" source_offset="10048" source_reference="wiki_51_AJ_27.txt" this_length="121" this_offset="2035"/>
	<feature name="plagiarism" source_length="60" source_offset="21262" source_reference="wiki_51_AJ_27.txt" this_length="67" this_offset="2156"/>
	<feature name="plagiarism" source_length="123" source_offset="9345" source_reference="wiki_89_AB_23.txt" this_length="118" this_offset="2360"/>
	<feature name="plagiarism" source_length="190" source_offset="25573" source_reference="wiki_89_AB_23.txt" this_length="202" this_offset="2681"/>
	<feature name="plagiarism" source_length="170" source_offset="24411" source_reference="wiki_51_AJ_27.txt" this_length="189" this_offset="2998"/>
	<feature name="plagiarism" source_length="84" source_offset="30700" source_reference="wiki_89_AB_23.txt" this_length="85" this_offset="3315"/>
	<feature name="plagiarism" source_length="117" source_offset="16244" source_reference="wiki_89_AB_23.txt" this_length="157" this_offset="3400"/>
	<feature name="plagiarism" source_length="111" source_offset="13258" source_reference="wiki_51_AJ_27.txt" this_length="111" this_offset="3557"/>
	<feature name="plagiarism" source_length="104" source_offset="32587" source_reference="wiki_89_AB_23.txt" this_length="115" this_offset="3861"/>
	<feature name="plagiarism" source_length="250" source_offset="20434" source_reference="wiki_89_AB_23.txt" this_length="281" this_offset="4056"/>
	<feature name="plagiarism" source_length="71" source_offset="29136" source_reference="wiki_89_AB_23.txt" this_length="69" this_offset="4840"/>
	<feature name="plagiarism" source_length="90" source_offset="22712" source_reference="wiki_89_AB_23.txt" this_length="101" this_offset="5420"/>
	<feature name="plagiarism" source_length="93" source_offset="4716" source_reference="wiki_89_AB_23.txt" this_length="107" this_offset="5636"/>
	<feature name="plagiarism" source_length="119" source_offset="6786" source_reference="wiki_89_AB_23.txt" this_length="118" this_offset="5743"/>
	<feature name="plagiarism" source_length="155" source_offset="11859" source_reference="wiki_89_AB_23.txt" this_length="183" this_offset="6017"/>
	<feature name="plagiarism" source_length="109" source_offset="7341" source_reference="wiki_89_AB_23.txt" this_length="115" this_offset="6200"/>
	<feature name="plagiarism" source_length="178" source_offset="8212" source_reference="wiki_51_AJ_27.txt" this_length="185" this_offset="6495"/>
	<feature name="plagiarism" source_length="189" source_offset="7191" source_reference="wiki_51_AJ_27.txt" this_length="180" this_offset="6680"/>
	<feature name="plagiarism" source_length="194" source_offset="23523" source_reference="wiki_51_AJ_27.txt" this_length="183" this_offset="7130"/>
	<feature name="plagiarism" source_length="79" source_offset="22258" source_reference="wiki_51_AJ_27.txt" this_length="99" this_offset="8123"/>
	<feature name="plagiarism" source_length="123" source_offset="15935" source_reference="wiki_51_AJ_27.txt" this_length="104" this_offset="8222"/>
	<feature name="plagiarism" source_length="140" source_offset="30873" source_reference="wiki_89_AB_23.txt" this_length="147" this_offset="8326"/>
	<feature name="plagiarism" source_length="125" source_offset="3818" source_reference="wiki_89_AB_23.txt" this_length="120" this_offset="8473"/>
</document>
