<?xml version="1.0" ?>
<document reference="wiki_61_AI_4.txt">
	<feature name="plagiarism" source_length="222" source_offset="34027" source_reference="wiki_47_AA_31.txt" this_length="269" this_offset="19"/>
	<feature name="plagiarism" source_length="68" source_offset="50520" source_reference="wiki_47_AA_31.txt" this_length="61" this_offset="2153"/>
	<feature name="plagiarism" source_length="114" source_offset="29929" source_reference="wiki_47_AA_31.txt" this_length="106" this_offset="2214"/>
	<feature name="plagiarism" source_length="133" source_offset="40635" source_reference="wiki_47_AA_31.txt" this_length="144" this_offset="2844"/>
	<feature name="plagiarism" source_length="115" source_offset="27791" source_reference="wiki_47_AA_31.txt" this_length="112" this_offset="2988"/>
	<feature name="plagiarism" source_length="296" source_offset="43521" source_reference="wiki_47_AA_31.txt" this_length="300" this_offset="3245"/>
	<feature name="plagiarism" source_length="191" source_offset="10532" source_reference="wiki_47_AA_31.txt" this_length="204" this_offset="4306"/>
	<feature name="plagiarism" source_length="142" source_offset="48930" source_reference="wiki_47_AA_31.txt" this_length="150" this_offset="4910"/>
	<feature name="plagiarism" source_length="135" source_offset="24812" source_reference="wiki_47_AA_31.txt" this_length="154" this_offset="5452"/>
	<feature name="plagiarism" source_length="89" source_offset="31926" source_reference="wiki_47_AA_31.txt" this_length="86" this_offset="5606"/>
	<feature name="plagiarism" source_length="173" source_offset="41361" source_reference="wiki_47_AA_31.txt" this_length="214" this_offset="5812"/>
	<feature name="plagiarism" source_length="175" source_offset="38448" source_reference="wiki_47_AA_31.txt" this_length="185" this_offset="6434"/>
	<feature name="plagiarism" source_length="111" source_offset="7389" source_reference="wiki_47_AA_31.txt" this_length="107" this_offset="7079"/>
	<feature name="plagiarism" source_length="147" source_offset="51392" source_reference="wiki_47_AA_31.txt" this_length="154" this_offset="9656"/>
	<feature name="plagiarism" source_length="90" source_offset="36640" source_reference="wiki_47_AA_31.txt" this_length="115" this_offset="10140"/>
	<feature name="plagiarism" source_length="224" source_offset="43101" source_reference="wiki_47_AA_31.txt" this_length="229" this_offset="10709"/>
	<feature name="plagiarism" source_length="273" source_offset="6722" source_reference="wiki_47_AA_31.txt" this_length="284" this_offset="10938"/>
	<feature name="plagiarism" source_length="149" source_offset="8680" source_reference="wiki_47_AA_31.txt" this_length="191" this_offset="11486"/>
</document>
