<?xml version="1.0" ?>
<document reference="wiki_72_BY_12.txt">
	<feature name="plagiarism" source_length="90" source_offset="18" source_reference="wiki_94_BK_43.txt" this_length="94" this_offset="435"/>
	<feature name="plagiarism" source_length="136" source_offset="6861" source_reference="wiki_94_BK_43.txt" this_length="128" this_offset="804"/>
	<feature name="plagiarism" source_length="105" source_offset="2971" source_reference="wiki_94_BK_43.txt" this_length="126" this_offset="1093"/>
	<feature name="plagiarism" source_length="107" source_offset="433" source_reference="wiki_94_BK_43.txt" this_length="100" this_offset="1397"/>
	<feature name="plagiarism" source_length="77" source_offset="4398" source_reference="wiki_94_BK_43.txt" this_length="72" this_offset="1497"/>
	<feature name="plagiarism" source_length="93" source_offset="650" source_reference="wiki_94_BK_43.txt" this_length="90" this_offset="2294"/>
	<feature name="plagiarism" source_length="146" source_offset="6534" source_reference="wiki_94_BK_43.txt" this_length="152" this_offset="2635"/>
	<feature name="plagiarism" source_length="287" source_offset="3580" source_reference="wiki_94_BK_43.txt" this_length="117" this_offset="3053"/>
	<feature name="plagiarism" source_length="124" source_offset="1971" source_reference="wiki_94_BK_43.txt" this_length="127" this_offset="3170"/>
	<feature name="plagiarism" source_length="142" source_offset="8716" source_reference="wiki_94_BK_43.txt" this_length="136" this_offset="3516"/>
	<feature name="plagiarism" source_length="100" source_offset="2095" source_reference="wiki_94_BK_43.txt" this_length="105" this_offset="3776"/>
	<feature name="plagiarism" source_length="85" source_offset="2694" source_reference="wiki_94_BK_43.txt" this_length="89" this_offset="3881"/>
	<feature name="plagiarism" source_length="114" source_offset="3466" source_reference="wiki_94_BK_43.txt" this_length="111" this_offset="4019"/>
	<feature name="plagiarism" source_length="91" source_offset="1777" source_reference="wiki_94_BK_43.txt" this_length="76" this_offset="4137"/>
	<feature name="plagiarism" source_length="112" source_offset="2274" source_reference="wiki_94_BK_43.txt" this_length="119" this_offset="4260"/>
	<feature name="plagiarism" source_length="103" source_offset="1868" source_reference="wiki_94_BK_43.txt" this_length="102" this_offset="5123"/>
	<feature name="plagiarism" source_length="79" source_offset="2195" source_reference="wiki_94_BK_43.txt" this_length="86" this_offset="5432"/>
</document>
