<?xml version="1.0" ?>
<document reference="wiki_57_AI_32.txt">
	<feature name="plagiarism" source_length="160" source_offset="4402" source_reference="wiki_35_BF_48.txt" this_length="171" this_offset="745"/>
	<feature name="plagiarism" source_length="199" source_offset="12856" source_reference="wiki_35_BF_48.txt" this_length="213" this_offset="1284"/>
	<feature name="plagiarism" source_length="304" source_offset="60667" source_reference="wiki_80_BC_16.txt" this_length="288" this_offset="1655"/>
	<feature name="plagiarism" source_length="170" source_offset="1453" source_reference="wiki_80_BC_16.txt" this_length="168" this_offset="2051"/>
	<feature name="plagiarism" source_length="150" source_offset="63247" source_reference="wiki_80_BC_16.txt" this_length="150" this_offset="2668"/>
	<feature name="plagiarism" source_length="103" source_offset="8472" source_reference="wiki_35_BF_48.txt" this_length="101" this_offset="3555"/>
	<feature name="plagiarism" source_length="208" source_offset="15966" source_reference="wiki_35_BF_48.txt" this_length="252" this_offset="4165"/>
	<feature name="plagiarism" source_length="325" source_offset="8146" source_reference="wiki_35_BF_48.txt" this_length="362" this_offset="5761"/>
</document>
