<?xml version="1.0" ?>
<document reference="wiki_64_AU_24.txt">
	<feature name="plagiarism" source_length="165" source_offset="81489" source_reference="wiki_67_AH_19.txt" this_length="186" this_offset="1117"/>
	<feature name="plagiarism" source_length="166" source_offset="54331" source_reference="wiki_03_BE_38.txt" this_length="170" this_offset="1782"/>
	<feature name="plagiarism" source_length="257" source_offset="68051" source_reference="wiki_03_BE_38.txt" this_length="275" this_offset="1952"/>
	<feature name="plagiarism" source_length="78" source_offset="4680" source_reference="wiki_03_BE_38.txt" this_length="100" this_offset="2227"/>
	<feature name="plagiarism" source_length="185" source_offset="41254" source_reference="wiki_03_BE_38.txt" this_length="188" this_offset="2327"/>
	<feature name="plagiarism" source_length="145" source_offset="69654" source_reference="wiki_03_BE_38.txt" this_length="174" this_offset="3179"/>
	<feature name="plagiarism" source_length="186" source_offset="3552" source_reference="wiki_13_AM_4.txt" this_length="200" this_offset="4707"/>
	<feature name="plagiarism" source_length="145" source_offset="26272" source_reference="wiki_67_AH_19.txt" this_length="154" this_offset="5299"/>
	<feature name="plagiarism" source_length="196" source_offset="23788" source_reference="wiki_45_AM_46.txt" this_length="215" this_offset="5453"/>
</document>
