<?xml version="1.0" ?>
<document reference="wiki_62_BW_13.txt">
	<feature name="plagiarism" source_length="147" source_offset="15045" source_reference="wiki_63_BD_27.txt" this_length="208" this_offset="253"/>
	<feature name="plagiarism" source_length="161" source_offset="7845" source_reference="wiki_80_AK_10.txt" this_length="164" this_offset="1384"/>
	<feature name="plagiarism" source_length="80" source_offset="3764" source_reference="wiki_17_AJ_48.txt" this_length="88" this_offset="1813"/>
	<feature name="plagiarism" source_length="76" source_offset="57666" source_reference="wiki_63_BD_27.txt" this_length="88" this_offset="2055"/>
	<feature name="plagiarism" source_length="119" source_offset="2622" source_reference="wiki_48_BC_32.txt" this_length="155" this_offset="2315"/>
	<feature name="plagiarism" source_length="125" source_offset="33240" source_reference="wiki_63_BD_27.txt" this_length="129" this_offset="2876"/>
	<feature name="plagiarism" source_length="207" source_offset="65756" source_reference="wiki_63_BD_27.txt" this_length="198" this_offset="3184"/>
	<feature name="plagiarism" source_length="80" source_offset="20574" source_reference="wiki_48_BC_32.txt" this_length="78" this_offset="4004"/>
	<feature name="plagiarism" source_length="118" source_offset="18905" source_reference="wiki_63_BD_27.txt" this_length="136" this_offset="4082"/>
	<feature name="plagiarism" source_length="238" source_offset="45441" source_reference="wiki_63_BD_27.txt" this_length="263" this_offset="4335"/>
	<feature name="plagiarism" source_length="132" source_offset="31297" source_reference="wiki_48_BC_32.txt" this_length="156" this_offset="6199"/>
	<feature name="plagiarism" source_length="195" source_offset="7201" source_reference="wiki_17_AJ_48.txt" this_length="206" this_offset="6716"/>
	<feature name="plagiarism" source_length="119" source_offset="6011" source_reference="wiki_12_AU_12.txt" this_length="115" this_offset="7646"/>
	<feature name="plagiarism" source_length="131" source_offset="37956" source_reference="wiki_48_BC_32.txt" this_length="129" this_offset="7761"/>
	<feature name="plagiarism" source_length="123" source_offset="62164" source_reference="wiki_63_BD_27.txt" this_length="152" this_offset="7890"/>
	<feature name="plagiarism" source_length="288" source_offset="34764" source_reference="wiki_48_BC_32.txt" this_length="291" this_offset="8149"/>
	<feature name="plagiarism" source_length="134" source_offset="4126" source_reference="wiki_17_AJ_48.txt" this_length="139" this_offset="8726"/>
	<feature name="plagiarism" source_length="228" source_offset="58811" source_reference="wiki_63_BD_27.txt" this_length="252" this_offset="8865"/>
	<feature name="plagiarism" source_length="75" source_offset="7020" source_reference="wiki_17_AJ_48.txt" this_length="74" this_offset="9873"/>
	<feature name="plagiarism" source_length="121" source_offset="67885" source_reference="wiki_63_BD_27.txt" this_length="127" this_offset="9947"/>
	<feature name="plagiarism" source_length="66" source_offset="75936" source_reference="wiki_63_BD_27.txt" this_length="83" this_offset="10074"/>
	<feature name="plagiarism" source_length="169" source_offset="34163" source_reference="wiki_48_BC_32.txt" this_length="162" this_offset="10457"/>
	<feature name="plagiarism" source_length="234" source_offset="19927" source_reference="wiki_63_BD_27.txt" this_length="272" this_offset="10735"/>
	<feature name="plagiarism" source_length="348" source_offset="71670" source_reference="wiki_63_BD_27.txt" this_length="415" this_offset="11222"/>
	<feature name="plagiarism" source_length="194" source_offset="56703" source_reference="wiki_63_BD_27.txt" this_length="221" this_offset="12553"/>
	<feature name="plagiarism" source_length="286" source_offset="43642" source_reference="wiki_63_BD_27.txt" this_length="308" this_offset="13295"/>
	<feature name="plagiarism" source_length="196" source_offset="4081" source_reference="wiki_12_AU_12.txt" this_length="218" this_offset="13715"/>
	<feature name="plagiarism" source_length="146" source_offset="40137" source_reference="wiki_63_BD_27.txt" this_length="174" this_offset="14114"/>
	<feature name="plagiarism" source_length="161" source_offset="33104" source_reference="wiki_48_BC_32.txt" this_length="163" this_offset="14913"/>
	<feature name="plagiarism" source_length="279" source_offset="38411" source_reference="wiki_63_BD_27.txt" this_length="296" this_offset="15306"/>
	<feature name="plagiarism" source_length="114" source_offset="57179" source_reference="wiki_63_BD_27.txt" this_length="145" this_offset="15832"/>
	<feature name="plagiarism" source_length="136" source_offset="19528" source_reference="wiki_63_BD_27.txt" this_length="148" this_offset="16023"/>
	<feature name="plagiarism" source_length="110" source_offset="72477" source_reference="wiki_63_BD_27.txt" this_length="113" this_offset="17123"/>
	<feature name="plagiarism" source_length="146" source_offset="15103" source_reference="wiki_48_BC_32.txt" this_length="190" this_offset="17535"/>
	<feature name="plagiarism" source_length="269" source_offset="3051" source_reference="wiki_63_BD_27.txt" this_length="270" this_offset="18506"/>
	<feature name="plagiarism" source_length="133" source_offset="1200" source_reference="wiki_17_AJ_48.txt" this_length="135" this_offset="19261"/>
	<feature name="plagiarism" source_length="93" source_offset="47240" source_reference="wiki_63_BD_27.txt" this_length="97" this_offset="20159"/>
	<feature name="plagiarism" source_length="209" source_offset="16127" source_reference="wiki_63_BD_27.txt" this_length="242" this_offset="20256"/>
	<feature name="plagiarism" source_length="127" source_offset="70410" source_reference="wiki_63_BD_27.txt" this_length="147" this_offset="21091"/>
	<feature name="plagiarism" source_length="59" source_offset="5384" source_reference="wiki_48_BC_32.txt" this_length="65" this_offset="21295"/>
	<feature name="plagiarism" source_length="144" source_offset="43928" source_reference="wiki_63_BD_27.txt" this_length="200" this_offset="21691"/>
	<feature name="plagiarism" source_length="87" source_offset="64790" source_reference="wiki_63_BD_27.txt" this_length="102" this_offset="22572"/>
	<feature name="plagiarism" source_length="90" source_offset="5791" source_reference="wiki_17_AJ_48.txt" this_length="78" this_offset="22674"/>
	<feature name="plagiarism" source_length="108" source_offset="9661" source_reference="wiki_63_BD_27.txt" this_length="109" this_offset="23194"/>
	<feature name="plagiarism" source_length="133" source_offset="8878" source_reference="wiki_80_AK_10.txt" this_length="116" this_offset="23579"/>
	<feature name="plagiarism" source_length="60" source_offset="13024" source_reference="wiki_48_BC_32.txt" this_length="74" this_offset="25046"/>
	<feature name="plagiarism" source_length="157" source_offset="27382" source_reference="wiki_63_BD_27.txt" this_length="173" this_offset="26202"/>
	<feature name="plagiarism" source_length="267" source_offset="24886" source_reference="wiki_48_BC_32.txt" this_length="298" this_offset="27079"/>
	<feature name="plagiarism" source_length="178" source_offset="36619" source_reference="wiki_63_BD_27.txt" this_length="206" this_offset="27377"/>
	<feature name="plagiarism" source_length="291" source_offset="5147" source_reference="wiki_63_BD_27.txt" this_length="319" this_offset="27653"/>
	<feature name="plagiarism" source_length="86" source_offset="11809" source_reference="wiki_17_AJ_48.txt" this_length="109" this_offset="28665"/>
	<feature name="plagiarism" source_length="80" source_offset="14367" source_reference="wiki_63_BD_27.txt" this_length="69" this_offset="28817"/>
	<feature name="plagiarism" source_length="247" source_offset="46606" source_reference="wiki_48_BC_32.txt" this_length="256" this_offset="29514"/>
	<feature name="plagiarism" source_length="143" source_offset="30970" source_reference="wiki_48_BC_32.txt" this_length="155" this_offset="29770"/>
	<feature name="plagiarism" source_length="223" source_offset="10524" source_reference="wiki_63_BD_27.txt" this_length="247" this_offset="30640"/>
	<feature name="plagiarism" source_length="206" source_offset="9901" source_reference="wiki_80_AK_10.txt" this_length="217" this_offset="31057"/>
	<feature name="plagiarism" source_length="192" source_offset="4062" source_reference="wiki_48_BC_32.txt" this_length="217" this_offset="31373"/>
	<feature name="plagiarism" source_length="74" source_offset="34176" source_reference="wiki_63_BD_27.txt" this_length="66" this_offset="31590"/>
	<feature name="plagiarism" source_length="124" source_offset="22789" source_reference="wiki_63_BD_27.txt" this_length="126" this_offset="31717"/>
	<feature name="plagiarism" source_length="129" source_offset="16858" source_reference="wiki_48_BC_32.txt" this_length="128" this_offset="31861"/>
	<feature name="plagiarism" source_length="106" source_offset="4707" source_reference="wiki_80_AK_10.txt" this_length="99" this_offset="32103"/>
	<feature name="plagiarism" source_length="171" source_offset="1391" source_reference="wiki_12_AU_12.txt" this_length="184" this_offset="32605"/>
	<feature name="plagiarism" source_length="93" source_offset="14529" source_reference="wiki_48_BC_32.txt" this_length="107" this_offset="32789"/>
	<feature name="plagiarism" source_length="95" source_offset="5443" source_reference="wiki_48_BC_32.txt" this_length="107" this_offset="33077"/>
	<feature name="plagiarism" source_length="261" source_offset="46805" source_reference="wiki_63_BD_27.txt" this_length="270" this_offset="33184"/>
	<feature name="plagiarism" source_length="93" source_offset="23393" source_reference="wiki_63_BD_27.txt" this_length="109" this_offset="33454"/>
	<feature name="plagiarism" source_length="285" source_offset="7640" source_reference="wiki_12_AU_12.txt" this_length="274" this_offset="33563"/>
	<feature name="plagiarism" source_length="192" source_offset="5539" source_reference="wiki_48_BC_32.txt" this_length="221" this_offset="33945"/>
	<feature name="plagiarism" source_length="146" source_offset="13740" source_reference="wiki_63_BD_27.txt" this_length="160" this_offset="34843"/>
	<feature name="plagiarism" source_length="212" source_offset="38941" source_reference="wiki_63_BD_27.txt" this_length="250" this_offset="35137"/>
	<feature name="plagiarism" source_length="147" source_offset="3561" source_reference="wiki_17_AJ_48.txt" this_length="167" this_offset="35387"/>
	<feature name="plagiarism" source_length="114" source_offset="4592" source_reference="wiki_80_AK_10.txt" this_length="120" this_offset="36048"/>
	<feature name="plagiarism" source_length="295" source_offset="28773" source_reference="wiki_48_BC_32.txt" this_length="322" this_offset="37109"/>
	<feature name="plagiarism" source_length="99" source_offset="72200" source_reference="wiki_63_BD_27.txt" this_length="123" this_offset="37769"/>
	<feature name="plagiarism" source_length="154" source_offset="5929" source_reference="wiki_80_AK_10.txt" this_length="170" this_offset="38026"/>
	<feature name="plagiarism" source_length="69" source_offset="4119" source_reference="wiki_80_AK_10.txt" this_length="73" this_offset="38474"/>
	<feature name="plagiarism" source_length="84" source_offset="6072" source_reference="wiki_17_AJ_48.txt" this_length="88" this_offset="38547"/>
	<feature name="plagiarism" source_length="81" source_offset="6692" source_reference="wiki_17_AJ_48.txt" this_length="90" this_offset="38739"/>
	<feature name="plagiarism" source_length="352" source_offset="39246" source_reference="wiki_48_BC_32.txt" this_length="364" this_offset="39404"/>
	<feature name="plagiarism" source_length="261" source_offset="39978" source_reference="wiki_48_BC_32.txt" this_length="340" this_offset="39768"/>
	<feature name="plagiarism" source_length="140" source_offset="35142" source_reference="wiki_48_BC_32.txt" this_length="170" this_offset="40206"/>
	<feature name="plagiarism" source_length="146" source_offset="9577" source_reference="wiki_80_AK_10.txt" this_length="141" this_offset="40717"/>
	<feature name="plagiarism" source_length="173" source_offset="347" source_reference="wiki_17_AJ_48.txt" this_length="171" this_offset="41075"/>
</document>
