<?xml version="1.0" ?>
<document reference="wiki_72_AQ_11.txt">
	<feature name="plagiarism" source_length="553" source_offset="55954" source_reference="wiki_91_AC_16.txt" this_length="363" this_offset="698"/>
	<feature name="plagiarism" source_length="151" source_offset="30754" source_reference="wiki_91_AC_16.txt" this_length="164" this_offset="1079"/>
	<feature name="plagiarism" source_length="229" source_offset="62050" source_reference="wiki_91_AC_16.txt" this_length="250" this_offset="1519"/>
	<feature name="plagiarism" source_length="85" source_offset="14007" source_reference="wiki_91_AC_16.txt" this_length="95" this_offset="2642"/>
	<feature name="plagiarism" source_length="92" source_offset="48641" source_reference="wiki_19_AB_31.txt" this_length="98" this_offset="3062"/>
	<feature name="plagiarism" source_length="103" source_offset="36211" source_reference="wiki_27_AU_9.txt" this_length="110" this_offset="3213"/>
	<feature name="plagiarism" source_length="129" source_offset="73792" source_reference="wiki_91_AC_16.txt" this_length="146" this_offset="3323"/>
	<feature name="plagiarism" source_length="147" source_offset="39430" source_reference="wiki_13_AA_8.txt" this_length="188" this_offset="3477"/>
	<feature name="plagiarism" source_length="234" source_offset="13411" source_reference="wiki_19_AB_31.txt" this_length="109" this_offset="3665"/>
	<feature name="plagiarism" source_length="138" source_offset="13130" source_reference="wiki_13_AA_8.txt" this_length="159" this_offset="3928"/>
	<feature name="plagiarism" source_length="191" source_offset="68155" source_reference="wiki_36_BF_34.txt" this_length="203" this_offset="4166"/>
	<feature name="plagiarism" source_length="263" source_offset="45110" source_reference="wiki_36_BF_34.txt" this_length="254" this_offset="4907"/>
	<feature name="plagiarism" source_length="174" source_offset="14328" source_reference="wiki_13_AA_8.txt" this_length="210" this_offset="5719"/>
	<feature name="plagiarism" source_length="219" source_offset="46707" source_reference="wiki_36_BF_34.txt" this_length="254" this_offset="5955"/>
	<feature name="plagiarism" source_length="181" source_offset="36553" source_reference="wiki_19_AB_31.txt" this_length="222" this_offset="6513"/>
	<feature name="plagiarism" source_length="141" source_offset="4630" source_reference="wiki_36_BF_34.txt" this_length="155" this_offset="7242"/>
	<feature name="plagiarism" source_length="70" source_offset="50202" source_reference="wiki_19_AB_31.txt" this_length="68" this_offset="7397"/>
	<feature name="plagiarism" source_length="166" source_offset="6800" source_reference="wiki_19_AB_31.txt" this_length="162" this_offset="7685"/>
	<feature name="plagiarism" source_length="107" source_offset="42772" source_reference="wiki_36_BF_34.txt" this_length="101" this_offset="7847"/>
	<feature name="plagiarism" source_length="96" source_offset="22665" source_reference="wiki_19_AB_31.txt" this_length="105" this_offset="7948"/>
	<feature name="plagiarism" source_length="120" source_offset="27316" source_reference="wiki_36_BF_34.txt" this_length="145" this_offset="8303"/>
	<feature name="plagiarism" source_length="132" source_offset="57938" source_reference="wiki_13_AA_8.txt" this_length="134" this_offset="8859"/>
	<feature name="plagiarism" source_length="104" source_offset="76108" source_reference="wiki_13_AA_8.txt" this_length="125" this_offset="8993"/>
	<feature name="plagiarism" source_length="69" source_offset="20919" source_reference="wiki_27_AU_9.txt" this_length="68" this_offset="9118"/>
	<feature name="plagiarism" source_length="47" source_offset="41817" source_reference="wiki_27_AU_9.txt" this_length="55" this_offset="10689"/>
	<feature name="plagiarism" source_length="112" source_offset="86022" source_reference="wiki_91_AC_16.txt" this_length="108" this_offset="10972"/>
	<feature name="plagiarism" source_length="58" source_offset="57895" source_reference="wiki_19_AB_31.txt" this_length="60" this_offset="11080"/>
	<feature name="plagiarism" source_length="225" source_offset="861" source_reference="wiki_27_AU_9.txt" this_length="259" this_offset="11464"/>
	<feature name="plagiarism" source_length="110" source_offset="28472" source_reference="wiki_13_AA_8.txt" this_length="117" this_offset="11723"/>
	<feature name="plagiarism" source_length="105" source_offset="61387" source_reference="wiki_13_AA_8.txt" this_length="120" this_offset="11866"/>
	<feature name="plagiarism" source_length="100" source_offset="16711" source_reference="wiki_27_AU_9.txt" this_length="109" this_offset="12023"/>
	<feature name="plagiarism" source_length="117" source_offset="10001" source_reference="wiki_27_AU_9.txt" this_length="124" this_offset="12430"/>
	<feature name="plagiarism" source_length="129" source_offset="1151" source_reference="wiki_91_AC_16.txt" this_length="126" this_offset="12860"/>
	<feature name="plagiarism" source_length="154" source_offset="67245" source_reference="wiki_36_BF_34.txt" this_length="159" this_offset="13336"/>
	<feature name="plagiarism" source_length="61" source_offset="50141" source_reference="wiki_19_AB_31.txt" this_length="70" this_offset="13495"/>
	<feature name="plagiarism" source_length="91" source_offset="40286" source_reference="wiki_27_AU_9.txt" this_length="95" this_offset="13907"/>
</document>
