<?xml version="1.0" ?>
<document reference="wiki_00_BD_10.txt">
	<feature name="plagiarism" source_length="274" source_offset="21473" source_reference="wiki_01_AD_33.txt" this_length="304" this_offset="208"/>
	<feature name="plagiarism" source_length="107" source_offset="29735" source_reference="wiki_51_AO_56.txt" this_length="108" this_offset="1890"/>
	<feature name="plagiarism" source_length="185" source_offset="16788" source_reference="wiki_01_AD_33.txt" this_length="208" this_offset="1998"/>
	<feature name="plagiarism" source_length="86" source_offset="6426" source_reference="wiki_44_AT_20.txt" this_length="109" this_offset="2206"/>
	<feature name="plagiarism" source_length="230" source_offset="4742" source_reference="wiki_83_BB_31.txt" this_length="246" this_offset="2876"/>
	<feature name="plagiarism" source_length="133" source_offset="9989" source_reference="wiki_01_AD_33.txt" this_length="142" this_offset="3474"/>
	<feature name="plagiarism" source_length="173" source_offset="14134" source_reference="wiki_01_AD_33.txt" this_length="184" this_offset="4073"/>
	<feature name="plagiarism" source_length="113" source_offset="29259" source_reference="wiki_51_AO_56.txt" this_length="129" this_offset="4822"/>
	<feature name="plagiarism" source_length="122" source_offset="13538" source_reference="wiki_83_BB_31.txt" this_length="132" this_offset="5085"/>
	<feature name="plagiarism" source_length="115" source_offset="1195" source_reference="wiki_83_BB_31.txt" this_length="111" this_offset="5998"/>
	<feature name="plagiarism" source_length="122" source_offset="35760" source_reference="wiki_01_AD_33.txt" this_length="120" this_offset="6109"/>
	<feature name="plagiarism" source_length="98" source_offset="15300" source_reference="wiki_31_AA_9.txt" this_length="124" this_offset="6229"/>
	<feature name="plagiarism" source_length="141" source_offset="51116" source_reference="wiki_44_AT_20.txt" this_length="152" this_offset="7051"/>
	<feature name="plagiarism" source_length="103" source_offset="15890" source_reference="wiki_31_AA_9.txt" this_length="128" this_offset="7203"/>
	<feature name="plagiarism" source_length="66" source_offset="30766" source_reference="wiki_01_AD_33.txt" this_length="71" this_offset="7675"/>
</document>
