<?xml version="1.0" ?>
<document reference="wiki_41_CG_32.txt">
	<feature name="plagiarism" source_length="246" source_offset="12209" source_reference="wiki_16_BC_31.txt" this_length="238" this_offset="18"/>
	<feature name="plagiarism" source_length="323" source_offset="38544" source_reference="wiki_27_AC_18.txt" this_length="341" this_offset="342"/>
	<feature name="plagiarism" source_length="185" source_offset="57328" source_reference="wiki_48_AY_48.txt" this_length="212" this_offset="996"/>
	<feature name="plagiarism" source_length="143" source_offset="18458" source_reference="wiki_16_BC_31.txt" this_length="139" this_offset="1405"/>
	<feature name="plagiarism" source_length="240" source_offset="44576" source_reference="wiki_27_AC_18.txt" this_length="286" this_offset="1685"/>
	<feature name="plagiarism" source_length="108" source_offset="24044" source_reference="wiki_48_AY_48.txt" this_length="107" this_offset="2443"/>
	<feature name="plagiarism" source_length="142" source_offset="24871" source_reference="wiki_19_AB_34.txt" this_length="134" this_offset="2550"/>
	<feature name="plagiarism" source_length="195" source_offset="11225" source_reference="wiki_16_BC_31.txt" this_length="212" this_offset="2684"/>
	<feature name="plagiarism" source_length="214" source_offset="33401" source_reference="wiki_48_AY_48.txt" this_length="230" this_offset="2896"/>
	<feature name="plagiarism" source_length="316" source_offset="12713" source_reference="wiki_27_AC_18.txt" this_length="352" this_offset="3126"/>
	<feature name="plagiarism" source_length="115" source_offset="12299" source_reference="wiki_19_AB_34.txt" this_length="109" this_offset="3478"/>
	<feature name="plagiarism" source_length="170" source_offset="15694" source_reference="wiki_19_AB_34.txt" this_length="166" this_offset="3744"/>
	<feature name="plagiarism" source_length="134" source_offset="118" source_reference="wiki_48_AY_48.txt" this_length="135" this_offset="3910"/>
	<feature name="plagiarism" source_length="297" source_offset="44279" source_reference="wiki_27_AC_18.txt" this_length="336" this_offset="4531"/>
	<feature name="plagiarism" source_length="143" source_offset="1931" source_reference="wiki_48_AY_48.txt" this_length="154" this_offset="4867"/>
	<feature name="plagiarism" source_length="171" source_offset="12394" source_reference="wiki_48_AY_48.txt" this_length="173" this_offset="5064"/>
	<feature name="plagiarism" source_length="118" source_offset="32409" source_reference="wiki_16_BC_31.txt" this_length="133" this_offset="5755"/>
	<feature name="plagiarism" source_length="121" source_offset="19361" source_reference="wiki_27_AC_18.txt" this_length="149" this_offset="6675"/>
	<feature name="plagiarism" source_length="187" source_offset="58339" source_reference="wiki_48_AY_48.txt" this_length="249" this_offset="6824"/>
	<feature name="plagiarism" source_length="158" source_offset="36826" source_reference="wiki_27_AC_18.txt" this_length="193" this_offset="7084"/>
	<feature name="plagiarism" source_length="296" source_offset="31704" source_reference="wiki_27_AC_18.txt" this_length="343" this_offset="7411"/>
	<feature name="plagiarism" source_length="269" source_offset="41848" source_reference="wiki_27_AC_18.txt" this_length="295" this_offset="7924"/>
	<feature name="plagiarism" source_length="146" source_offset="5172" source_reference="wiki_19_AB_34.txt" this_length="168" this_offset="8832"/>
	<feature name="plagiarism" source_length="72" source_offset="32337" source_reference="wiki_16_BC_31.txt" this_length="89" this_offset="9000"/>
	<feature name="plagiarism" source_length="151" source_offset="11420" source_reference="wiki_16_BC_31.txt" this_length="153" this_offset="9089"/>
	<feature name="plagiarism" source_length="134" source_offset="21343" source_reference="wiki_19_AB_34.txt" this_length="131" this_offset="9242"/>
	<feature name="plagiarism" source_length="136" source_offset="47849" source_reference="wiki_48_AY_48.txt" this_length="148" this_offset="9524"/>
</document>
