<?xml version="1.0" ?>
<document reference="wiki_51_AS_36.txt">
	<feature name="plagiarism" source_length="198" source_offset="5931" source_reference="wiki_49_AM_27.txt" this_length="220" this_offset="274"/>
	<feature name="plagiarism" source_length="811" source_offset="16052" source_reference="wiki_49_AM_27.txt" this_length="903" this_offset="809"/>
	<feature name="plagiarism" source_length="298" source_offset="3974" source_reference="wiki_98_AA_6.txt" this_length="348" this_offset="1712"/>
	<feature name="plagiarism" source_length="197" source_offset="3223" source_reference="wiki_98_AA_6.txt" this_length="191" this_offset="2060"/>
	<feature name="plagiarism" source_length="117" source_offset="12229" source_reference="wiki_98_AA_6.txt" this_length="128" this_offset="2251"/>
	<feature name="plagiarism" source_length="122" source_offset="8899" source_reference="wiki_49_AM_27.txt" this_length="117" this_offset="2560"/>
	<feature name="plagiarism" source_length="84" source_offset="9850" source_reference="wiki_82_BH_24.txt" this_length="96" this_offset="2677"/>
	<feature name="plagiarism" source_length="216" source_offset="26355" source_reference="wiki_49_AM_27.txt" this_length="225" this_offset="2773"/>
	<feature name="plagiarism" source_length="313" source_offset="977" source_reference="wiki_82_BH_24.txt" this_length="321" this_offset="2998"/>
	<feature name="plagiarism" source_length="139" source_offset="22696" source_reference="wiki_82_BH_24.txt" this_length="140" this_offset="3771"/>
	<feature name="plagiarism" source_length="112" source_offset="22699" source_reference="wiki_98_AA_6.txt" this_length="126" this_offset="3911"/>
	<feature name="plagiarism" source_length="280" source_offset="30141" source_reference="wiki_82_BH_24.txt" this_length="129" this_offset="4248"/>
	<feature name="plagiarism" source_length="79" source_offset="15270" source_reference="wiki_98_AA_6.txt" this_length="99" this_offset="4377"/>
	<feature name="plagiarism" source_length="191" source_offset="24052" source_reference="wiki_49_AM_27.txt" this_length="208" this_offset="4797"/>
	<feature name="plagiarism" source_length="152" source_offset="4737" source_reference="wiki_49_AM_27.txt" this_length="168" this_offset="5459"/>
	<feature name="plagiarism" source_length="240" source_offset="15722" source_reference="wiki_49_AM_27.txt" this_length="272" this_offset="5627"/>
	<feature name="plagiarism" source_length="140" source_offset="6364" source_reference="wiki_49_AM_27.txt" this_length="150" this_offset="5899"/>
	<feature name="plagiarism" source_length="193" source_offset="22044" source_reference="wiki_98_AA_6.txt" this_length="209" this_offset="6181"/>
	<feature name="plagiarism" source_length="164" source_offset="10895" source_reference="wiki_49_AM_27.txt" this_length="175" this_offset="6457"/>
	<feature name="plagiarism" source_length="87" source_offset="13316" source_reference="wiki_98_AA_6.txt" this_length="85" this_offset="6632"/>
	<feature name="plagiarism" source_length="167" source_offset="16003" source_reference="wiki_98_AA_6.txt" this_length="136" this_offset="6717"/>
	<feature name="plagiarism" source_length="120" source_offset="12033" source_reference="wiki_98_AA_6.txt" this_length="115" this_offset="6853"/>
	<feature name="plagiarism" source_length="196" source_offset="23585" source_reference="wiki_82_BH_24.txt" this_length="193" this_offset="6968"/>
	<feature name="plagiarism" source_length="138" source_offset="22957" source_reference="wiki_98_AA_6.txt" this_length="137" this_offset="7634"/>
	<feature name="plagiarism" source_length="362" source_offset="25291" source_reference="wiki_82_BH_24.txt" this_length="389" this_offset="8078"/>
	<feature name="plagiarism" source_length="120" source_offset="27579" source_reference="wiki_98_AA_6.txt" this_length="119" this_offset="8617"/>
</document>
