<?xml version="1.0" ?>
<document reference="wiki_97_BD_11.txt">
	<feature name="plagiarism" source_length="312" source_offset="16126" source_reference="wiki_50_AM_13.txt" this_length="295" this_offset="12"/>
	<feature name="plagiarism" source_length="257" source_offset="20287" source_reference="wiki_45_AX_6.txt" this_length="282" this_offset="807"/>
	<feature name="plagiarism" source_length="115" source_offset="29067" source_reference="wiki_01_AT_6.txt" this_length="160" this_offset="1602"/>
	<feature name="plagiarism" source_length="224" source_offset="23773" source_reference="wiki_45_AX_6.txt" this_length="280" this_offset="2034"/>
	<feature name="plagiarism" source_length="182" source_offset="7621" source_reference="wiki_57_AT_27.txt" this_length="184" this_offset="2314"/>
	<feature name="plagiarism" source_length="219" source_offset="32299" source_reference="wiki_50_AM_13.txt" this_length="225" this_offset="3069"/>
	<feature name="plagiarism" source_length="340" source_offset="15582" source_reference="wiki_45_AX_6.txt" this_length="374" this_offset="4930"/>
	<feature name="plagiarism" source_length="109" source_offset="11885" source_reference="wiki_45_AX_6.txt" this_length="129" this_offset="5304"/>
	<feature name="plagiarism" source_length="63" source_offset="14454" source_reference="wiki_50_AM_13.txt" this_length="62" this_offset="5753"/>
	<feature name="plagiarism" source_length="65" source_offset="33046" source_reference="wiki_50_AM_13.txt" this_length="74" this_offset="6001"/>
	<feature name="plagiarism" source_length="143" source_offset="2413" source_reference="wiki_23_BC_47.txt" this_length="133" this_offset="6491"/>
</document>
