<?xml version="1.0" ?>
<document reference="wiki_37_AR_41.txt">
	<feature name="plagiarism" source_length="199" source_offset="23430" source_reference="wiki_70_AT_21.txt" this_length="195" this_offset="65"/>
	<feature name="plagiarism" source_length="214" source_offset="29850" source_reference="wiki_70_AT_21.txt" this_length="222" this_offset="638"/>
	<feature name="plagiarism" source_length="161" source_offset="9878" source_reference="wiki_70_AT_21.txt" this_length="164" this_offset="860"/>
	<feature name="plagiarism" source_length="159" source_offset="40410" source_reference="wiki_70_AT_21.txt" this_length="198" this_offset="1024"/>
	<feature name="plagiarism" source_length="48" source_offset="10941" source_reference="wiki_70_AT_21.txt" this_length="44" this_offset="1459"/>
	<feature name="plagiarism" source_length="231" source_offset="40009" source_reference="wiki_70_AT_21.txt" this_length="289" this_offset="1722"/>
	<feature name="plagiarism" source_length="152" source_offset="8781" source_reference="wiki_70_AT_21.txt" this_length="149" this_offset="2011"/>
	<feature name="plagiarism" source_length="242" source_offset="36733" source_reference="wiki_70_AT_21.txt" this_length="280" this_offset="2160"/>
	<feature name="plagiarism" source_length="118" source_offset="25087" source_reference="wiki_70_AT_21.txt" this_length="125" this_offset="2595"/>
	<feature name="plagiarism" source_length="293" source_offset="10345" source_reference="wiki_70_AT_21.txt" this_length="279" this_offset="2720"/>
	<feature name="plagiarism" source_length="209" source_offset="30926" source_reference="wiki_70_AT_21.txt" this_length="224" this_offset="3141"/>
	<feature name="plagiarism" source_length="139" source_offset="17512" source_reference="wiki_70_AT_21.txt" this_length="167" this_offset="3365"/>
	<feature name="plagiarism" source_length="171" source_offset="16458" source_reference="wiki_70_AT_21.txt" this_length="170" this_offset="3976"/>
	<feature name="plagiarism" source_length="145" source_offset="10638" source_reference="wiki_70_AT_21.txt" this_length="176" this_offset="4486"/>
	<feature name="plagiarism" source_length="121" source_offset="37139" source_reference="wiki_70_AT_21.txt" this_length="128" this_offset="4776"/>
	<feature name="plagiarism" source_length="247" source_offset="7970" source_reference="wiki_70_AT_21.txt" this_length="249" this_offset="4904"/>
	<feature name="plagiarism" source_length="145" source_offset="2888" source_reference="wiki_70_AT_21.txt" this_length="142" this_offset="5153"/>
	<feature name="plagiarism" source_length="95" source_offset="12197" source_reference="wiki_70_AT_21.txt" this_length="108" this_offset="5454"/>
	<feature name="plagiarism" source_length="97" source_offset="25970" source_reference="wiki_70_AT_21.txt" this_length="110" this_offset="5562"/>
	<feature name="plagiarism" source_length="172" source_offset="5822" source_reference="wiki_70_AT_21.txt" this_length="209" this_offset="5902"/>
	<feature name="plagiarism" source_length="104" source_offset="7669" source_reference="wiki_70_AT_21.txt" this_length="114" this_offset="6111"/>
	<feature name="plagiarism" source_length="104" source_offset="9693" source_reference="wiki_70_AT_21.txt" this_length="117" this_offset="6579"/>
	<feature name="plagiarism" source_length="159" source_offset="31625" source_reference="wiki_70_AT_21.txt" this_length="167" this_offset="6778"/>
	<feature name="plagiarism" source_length="209" source_offset="31784" source_reference="wiki_70_AT_21.txt" this_length="224" this_offset="6945"/>
	<feature name="plagiarism" source_length="512" source_offset="16866" source_reference="wiki_70_AT_21.txt" this_length="467" this_offset="7218"/>
	<feature name="plagiarism" source_length="78" source_offset="7773" source_reference="wiki_70_AT_21.txt" this_length="84" this_offset="8410"/>
</document>
