<?xml version="1.0" ?>
<document reference="wiki_98_BD_15.txt">
	<feature name="plagiarism" source_length="378" source_offset="22402" source_reference="wiki_29_AN_50.txt" this_length="327" this_offset="557"/>
	<feature name="plagiarism" source_length="200" source_offset="2315" source_reference="wiki_29_AN_50.txt" this_length="221" this_offset="1061"/>
	<feature name="plagiarism" source_length="146" source_offset="16060" source_reference="wiki_29_AN_50.txt" this_length="149" this_offset="1453"/>
	<feature name="plagiarism" source_length="124" source_offset="7726" source_reference="wiki_29_AN_50.txt" this_length="133" this_offset="2216"/>
	<feature name="plagiarism" source_length="88" source_offset="28243" source_reference="wiki_29_AN_50.txt" this_length="90" this_offset="2349"/>
	<feature name="plagiarism" source_length="178" source_offset="10241" source_reference="wiki_29_AN_50.txt" this_length="174" this_offset="2553"/>
	<feature name="plagiarism" source_length="284" source_offset="1958" source_reference="wiki_29_AN_50.txt" this_length="136" this_offset="2727"/>
	<feature name="plagiarism" source_length="96" source_offset="22306" source_reference="wiki_29_AN_50.txt" this_length="98" this_offset="3035"/>
	<feature name="plagiarism" source_length="173" source_offset="7239" source_reference="wiki_29_AN_50.txt" this_length="206" this_offset="3426"/>
	<feature name="plagiarism" source_length="168" source_offset="8018" source_reference="wiki_29_AN_50.txt" this_length="195" this_offset="3632"/>
	<feature name="plagiarism" source_length="218" source_offset="3289" source_reference="wiki_29_AN_50.txt" this_length="237" this_offset="3827"/>
	<feature name="plagiarism" source_length="183" source_offset="19368" source_reference="wiki_29_AN_50.txt" this_length="190" this_offset="4300"/>
	<feature name="plagiarism" source_length="366" source_offset="20965" source_reference="wiki_29_AN_50.txt" this_length="385" this_offset="4490"/>
	<feature name="plagiarism" source_length="134" source_offset="19894" source_reference="wiki_29_AN_50.txt" this_length="145" this_offset="5071"/>
	<feature name="plagiarism" source_length="162" source_offset="12451" source_reference="wiki_29_AN_50.txt" this_length="181" this_offset="5216"/>
	<feature name="plagiarism" source_length="73" source_offset="2242" source_reference="wiki_29_AN_50.txt" this_length="93" this_offset="5397"/>
	<feature name="plagiarism" source_length="177" source_offset="11679" source_reference="wiki_29_AN_50.txt" this_length="179" this_offset="5553"/>
	<feature name="plagiarism" source_length="174" source_offset="18624" source_reference="wiki_29_AN_50.txt" this_length="154" this_offset="5975"/>
	<feature name="plagiarism" source_length="161" source_offset="26945" source_reference="wiki_29_AN_50.txt" this_length="199" this_offset="6129"/>
	<feature name="plagiarism" source_length="141" source_offset="12148" source_reference="wiki_29_AN_50.txt" this_length="148" this_offset="6374"/>
	<feature name="plagiarism" source_length="162" source_offset="12289" source_reference="wiki_29_AN_50.txt" this_length="173" this_offset="6656"/>
	<feature name="plagiarism" source_length="108" source_offset="24458" source_reference="wiki_29_AN_50.txt" this_length="102" this_offset="6848"/>
	<feature name="plagiarism" source_length="59" source_offset="17380" source_reference="wiki_29_AN_50.txt" this_length="51" this_offset="7098"/>
	<feature name="plagiarism" source_length="107" source_offset="23336" source_reference="wiki_29_AN_50.txt" this_length="116" this_offset="7409"/>
</document>
