<?xml version="1.0" ?>
<document reference="wiki_44_BK_16.txt">
	<feature name="plagiarism" source_length="176" source_offset="13850" source_reference="wiki_39_AC_20.txt" this_length="232" this_offset="102"/>
	<feature name="plagiarism" source_length="140" source_offset="11251" source_reference="wiki_40_BD_18.txt" this_length="149" this_offset="678"/>
	<feature name="plagiarism" source_length="157" source_offset="27202" source_reference="wiki_92_BG_41.txt" this_length="200" this_offset="827"/>
	<feature name="plagiarism" source_length="134" source_offset="38700" source_reference="wiki_54_AZ_16.txt" this_length="140" this_offset="1027"/>
	<feature name="plagiarism" source_length="256" source_offset="45818" source_reference="wiki_92_BG_41.txt" this_length="258" this_offset="1682"/>
	<feature name="plagiarism" source_length="84" source_offset="23291" source_reference="wiki_54_AZ_16.txt" this_length="110" this_offset="1952"/>
	<feature name="plagiarism" source_length="299" source_offset="45703" source_reference="wiki_40_BD_18.txt" this_length="102" this_offset="2062"/>
	<feature name="plagiarism" source_length="128" source_offset="10188" source_reference="wiki_49_BC_38.txt" this_length="158" this_offset="2556"/>
	<feature name="plagiarism" source_length="251" source_offset="36440" source_reference="wiki_92_BG_41.txt" this_length="286" this_offset="2818"/>
	<feature name="plagiarism" source_length="119" source_offset="55057" source_reference="wiki_40_BD_18.txt" this_length="136" this_offset="3327"/>
	<feature name="plagiarism" source_length="109" source_offset="11760" source_reference="wiki_64_AU_21.txt" this_length="118" this_offset="3463"/>
	<feature name="plagiarism" source_length="99" source_offset="15158" source_reference="wiki_39_AC_20.txt" this_length="111" this_offset="3581"/>
	<feature name="plagiarism" source_length="212" source_offset="66847" source_reference="wiki_40_BD_18.txt" this_length="216" this_offset="3692"/>
	<feature name="plagiarism" source_length="103" source_offset="25077" source_reference="wiki_49_BC_38.txt" this_length="86" this_offset="3908"/>
	<feature name="plagiarism" source_length="63" source_offset="35146" source_reference="wiki_39_AC_20.txt" this_length="56" this_offset="3994"/>
	<feature name="plagiarism" source_length="149" source_offset="8400" source_reference="wiki_49_BC_38.txt" this_length="178" this_offset="4050"/>
	<feature name="plagiarism" source_length="104" source_offset="12483" source_reference="wiki_54_AZ_16.txt" this_length="106" this_offset="4242"/>
	<feature name="plagiarism" source_length="304" source_offset="13271" source_reference="wiki_40_BD_18.txt" this_length="332" this_offset="4348"/>
	<feature name="plagiarism" source_length="95" source_offset="25981" source_reference="wiki_49_BC_38.txt" this_length="92" this_offset="4680"/>
	<feature name="plagiarism" source_length="202" source_offset="45645" source_reference="wiki_39_AC_20.txt" this_length="225" this_offset="4772"/>
	<feature name="plagiarism" source_length="121" source_offset="21336" source_reference="wiki_54_AZ_16.txt" this_length="121" this_offset="4997"/>
	<feature name="plagiarism" source_length="117" source_offset="46910" source_reference="wiki_64_AU_21.txt" this_length="125" this_offset="5118"/>
	<feature name="plagiarism" source_length="152" source_offset="12543" source_reference="wiki_64_AU_21.txt" this_length="186" this_offset="5243"/>
	<feature name="plagiarism" source_length="95" source_offset="7304" source_reference="wiki_64_AU_21.txt" this_length="111" this_offset="5878"/>
	<feature name="plagiarism" source_length="376" source_offset="25604" source_reference="wiki_92_BG_41.txt" this_length="357" this_offset="6093"/>
	<feature name="plagiarism" source_length="65" source_offset="50069" source_reference="wiki_64_AU_21.txt" this_length="74" this_offset="6450"/>
	<feature name="plagiarism" source_length="247" source_offset="41499" source_reference="wiki_64_AU_21.txt" this_length="86" this_offset="6524"/>
	<feature name="plagiarism" source_length="127" source_offset="6895" source_reference="wiki_39_AC_20.txt" this_length="132" this_offset="6792"/>
	<feature name="plagiarism" source_length="112" source_offset="9737" source_reference="wiki_54_AZ_16.txt" this_length="134" this_offset="6924"/>
	<feature name="plagiarism" source_length="61" source_offset="20691" source_reference="wiki_64_AU_21.txt" this_length="58" this_offset="7058"/>
	<feature name="plagiarism" source_length="126" source_offset="24978" source_reference="wiki_64_AU_21.txt" this_length="137" this_offset="7116"/>
	<feature name="plagiarism" source_length="87" source_offset="54300" source_reference="wiki_40_BD_18.txt" this_length="118" this_offset="7253"/>
	<feature name="plagiarism" source_length="161" source_offset="21840" source_reference="wiki_54_AZ_16.txt" this_length="171" this_offset="7371"/>
	<feature name="plagiarism" source_length="115" source_offset="34607" source_reference="wiki_40_BD_18.txt" this_length="133" this_offset="7645"/>
	<feature name="plagiarism" source_length="130" source_offset="25996" source_reference="wiki_40_BD_18.txt" this_length="165" this_offset="7888"/>
	<feature name="plagiarism" source_length="249" source_offset="11700" source_reference="wiki_92_BG_41.txt" this_length="273" this_offset="8053"/>
	<feature name="plagiarism" source_length="162" source_offset="28685" source_reference="wiki_54_AZ_16.txt" this_length="167" this_offset="8366"/>
	<feature name="plagiarism" source_length="121" source_offset="17521" source_reference="wiki_92_BG_41.txt" this_length="114" this_offset="8787"/>
	<feature name="plagiarism" source_length="176" source_offset="4992" source_reference="wiki_40_BD_18.txt" this_length="208" this_offset="9280"/>
	<feature name="plagiarism" source_length="96" source_offset="2969" source_reference="wiki_92_BG_41.txt" this_length="103" this_offset="9557"/>
	<feature name="plagiarism" source_length="123" source_offset="54413" source_reference="wiki_39_AC_20.txt" this_length="131" this_offset="9660"/>
	<feature name="plagiarism" source_length="140" source_offset="14775" source_reference="wiki_54_AZ_16.txt" this_length="142" this_offset="9944"/>
	<feature name="plagiarism" source_length="261" source_offset="42741" source_reference="wiki_92_BG_41.txt" this_length="253" this_offset="10086"/>
	<feature name="plagiarism" source_length="236" source_offset="47366" source_reference="wiki_92_BG_41.txt" this_length="267" this_offset="10758"/>
	<feature name="plagiarism" source_length="231" source_offset="42897" source_reference="wiki_39_AC_20.txt" this_length="231" this_offset="11052"/>
	<feature name="plagiarism" source_length="78" source_offset="3492" source_reference="wiki_54_AZ_16.txt" this_length="97" this_offset="11283"/>
	<feature name="plagiarism" source_length="139" source_offset="48680" source_reference="wiki_92_BG_41.txt" this_length="151" this_offset="11380"/>
	<feature name="plagiarism" source_length="120" source_offset="5256" source_reference="wiki_54_AZ_16.txt" this_length="127" this_offset="11531"/>
	<feature name="plagiarism" source_length="257" source_offset="70684" source_reference="wiki_40_BD_18.txt" this_length="276" this_offset="11658"/>
	<feature name="plagiarism" source_length="217" source_offset="45323" source_reference="wiki_92_BG_41.txt" this_length="230" this_offset="11985"/>
</document>
