<?xml version="1.0" ?>
<document reference="wiki_65_AC_32.txt">
	<feature name="plagiarism" source_length="75" source_offset="7594" source_reference="wiki_93_AH_32.txt" this_length="76" this_offset="12"/>
	<feature name="plagiarism" source_length="214" source_offset="26295" source_reference="wiki_46_AA_41.txt" this_length="256" this_offset="88"/>
	<feature name="plagiarism" source_length="425" source_offset="51429" source_reference="wiki_27_AA_28.txt" this_length="443" this_offset="708"/>
	<feature name="plagiarism" source_length="234" source_offset="17420" source_reference="wiki_27_AA_28.txt" this_length="241" this_offset="1191"/>
	<feature name="plagiarism" source_length="336" source_offset="26874" source_reference="wiki_27_AA_28.txt" this_length="337" this_offset="1432"/>
	<feature name="plagiarism" source_length="89" source_offset="15796" source_reference="wiki_46_AA_41.txt" this_length="98" this_offset="1812"/>
	<feature name="plagiarism" source_length="75" source_offset="1565" source_reference="wiki_93_AH_32.txt" this_length="66" this_offset="2113"/>
	<feature name="plagiarism" source_length="412" source_offset="39214" source_reference="wiki_27_AA_28.txt" this_length="428" this_offset="2340"/>
	<feature name="plagiarism" source_length="141" source_offset="5611" source_reference="wiki_46_AA_41.txt" this_length="154" this_offset="2768"/>
	<feature name="plagiarism" source_length="218" source_offset="18605" source_reference="wiki_46_AA_41.txt" this_length="221" this_offset="2922"/>
	<feature name="plagiarism" source_length="159" source_offset="46104" source_reference="wiki_27_AA_28.txt" this_length="182" this_offset="3143"/>
	<feature name="plagiarism" source_length="103" source_offset="9391" source_reference="wiki_93_AH_32.txt" this_length="117" this_offset="3325"/>
	<feature name="plagiarism" source_length="129" source_offset="49007" source_reference="wiki_27_AA_28.txt" this_length="131" this_offset="3442"/>
	<feature name="plagiarism" source_length="298" source_offset="18777" source_reference="wiki_27_AA_28.txt" this_length="348" this_offset="3573"/>
	<feature name="plagiarism" source_length="74" source_offset="16481" source_reference="wiki_27_AA_28.txt" this_length="67" this_offset="3948"/>
	<feature name="plagiarism" source_length="58" source_offset="52400" source_reference="wiki_27_AA_28.txt" this_length="79" this_offset="4015"/>
	<feature name="plagiarism" source_length="101" source_offset="2108" source_reference="wiki_27_AA_28.txt" this_length="146" this_offset="4094"/>
	<feature name="plagiarism" source_length="301" source_offset="44050" source_reference="wiki_27_AA_28.txt" this_length="337" this_offset="4286"/>
	<feature name="plagiarism" source_length="228" source_offset="3976" source_reference="wiki_27_AA_28.txt" this_length="206" this_offset="4623"/>
	<feature name="plagiarism" source_length="139" source_offset="5472" source_reference="wiki_46_AA_41.txt" this_length="136" this_offset="4829"/>
	<feature name="plagiarism" source_length="72" source_offset="5923" source_reference="wiki_93_AH_32.txt" this_length="89" this_offset="4994"/>
	<feature name="plagiarism" source_length="82" source_offset="45908" source_reference="wiki_27_AA_28.txt" this_length="95" this_offset="5083"/>
	<feature name="plagiarism" source_length="282" source_offset="39626" source_reference="wiki_27_AA_28.txt" this_length="288" this_offset="5178"/>
	<feature name="plagiarism" source_length="77" source_offset="13455" source_reference="wiki_46_AA_41.txt" this_length="73" this_offset="5480"/>
	<feature name="plagiarism" source_length="51" source_offset="8234" source_reference="wiki_93_AH_32.txt" this_length="73" this_offset="5553"/>
	<feature name="plagiarism" source_length="357" source_offset="24746" source_reference="wiki_46_AA_41.txt" this_length="430" this_offset="5672"/>
	<feature name="plagiarism" source_length="86" source_offset="6659" source_reference="wiki_93_AH_32.txt" this_length="75" this_offset="6115"/>
	<feature name="plagiarism" source_length="259" source_offset="48622" source_reference="wiki_27_AA_28.txt" this_length="303" this_offset="6190"/>
	<feature name="plagiarism" source_length="129" source_offset="10434" source_reference="wiki_27_AA_28.txt" this_length="123" this_offset="6669"/>
	<feature name="plagiarism" source_length="333" source_offset="19560" source_reference="wiki_46_AA_41.txt" this_length="355" this_offset="6792"/>
	<feature name="plagiarism" source_length="107" source_offset="52293" source_reference="wiki_27_AA_28.txt" this_length="115" this_offset="7147"/>
	<feature name="plagiarism" source_length="85" source_offset="10470" source_reference="wiki_46_AA_41.txt" this_length="78" this_offset="7276"/>
	<feature name="plagiarism" source_length="137" source_offset="24207" source_reference="wiki_27_AA_28.txt" this_length="135" this_offset="7475"/>
	<feature name="plagiarism" source_length="110" source_offset="52030" source_reference="wiki_27_AA_28.txt" this_length="100" this_offset="7636"/>
	<feature name="plagiarism" source_length="126" source_offset="48881" source_reference="wiki_27_AA_28.txt" this_length="150" this_offset="7966"/>
	<feature name="plagiarism" source_length="152" source_offset="15884" source_reference="wiki_27_AA_28.txt" this_length="144" this_offset="8116"/>
	<feature name="plagiarism" source_length="121" source_offset="8285" source_reference="wiki_93_AH_32.txt" this_length="152" this_offset="8409"/>
	<feature name="plagiarism" source_length="186" source_offset="2912" source_reference="wiki_46_AA_41.txt" this_length="189" this_offset="8561"/>
	<feature name="plagiarism" source_length="215" source_offset="41841" source_reference="wiki_27_AA_28.txt" this_length="217" this_offset="8838"/>
	<feature name="plagiarism" source_length="131" source_offset="25103" source_reference="wiki_46_AA_41.txt" this_length="124" this_offset="9055"/>
	<feature name="plagiarism" source_length="105" source_offset="3773" source_reference="wiki_93_AH_32.txt" this_length="124" this_offset="9203"/>
	<feature name="plagiarism" source_length="108" source_offset="13794" source_reference="wiki_93_AH_32.txt" this_length="99" this_offset="9327"/>
	<feature name="plagiarism" source_length="99" source_offset="4930" source_reference="wiki_93_AH_32.txt" this_length="109" this_offset="9426"/>
	<feature name="plagiarism" source_length="233" source_offset="46338" source_reference="wiki_27_AA_28.txt" this_length="204" this_offset="9535"/>
	<feature name="plagiarism" source_length="174" source_offset="2414" source_reference="wiki_46_AA_41.txt" this_length="218" this_offset="9842"/>
</document>
