<?xml version="1.0" ?>
<document reference="wiki_66_BH_5.txt">
	<feature name="plagiarism" source_length="131" source_offset="6869" source_reference="wiki_33_AC_27.txt" this_length="152" this_offset="26"/>
	<feature name="plagiarism" source_length="139" source_offset="55831" source_reference="wiki_33_AC_27.txt" this_length="144" this_offset="237"/>
	<feature name="plagiarism" source_length="173" source_offset="9067" source_reference="wiki_33_BD_15.txt" this_length="205" this_offset="792"/>
	<feature name="plagiarism" source_length="111" source_offset="45081" source_reference="wiki_22_BH_50.txt" this_length="114" this_offset="1012"/>
	<feature name="plagiarism" source_length="88" source_offset="2247" source_reference="wiki_89_BC_13.txt" this_length="79" this_offset="1263"/>
	<feature name="plagiarism" source_length="231" source_offset="15032" source_reference="wiki_97_AH_14.txt" this_length="256" this_offset="1342"/>
	<feature name="plagiarism" source_length="200" source_offset="30329" source_reference="wiki_22_BH_50.txt" this_length="218" this_offset="1598"/>
	<feature name="plagiarism" source_length="111" source_offset="7470" source_reference="wiki_89_BC_13.txt" this_length="96" this_offset="1816"/>
	<feature name="plagiarism" source_length="185" source_offset="16250" source_reference="wiki_97_AH_14.txt" this_length="214" this_offset="1912"/>
	<feature name="plagiarism" source_length="148" source_offset="52438" source_reference="wiki_89_BC_13.txt" this_length="167" this_offset="2126"/>
	<feature name="plagiarism" source_length="204" source_offset="50184" source_reference="wiki_33_AC_27.txt" this_length="241" this_offset="2293"/>
	<feature name="plagiarism" source_length="71" source_offset="16706" source_reference="wiki_97_AH_14.txt" this_length="85" this_offset="2807"/>
	<feature name="plagiarism" source_length="118" source_offset="34146" source_reference="wiki_89_BC_13.txt" this_length="130" this_offset="3229"/>
	<feature name="plagiarism" source_length="146" source_offset="20822" source_reference="wiki_89_BC_13.txt" this_length="145" this_offset="3867"/>
	<feature name="plagiarism" source_length="155" source_offset="21741" source_reference="wiki_33_AC_27.txt" this_length="157" this_offset="4358"/>
	<feature name="plagiarism" source_length="199" source_offset="47823" source_reference="wiki_22_BH_50.txt" this_length="228" this_offset="4515"/>
	<feature name="plagiarism" source_length="184" source_offset="11121" source_reference="wiki_60_AK_37.txt" this_length="198" this_offset="5026"/>
	<feature name="plagiarism" source_length="83" source_offset="13791" source_reference="wiki_97_AH_14.txt" this_length="94" this_offset="5224"/>
	<feature name="plagiarism" source_length="92" source_offset="38094" source_reference="wiki_22_BH_50.txt" this_length="89" this_offset="5450"/>
	<feature name="plagiarism" source_length="253" source_offset="16791" source_reference="wiki_89_BC_13.txt" this_length="248" this_offset="5662"/>
	<feature name="plagiarism" source_length="76" source_offset="31727" source_reference="wiki_22_BH_50.txt" this_length="74" this_offset="5910"/>
	<feature name="plagiarism" source_length="146" source_offset="5091" source_reference="wiki_60_AK_37.txt" this_length="162" this_offset="5984"/>
	<feature name="plagiarism" source_length="151" source_offset="17639" source_reference="wiki_22_BH_50.txt" this_length="133" this_offset="6375"/>
	<feature name="plagiarism" source_length="277" source_offset="4502" source_reference="wiki_33_BD_15.txt" this_length="311" this_offset="6688"/>
	<feature name="plagiarism" source_length="84" source_offset="20594" source_reference="wiki_22_BH_50.txt" this_length="92" this_offset="7171"/>
	<feature name="plagiarism" source_length="181" source_offset="11002" source_reference="wiki_22_BH_50.txt" this_length="207" this_offset="7263"/>
	<feature name="plagiarism" source_length="86" source_offset="32888" source_reference="wiki_89_BC_13.txt" this_length="77" this_offset="7607"/>
	<feature name="plagiarism" source_length="105" source_offset="56112" source_reference="wiki_89_BC_13.txt" this_length="112" this_offset="7728"/>
	<feature name="plagiarism" source_length="104" source_offset="1013" source_reference="wiki_97_AH_14.txt" this_length="103" this_offset="8351"/>
	<feature name="plagiarism" source_length="146" source_offset="4945" source_reference="wiki_60_AK_37.txt" this_length="166" this_offset="8454"/>
	<feature name="plagiarism" source_length="113" source_offset="1168" source_reference="wiki_33_AC_27.txt" this_length="141" this_offset="8665"/>
	<feature name="plagiarism" source_length="227" source_offset="20444" source_reference="wiki_97_AH_14.txt" this_length="225" this_offset="8806"/>
	<feature name="plagiarism" source_length="61" source_offset="24593" source_reference="wiki_22_BH_50.txt" this_length="80" this_offset="9411"/>
	<feature name="plagiarism" source_length="65" source_offset="23891" source_reference="wiki_22_BH_50.txt" this_length="79" this_offset="9513"/>
	<feature name="plagiarism" source_length="175" source_offset="10060" source_reference="wiki_33_BD_15.txt" this_length="202" this_offset="9836"/>
	<feature name="plagiarism" source_length="237" source_offset="11538" source_reference="wiki_60_AK_37.txt" this_length="220" this_offset="10148"/>
	<feature name="plagiarism" source_length="97" source_offset="8492" source_reference="wiki_33_AC_27.txt" this_length="108" this_offset="10609"/>
	<feature name="plagiarism" source_length="235" source_offset="20189" source_reference="wiki_97_AH_14.txt" this_length="282" this_offset="11874"/>
	<feature name="plagiarism" source_length="188" source_offset="53072" source_reference="wiki_33_AC_27.txt" this_length="236" this_offset="12156"/>
	<feature name="plagiarism" source_length="310" source_offset="3995" source_reference="wiki_22_BH_50.txt" this_length="348" this_offset="12543"/>
	<feature name="plagiarism" source_length="199" source_offset="26399" source_reference="wiki_60_AK_37.txt" this_length="235" this_offset="13921"/>
	<feature name="plagiarism" source_length="76" source_offset="24331" source_reference="wiki_22_BH_50.txt" this_length="82" this_offset="14156"/>
	<feature name="plagiarism" source_length="88" source_offset="7659" source_reference="wiki_33_BD_15.txt" this_length="101" this_offset="14415"/>
	<feature name="plagiarism" source_length="85" source_offset="11722" source_reference="wiki_33_AC_27.txt" this_length="108" this_offset="14887"/>
	<feature name="plagiarism" source_length="195" source_offset="15900" source_reference="wiki_22_BH_50.txt" this_length="209" this_offset="15015"/>
	<feature name="plagiarism" source_length="103" source_offset="55477" source_reference="wiki_33_AC_27.txt" this_length="118" this_offset="15282"/>
	<feature name="plagiarism" source_length="233" source_offset="37024" source_reference="wiki_22_BH_50.txt" this_length="265" this_offset="15647"/>
	<feature name="plagiarism" source_length="190" source_offset="36423" source_reference="wiki_33_AC_27.txt" this_length="201" this_offset="15969"/>
	<feature name="plagiarism" source_length="131" source_offset="3126" source_reference="wiki_97_AH_14.txt" this_length="131" this_offset="16358"/>
	<feature name="plagiarism" source_length="235" source_offset="13152" source_reference="wiki_33_AC_27.txt" this_length="266" this_offset="16887"/>
	<feature name="plagiarism" source_length="129" source_offset="23012" source_reference="wiki_97_AH_14.txt" this_length="127" this_offset="17153"/>
	<feature name="plagiarism" source_length="106" source_offset="51544" source_reference="wiki_89_BC_13.txt" this_length="115" this_offset="17280"/>
	<feature name="plagiarism" source_length="171" source_offset="12123" source_reference="wiki_33_AC_27.txt" this_length="160" this_offset="17534"/>
	<feature name="plagiarism" source_length="144" source_offset="2501" source_reference="wiki_33_BD_15.txt" this_length="159" this_offset="17867"/>
	<feature name="plagiarism" source_length="260" source_offset="50911" source_reference="wiki_33_AC_27.txt" this_length="291" this_offset="18026"/>
	<feature name="plagiarism" source_length="245" source_offset="26225" source_reference="wiki_97_AH_14.txt" this_length="252" this_offset="18317"/>
	<feature name="plagiarism" source_length="185" source_offset="16669" source_reference="wiki_33_AC_27.txt" this_length="202" this_offset="18801"/>
	<feature name="plagiarism" source_length="169" source_offset="21" source_reference="wiki_89_BC_13.txt" this_length="181" this_offset="19003"/>
	<feature name="plagiarism" source_length="131" source_offset="22184" source_reference="wiki_60_AK_37.txt" this_length="136" this_offset="19184"/>
	<feature name="plagiarism" source_length="295" source_offset="17861" source_reference="wiki_22_BH_50.txt" this_length="299" this_offset="19320"/>
	<feature name="plagiarism" source_length="118" source_offset="2835" source_reference="wiki_89_BC_13.txt" this_length="125" this_offset="19956"/>
	<feature name="plagiarism" source_length="167" source_offset="52072" source_reference="wiki_33_AC_27.txt" this_length="202" this_offset="20081"/>
	<feature name="plagiarism" source_length="136" source_offset="34010" source_reference="wiki_89_BC_13.txt" this_length="132" this_offset="20283"/>
	<feature name="plagiarism" source_length="634" source_offset="60035" source_reference="wiki_33_AC_27.txt" this_length="725" this_offset="20415"/>
	<feature name="plagiarism" source_length="149" source_offset="44350" source_reference="wiki_89_BC_13.txt" this_length="142" this_offset="21140"/>
	<feature name="plagiarism" source_length="298" source_offset="26" source_reference="wiki_33_BD_15.txt" this_length="342" this_offset="21282"/>
	<feature name="plagiarism" source_length="216" source_offset="5238" source_reference="wiki_60_AK_37.txt" this_length="248" this_offset="21624"/>
	<feature name="plagiarism" source_length="375" source_offset="48672" source_reference="wiki_89_BC_13.txt" this_length="370" this_offset="22038"/>
	<feature name="plagiarism" source_length="127" source_offset="10377" source_reference="wiki_89_BC_13.txt" this_length="143" this_offset="22408"/>
	<feature name="plagiarism" source_length="189" source_offset="17232" source_reference="wiki_33_BD_15.txt" this_length="224" this_offset="23100"/>
	<feature name="plagiarism" source_length="161" source_offset="3725" source_reference="wiki_97_AH_14.txt" this_length="180" this_offset="23324"/>
	<feature name="plagiarism" source_length="149" source_offset="3926" source_reference="wiki_89_BC_13.txt" this_length="198" this_offset="23504"/>
	<feature name="plagiarism" source_length="154" source_offset="8589" source_reference="wiki_33_AC_27.txt" this_length="174" this_offset="23915"/>
	<feature name="plagiarism" source_length="231" source_offset="8391" source_reference="wiki_22_BH_50.txt" this_length="260" this_offset="24249"/>
	<feature name="plagiarism" source_length="270" source_offset="20108" source_reference="wiki_60_AK_37.txt" this_length="274" this_offset="24509"/>
	<feature name="plagiarism" source_length="170" source_offset="10425" source_reference="wiki_97_AH_14.txt" this_length="158" this_offset="24783"/>
	<feature name="plagiarism" source_length="83" source_offset="3274" source_reference="wiki_89_BC_13.txt" this_length="83" this_offset="25360"/>
	<feature name="plagiarism" source_length="323" source_offset="49557" source_reference="wiki_33_AC_27.txt" this_length="370" this_offset="25443"/>
	<feature name="plagiarism" source_length="86" source_offset="29893" source_reference="wiki_89_BC_13.txt" this_length="82" this_offset="25813"/>
	<feature name="plagiarism" source_length="136" source_offset="11584" source_reference="wiki_22_BH_50.txt" this_length="132" this_offset="25895"/>
	<feature name="plagiarism" source_length="86" source_offset="4068" source_reference="wiki_33_BD_15.txt" this_length="84" this_offset="26027"/>
	<feature name="plagiarism" source_length="253" source_offset="27426" source_reference="wiki_33_AC_27.txt" this_length="283" this_offset="26472"/>
</document>
