<?xml version="1.0" ?>
<document reference="wiki_96_AW_11.txt">
	<feature name="plagiarism" source_length="194" source_offset="89101" source_reference="wiki_45_AB_8.txt" this_length="201" this_offset="14"/>
	<feature name="plagiarism" source_length="104" source_offset="30800" source_reference="wiki_88_BH_38.txt" this_length="110" this_offset="642"/>
	<feature name="plagiarism" source_length="80" source_offset="26971" source_reference="wiki_45_AC_14.txt" this_length="85" this_offset="752"/>
	<feature name="plagiarism" source_length="130" source_offset="20308" source_reference="wiki_88_BH_38.txt" this_length="137" this_offset="863"/>
	<feature name="plagiarism" source_length="139" source_offset="2530" source_reference="wiki_23_AA_2.txt" this_length="126" this_offset="1155"/>
	<feature name="plagiarism" source_length="114" source_offset="34057" source_reference="wiki_45_AB_8.txt" this_length="122" this_offset="1435"/>
	<feature name="plagiarism" source_length="117" source_offset="6327" source_reference="wiki_45_AB_8.txt" this_length="132" this_offset="2038"/>
	<feature name="plagiarism" source_length="173" source_offset="43915" source_reference="wiki_45_AB_8.txt" this_length="202" this_offset="2645"/>
	<feature name="plagiarism" source_length="66" source_offset="7169" source_reference="wiki_45_AC_14.txt" this_length="67" this_offset="2847"/>
	<feature name="plagiarism" source_length="178" source_offset="33780" source_reference="wiki_23_AA_2.txt" this_length="168" this_offset="3171"/>
	<feature name="plagiarism" source_length="78" source_offset="6217" source_reference="wiki_88_BH_38.txt" this_length="79" this_offset="3339"/>
	<feature name="plagiarism" source_length="143" source_offset="45658" source_reference="wiki_88_BH_38.txt" this_length="153" this_offset="3418"/>
	<feature name="plagiarism" source_length="134" source_offset="8948" source_reference="wiki_34_BL_29.txt" this_length="147" this_offset="3571"/>
	<feature name="plagiarism" source_length="226" source_offset="5585" source_reference="wiki_16_BG_36.txt" this_length="242" this_offset="3866"/>
	<feature name="plagiarism" source_length="203" source_offset="26389" source_reference="wiki_34_BL_29.txt" this_length="244" this_offset="4651"/>
	<feature name="plagiarism" source_length="77" source_offset="6569" source_reference="wiki_88_BH_38.txt" this_length="81" this_offset="5451"/>
	<feature name="plagiarism" source_length="98" source_offset="46990" source_reference="wiki_88_BH_38.txt" this_length="106" this_offset="5532"/>
	<feature name="plagiarism" source_length="158" source_offset="88485" source_reference="wiki_45_AB_8.txt" this_length="174" this_offset="5674"/>
	<feature name="plagiarism" source_length="226" source_offset="35751" source_reference="wiki_45_AB_8.txt" this_length="230" this_offset="6272"/>
	<feature name="plagiarism" source_length="199" source_offset="3010" source_reference="wiki_45_AC_14.txt" this_length="218" this_offset="6502"/>
	<feature name="plagiarism" source_length="138" source_offset="5676" source_reference="wiki_45_AB_8.txt" this_length="136" this_offset="6720"/>
	<feature name="plagiarism" source_length="145" source_offset="32414" source_reference="wiki_45_AB_8.txt" this_length="159" this_offset="6856"/>
</document>
