<?xml version="1.0" ?>
<document reference="wiki_89_CH_25.txt">
	<feature name="plagiarism" source_length="190" source_offset="656" source_reference="wiki_75_AB_32.txt" this_length="202" this_offset="0"/>
	<feature name="plagiarism" source_length="97" source_offset="20042" source_reference="wiki_30_AL_41.txt" this_length="100" this_offset="391"/>
	<feature name="plagiarism" source_length="389" source_offset="51183" source_reference="wiki_75_AB_32.txt" this_length="426" this_offset="653"/>
	<feature name="plagiarism" source_length="72" source_offset="42925" source_reference="wiki_30_AL_41.txt" this_length="90" this_offset="1079"/>
	<feature name="plagiarism" source_length="193" source_offset="34590" source_reference="wiki_75_AB_32.txt" this_length="215" this_offset="1742"/>
	<feature name="plagiarism" source_length="77" source_offset="3041" source_reference="wiki_30_AL_41.txt" this_length="89" this_offset="2053"/>
	<feature name="plagiarism" source_length="207" source_offset="62145" source_reference="wiki_75_AB_32.txt" this_length="215" this_offset="2142"/>
	<feature name="plagiarism" source_length="294" source_offset="18597" source_reference="wiki_16_AC_2.txt" this_length="272" this_offset="2357"/>
	<feature name="plagiarism" source_length="184" source_offset="3736" source_reference="wiki_16_AC_2.txt" this_length="201" this_offset="2629"/>
	<feature name="plagiarism" source_length="52" source_offset="71452" source_reference="wiki_75_AB_32.txt" this_length="50" this_offset="2873"/>
	<feature name="plagiarism" source_length="243" source_offset="25532" source_reference="wiki_30_AL_41.txt" this_length="225" this_offset="2923"/>
	<feature name="plagiarism" source_length="161" source_offset="26914" source_reference="wiki_75_AB_32.txt" this_length="182" this_offset="3364"/>
	<feature name="plagiarism" source_length="431" source_offset="6051" source_reference="wiki_16_AC_2.txt" this_length="471" this_offset="3546"/>
	<feature name="plagiarism" source_length="156" source_offset="6225" source_reference="wiki_30_AL_41.txt" this_length="171" this_offset="4199"/>
	<feature name="plagiarism" source_length="75" source_offset="11002" source_reference="wiki_16_AC_2.txt" this_length="70" this_offset="4370"/>
	<feature name="plagiarism" source_length="311" source_offset="11474" source_reference="wiki_75_AB_32.txt" this_length="321" this_offset="4440"/>
	<feature name="plagiarism" source_length="204" source_offset="59047" source_reference="wiki_75_AB_32.txt" this_length="235" this_offset="5244"/>
	<feature name="plagiarism" source_length="145" source_offset="22409" source_reference="wiki_75_AB_32.txt" this_length="148" this_offset="5522"/>
	<feature name="plagiarism" source_length="83" source_offset="20525" source_reference="wiki_30_AL_41.txt" this_length="91" this_offset="5670"/>
	<feature name="plagiarism" source_length="231" source_offset="43683" source_reference="wiki_75_AB_32.txt" this_length="261" this_offset="5841"/>
	<feature name="plagiarism" source_length="155" source_offset="12159" source_reference="wiki_30_AL_41.txt" this_length="170" this_offset="6102"/>
	<feature name="plagiarism" source_length="161" source_offset="64834" source_reference="wiki_75_AB_32.txt" this_length="151" this_offset="6327"/>
	<feature name="plagiarism" source_length="83" source_offset="17151" source_reference="wiki_16_AC_2.txt" this_length="87" this_offset="6478"/>
	<feature name="plagiarism" source_length="67" source_offset="57325" source_reference="wiki_75_AB_32.txt" this_length="82" this_offset="6565"/>
	<feature name="plagiarism" source_length="209" source_offset="25323" source_reference="wiki_30_AL_41.txt" this_length="210" this_offset="6941"/>
	<feature name="plagiarism" source_length="139" source_offset="23819" source_reference="wiki_30_AL_41.txt" this_length="137" this_offset="7485"/>
	<feature name="plagiarism" source_length="54" source_offset="27154" source_reference="wiki_30_AL_41.txt" this_length="68" this_offset="7865"/>
	<feature name="plagiarism" source_length="95" source_offset="9652" source_reference="wiki_16_AC_2.txt" this_length="82" this_offset="7933"/>
	<feature name="plagiarism" source_length="109" source_offset="10126" source_reference="wiki_75_AB_32.txt" this_length="112" this_offset="8281"/>
</document>
