<?xml version="1.0" ?>
<document reference="wiki_94_CH_21.txt">
	<feature name="plagiarism" source_length="158" source_offset="63728" source_reference="wiki_59_AB_22.txt" this_length="205" this_offset="24"/>
	<feature name="plagiarism" source_length="281" source_offset="20780" source_reference="wiki_60_AK_37.txt" this_length="294" this_offset="901"/>
	<feature name="plagiarism" source_length="116" source_offset="19571" source_reference="wiki_35_BF_48.txt" this_length="126" this_offset="1490"/>
	<feature name="plagiarism" source_length="189" source_offset="74297" source_reference="wiki_59_AB_22.txt" this_length="215" this_offset="1931"/>
	<feature name="plagiarism" source_length="200" source_offset="26779" source_reference="wiki_35_BF_48.txt" this_length="217" this_offset="2146"/>
	<feature name="plagiarism" source_length="134" source_offset="6706" source_reference="wiki_04_BD_41.txt" this_length="148" this_offset="2485"/>
	<feature name="plagiarism" source_length="156" source_offset="22167" source_reference="wiki_26_AB_22.txt" this_length="188" this_offset="2967"/>
	<feature name="plagiarism" source_length="120" source_offset="2559" source_reference="wiki_80_AK_39.txt" this_length="117" this_offset="3295"/>
	<feature name="plagiarism" source_length="195" source_offset="27172" source_reference="wiki_59_AB_22.txt" this_length="227" this_offset="4141"/>
	<feature name="plagiarism" source_length="163" source_offset="848" source_reference="wiki_26_AB_22.txt" this_length="201" this_offset="4368"/>
	<feature name="plagiarism" source_length="151" source_offset="31842" source_reference="wiki_35_BF_48.txt" this_length="161" this_offset="4795"/>
	<feature name="plagiarism" source_length="143" source_offset="28743" source_reference="wiki_60_AK_37.txt" this_length="155" this_offset="4956"/>
	<feature name="plagiarism" source_length="96" source_offset="41675" source_reference="wiki_59_AB_22.txt" this_length="84" this_offset="5382"/>
	<feature name="plagiarism" source_length="212" source_offset="17169" source_reference="wiki_60_AK_37.txt" this_length="260" this_offset="5636"/>
	<feature name="plagiarism" source_length="118" source_offset="10683" source_reference="wiki_59_AB_22.txt" this_length="150" this_offset="6049"/>
	<feature name="plagiarism" source_length="115" source_offset="73599" source_reference="wiki_59_AB_22.txt" this_length="116" this_offset="6239"/>
	<feature name="plagiarism" source_length="198" source_offset="32598" source_reference="wiki_59_AB_22.txt" this_length="210" this_offset="6355"/>
	<feature name="plagiarism" source_length="182" source_offset="26079" source_reference="wiki_26_AB_22.txt" this_length="190" this_offset="6813"/>
	<feature name="plagiarism" source_length="247" source_offset="24861" source_reference="wiki_30_BJ_31.txt" this_length="261" this_offset="7095"/>
	<feature name="plagiarism" source_length="66" source_offset="64827" source_reference="wiki_59_AB_22.txt" this_length="85" this_offset="7356"/>
	<feature name="plagiarism" source_length="159" source_offset="27097" source_reference="wiki_80_AK_39.txt" this_length="192" this_offset="8268"/>
	<feature name="plagiarism" source_length="151" source_offset="32571" source_reference="wiki_80_AK_39.txt" this_length="142" this_offset="8460"/>
	<feature name="plagiarism" source_length="72" source_offset="313" source_reference="wiki_19_BD_25.txt" this_length="71" this_offset="9011"/>
	<feature name="plagiarism" source_length="77" source_offset="18021" source_reference="wiki_30_BJ_31.txt" this_length="73" this_offset="9280"/>
	<feature name="plagiarism" source_length="201" source_offset="29967" source_reference="wiki_59_AB_22.txt" this_length="205" this_offset="10599"/>
	<feature name="plagiarism" source_length="317" source_offset="18781" source_reference="wiki_59_AB_22.txt" this_length="349" this_offset="11297"/>
	<feature name="plagiarism" source_length="121" source_offset="69431" source_reference="wiki_59_AB_22.txt" this_length="125" this_offset="12164"/>
	<feature name="plagiarism" source_length="85" source_offset="10365" source_reference="wiki_30_BJ_31.txt" this_length="93" this_offset="12289"/>
	<feature name="plagiarism" source_length="114" source_offset="34772" source_reference="wiki_59_AB_22.txt" this_length="131" this_offset="12494"/>
	<feature name="plagiarism" source_length="170" source_offset="20807" source_reference="wiki_59_AB_22.txt" this_length="184" this_offset="13087"/>
	<feature name="plagiarism" source_length="167" source_offset="21071" source_reference="wiki_59_AB_22.txt" this_length="185" this_offset="13788"/>
	<feature name="plagiarism" source_length="129" source_offset="55916" source_reference="wiki_59_AB_22.txt" this_length="137" this_offset="13973"/>
	<feature name="plagiarism" source_length="283" source_offset="1240" source_reference="wiki_04_BD_41.txt" this_length="292" this_offset="14110"/>
	<feature name="plagiarism" source_length="71" source_offset="26336" source_reference="wiki_59_AB_22.txt" this_length="74" this_offset="14834"/>
	<feature name="plagiarism" source_length="124" source_offset="22401" source_reference="wiki_35_BF_48.txt" this_length="134" this_offset="14908"/>
	<feature name="plagiarism" source_length="107" source_offset="14465" source_reference="wiki_80_AK_39.txt" this_length="105" this_offset="15245"/>
	<feature name="plagiarism" source_length="76" source_offset="25414" source_reference="wiki_30_BJ_31.txt" this_length="92" this_offset="15448"/>
	<feature name="plagiarism" source_length="103" source_offset="64158" source_reference="wiki_59_AB_22.txt" this_length="118" this_offset="15855"/>
	<feature name="plagiarism" source_length="61" source_offset="20125" source_reference="wiki_26_AB_22.txt" this_length="70" this_offset="16165"/>
	<feature name="plagiarism" source_length="223" source_offset="19721" source_reference="wiki_60_AK_37.txt" this_length="244" this_offset="16984"/>
	<feature name="plagiarism" source_length="125" source_offset="20202" source_reference="wiki_30_BJ_31.txt" this_length="143" this_offset="17228"/>
	<feature name="plagiarism" source_length="154" source_offset="14749" source_reference="wiki_59_AB_22.txt" this_length="147" this_offset="17520"/>
	<feature name="plagiarism" source_length="95" source_offset="36188" source_reference="wiki_59_AB_22.txt" this_length="90" this_offset="17782"/>
	<feature name="plagiarism" source_length="123" source_offset="3876" source_reference="wiki_35_BF_48.txt" this_length="119" this_offset="18079"/>
	<feature name="plagiarism" source_length="87" source_offset="12458" source_reference="wiki_35_BF_48.txt" this_length="96" this_offset="18256"/>
	<feature name="plagiarism" source_length="196" source_offset="28923" source_reference="wiki_59_AB_22.txt" this_length="227" this_offset="19578"/>
	<feature name="plagiarism" source_length="364" source_offset="59866" source_reference="wiki_59_AB_22.txt" this_length="267" this_offset="19805"/>
	<feature name="plagiarism" source_length="172" source_offset="1580" source_reference="wiki_26_AB_22.txt" this_length="190" this_offset="20234"/>
	<feature name="plagiarism" source_length="269" source_offset="20495" source_reference="wiki_80_AK_39.txt" this_length="262" this_offset="20467"/>
	<feature name="plagiarism" source_length="206" source_offset="28240" source_reference="wiki_35_BF_48.txt" this_length="230" this_offset="20837"/>
	<feature name="plagiarism" source_length="168" source_offset="3313" source_reference="wiki_80_AK_39.txt" this_length="189" this_offset="21067"/>
	<feature name="plagiarism" source_length="146" source_offset="4612" source_reference="wiki_19_BD_25.txt" this_length="149" this_offset="21256"/>
</document>
