<?xml version="1.0" ?>
<document reference="wiki_23_CF_24.txt">
	<feature name="plagiarism" source_length="168" source_offset="6019" source_reference="wiki_59_AM_2.txt" this_length="162" this_offset="83"/>
	<feature name="plagiarism" source_length="102" source_offset="2458" source_reference="wiki_59_AM_2.txt" this_length="101" this_offset="284"/>
	<feature name="plagiarism" source_length="170" source_offset="34025" source_reference="wiki_25_BI_18.txt" this_length="186" this_offset="749"/>
	<feature name="plagiarism" source_length="248" source_offset="4947" source_reference="wiki_98_AH_1.txt" this_length="278" this_offset="1008"/>
	<feature name="plagiarism" source_length="133" source_offset="14440" source_reference="wiki_59_AM_2.txt" this_length="139" this_offset="1729"/>
	<feature name="plagiarism" source_length="82" source_offset="6355" source_reference="wiki_29_AN_50.txt" this_length="77" this_offset="2099"/>
	<feature name="plagiarism" source_length="180" source_offset="19578" source_reference="wiki_25_BI_18.txt" this_length="194" this_offset="2447"/>
	<feature name="plagiarism" source_length="285" source_offset="3055" source_reference="wiki_25_BI_18.txt" this_length="295" this_offset="2641"/>
	<feature name="plagiarism" source_length="120" source_offset="13583" source_reference="wiki_59_AM_2.txt" this_length="123" this_offset="2936"/>
	<feature name="plagiarism" source_length="145" source_offset="1986" source_reference="wiki_59_AM_2.txt" this_length="155" this_offset="3137"/>
	<feature name="plagiarism" source_length="1110" source_offset="4626" source_reference="wiki_29_AN_50.txt" this_length="1113" this_offset="3406"/>
	<feature name="plagiarism" source_length="103" source_offset="25868" source_reference="wiki_59_AM_2.txt" this_length="107" this_offset="4519"/>
	<feature name="plagiarism" source_length="96" source_offset="26528" source_reference="wiki_59_AM_2.txt" this_length="91" this_offset="5429"/>
	<feature name="plagiarism" source_length="61" source_offset="29936" source_reference="wiki_59_AM_2.txt" this_length="75" this_offset="6669"/>
	<feature name="plagiarism" source_length="139" source_offset="13444" source_reference="wiki_59_AM_2.txt" this_length="131" this_offset="6744"/>
	<feature name="plagiarism" source_length="116" source_offset="23220" source_reference="wiki_29_AN_50.txt" this_length="138" this_offset="6875"/>
	<feature name="plagiarism" source_length="192" source_offset="18638" source_reference="wiki_59_AM_2.txt" this_length="223" this_offset="7135"/>
	<feature name="plagiarism" source_length="193" source_offset="23468" source_reference="wiki_25_BI_18.txt" this_length="231" this_offset="7358"/>
	<feature name="plagiarism" source_length="116" source_offset="18180" source_reference="wiki_59_AM_2.txt" this_length="140" this_offset="7876"/>
</document>
