<?xml version="1.0" ?>
<document reference="wiki_05_AM_43.txt">
	<feature name="plagiarism" source_length="160" source_offset="10472" source_reference="wiki_76_BK_24.txt" this_length="173" this_offset="339"/>
	<feature name="plagiarism" source_length="140" source_offset="21846" source_reference="wiki_76_BK_24.txt" this_length="142" this_offset="715"/>
	<feature name="plagiarism" source_length="161" source_offset="18857" source_reference="wiki_76_BK_24.txt" this_length="162" this_offset="857"/>
	<feature name="plagiarism" source_length="284" source_offset="103" source_reference="wiki_76_BK_24.txt" this_length="103" this_offset="1722"/>
	<feature name="plagiarism" source_length="150" source_offset="13956" source_reference="wiki_76_BK_24.txt" this_length="152" this_offset="2080"/>
	<feature name="plagiarism" source_length="118" source_offset="6935" source_reference="wiki_76_BK_24.txt" this_length="128" this_offset="2245"/>
	<feature name="plagiarism" source_length="290" source_offset="11166" source_reference="wiki_76_BK_24.txt" this_length="361" this_offset="2373"/>
	<feature name="plagiarism" source_length="118" source_offset="11832" source_reference="wiki_76_BK_24.txt" this_length="149" this_offset="2756"/>
	<feature name="plagiarism" source_length="280" source_offset="12261" source_reference="wiki_76_BK_24.txt" this_length="283" this_offset="3279"/>
	<feature name="plagiarism" source_length="143" source_offset="23456" source_reference="wiki_76_BK_24.txt" this_length="151" this_offset="3562"/>
	<feature name="plagiarism" source_length="94" source_offset="11072" source_reference="wiki_76_BK_24.txt" this_length="97" this_offset="4266"/>
	<feature name="plagiarism" source_length="170" source_offset="22719" source_reference="wiki_76_BK_24.txt" this_length="180" this_offset="4363"/>
	<feature name="plagiarism" source_length="196" source_offset="10159" source_reference="wiki_76_BK_24.txt" this_length="226" this_offset="4597"/>
	<feature name="plagiarism" source_length="76" source_offset="16470" source_reference="wiki_76_BK_24.txt" this_length="77" this_offset="4823"/>
	<feature name="plagiarism" source_length="93" source_offset="23846" source_reference="wiki_76_BK_24.txt" this_length="113" this_offset="4900"/>
	<feature name="plagiarism" source_length="97" source_offset="5062" source_reference="wiki_76_BK_24.txt" this_length="109" this_offset="5293"/>
	<feature name="plagiarism" source_length="87" source_offset="14545" source_reference="wiki_76_BK_24.txt" this_length="90" this_offset="5789"/>
	<feature name="plagiarism" source_length="384" source_offset="22086" source_reference="wiki_76_BK_24.txt" this_length="410" this_offset="5958"/>
	<feature name="plagiarism" source_length="122" source_offset="3348" source_reference="wiki_76_BK_24.txt" this_length="130" this_offset="6756"/>
	<feature name="plagiarism" source_length="115" source_offset="12851" source_reference="wiki_76_BK_24.txt" this_length="107" this_offset="7217"/>
	<feature name="plagiarism" source_length="99" source_offset="13576" source_reference="wiki_76_BK_24.txt" this_length="114" this_offset="7324"/>
	<feature name="plagiarism" source_length="157" source_offset="1017" source_reference="wiki_76_BK_24.txt" this_length="174" this_offset="7577"/>
	<feature name="plagiarism" source_length="168" source_offset="1174" source_reference="wiki_76_BK_24.txt" this_length="176" this_offset="7851"/>
	<feature name="plagiarism" source_length="295" source_offset="2291" source_reference="wiki_76_BK_24.txt" this_length="244" this_offset="8027"/>
</document>
