<?xml version="1.0" ?>
<document reference="wiki_24_AL_47.txt">
	<feature name="plagiarism" source_length="186" source_offset="24026" source_reference="wiki_97_AA_31.txt" this_length="143" this_offset="18"/>
	<feature name="plagiarism" source_length="116" source_offset="2718" source_reference="wiki_77_AC_21.txt" this_length="132" this_offset="161"/>
	<feature name="plagiarism" source_length="121" source_offset="7767" source_reference="wiki_65_AM_41.txt" this_length="130" this_offset="708"/>
	<feature name="plagiarism" source_length="167" source_offset="83022" source_reference="wiki_32_AU_9.txt" this_length="173" this_offset="1056"/>
	<feature name="plagiarism" source_length="119" source_offset="7400" source_reference="wiki_65_AM_41.txt" this_length="141" this_offset="1229"/>
	<feature name="plagiarism" source_length="241" source_offset="57146" source_reference="wiki_32_AU_9.txt" this_length="214" this_offset="1370"/>
	<feature name="plagiarism" source_length="74" source_offset="24801" source_reference="wiki_85_AM_7.txt" this_length="94" this_offset="1709"/>
	<feature name="plagiarism" source_length="65" source_offset="14012" source_reference="wiki_77_AC_21.txt" this_length="82" this_offset="1948"/>
	<feature name="plagiarism" source_length="131" source_offset="7452" source_reference="wiki_77_AC_21.txt" this_length="121" this_offset="2030"/>
	<feature name="plagiarism" source_length="267" source_offset="13839" source_reference="wiki_32_AU_9.txt" this_length="336" this_offset="2151"/>
	<feature name="plagiarism" source_length="138" source_offset="515" source_reference="wiki_32_AU_9.txt" this_length="132" this_offset="2487"/>
	<feature name="plagiarism" source_length="118" source_offset="33759" source_reference="wiki_97_AA_31.txt" this_length="151" this_offset="2619"/>
	<feature name="plagiarism" source_length="138" source_offset="39834" source_reference="wiki_32_AU_9.txt" this_length="160" this_offset="2770"/>
	<feature name="plagiarism" source_length="173" source_offset="48746" source_reference="wiki_32_AU_9.txt" this_length="172" this_offset="2930"/>
	<feature name="plagiarism" source_length="155" source_offset="11878" source_reference="wiki_32_AU_9.txt" this_length="152" this_offset="3102"/>
	<feature name="plagiarism" source_length="140" source_offset="48239" source_reference="wiki_97_AA_31.txt" this_length="133" this_offset="3254"/>
	<feature name="plagiarism" source_length="111" source_offset="24597" source_reference="wiki_85_AM_7.txt" this_length="101" this_offset="3387"/>
	<feature name="plagiarism" source_length="171" source_offset="35289" source_reference="wiki_85_AM_7.txt" this_length="180" this_offset="3488"/>
	<feature name="plagiarism" source_length="117" source_offset="8889" source_reference="wiki_32_AU_9.txt" this_length="120" this_offset="3801"/>
	<feature name="plagiarism" source_length="86" source_offset="898" source_reference="wiki_77_AC_21.txt" this_length="93" this_offset="3989"/>
	<feature name="plagiarism" source_length="115" source_offset="16064" source_reference="wiki_85_AM_7.txt" this_length="131" this_offset="4082"/>
	<feature name="plagiarism" source_length="199" source_offset="18834" source_reference="wiki_97_AA_31.txt" this_length="178" this_offset="4213"/>
	<feature name="plagiarism" source_length="167" source_offset="4555" source_reference="wiki_97_AA_31.txt" this_length="206" this_offset="4391"/>
	<feature name="plagiarism" source_length="299" source_offset="2718" source_reference="wiki_85_AM_7.txt" this_length="347" this_offset="4597"/>
	<feature name="plagiarism" source_length="159" source_offset="42206" source_reference="wiki_97_AA_31.txt" this_length="153" this_offset="4944"/>
	<feature name="plagiarism" source_length="231" source_offset="16076" source_reference="wiki_32_AU_9.txt" this_length="270" this_offset="5110"/>
	<feature name="plagiarism" source_length="160" source_offset="7178" source_reference="wiki_97_AA_31.txt" this_length="160" this_offset="5380"/>
	<feature name="plagiarism" source_length="272" source_offset="82141" source_reference="wiki_32_AU_9.txt" this_length="93" this_offset="5540"/>
	<feature name="plagiarism" source_length="123" source_offset="904" source_reference="wiki_97_AA_31.txt" this_length="136" this_offset="5878"/>
	<feature name="plagiarism" source_length="213" source_offset="8587" source_reference="wiki_65_AM_41.txt" this_length="246" this_offset="6271"/>
	<feature name="plagiarism" source_length="116" source_offset="24212" source_reference="wiki_97_AA_31.txt" this_length="83" this_offset="6517"/>
	<feature name="plagiarism" source_length="100" source_offset="16509" source_reference="wiki_97_AA_31.txt" this_length="110" this_offset="7008"/>
	<feature name="plagiarism" source_length="111" source_offset="32396" source_reference="wiki_32_AU_9.txt" this_length="139" this_offset="7245"/>
	<feature name="plagiarism" source_length="68" source_offset="24665" source_reference="wiki_37_AA_28.txt" this_length="78" this_offset="7384"/>
	<feature name="plagiarism" source_length="146" source_offset="22083" source_reference="wiki_97_AA_31.txt" this_length="159" this_offset="7462"/>
	<feature name="plagiarism" source_length="166" source_offset="15236" source_reference="wiki_32_AU_9.txt" this_length="181" this_offset="7621"/>
	<feature name="plagiarism" source_length="76" source_offset="30100" source_reference="wiki_97_AA_31.txt" this_length="77" this_offset="7968"/>
	<feature name="plagiarism" source_length="153" source_offset="36549" source_reference="wiki_97_AA_31.txt" this_length="156" this_offset="8045"/>
	<feature name="plagiarism" source_length="114" source_offset="48552" source_reference="wiki_32_AU_9.txt" this_length="113" this_offset="8201"/>
	<feature name="plagiarism" source_length="172" source_offset="10198" source_reference="wiki_97_AA_31.txt" this_length="196" this_offset="8314"/>
	<feature name="plagiarism" source_length="170" source_offset="11741" source_reference="wiki_37_AA_28.txt" this_length="199" this_offset="8548"/>
	<feature name="plagiarism" source_length="129" source_offset="3675" source_reference="wiki_37_AA_28.txt" this_length="139" this_offset="8852"/>
	<feature name="plagiarism" source_length="177" source_offset="66138" source_reference="wiki_32_AU_9.txt" this_length="193" this_offset="8991"/>
	<feature name="plagiarism" source_length="87" source_offset="6825" source_reference="wiki_65_AM_41.txt" this_length="89" this_offset="9239"/>
	<feature name="plagiarism" source_length="208" source_offset="14512" source_reference="wiki_85_AM_7.txt" this_length="248" this_offset="9328"/>
	<feature name="plagiarism" source_length="92" source_offset="36557" source_reference="wiki_37_AA_28.txt" this_length="99" this_offset="9723"/>
	<feature name="plagiarism" source_length="256" source_offset="26258" source_reference="wiki_32_AU_9.txt" this_length="241" this_offset="9822"/>
	<feature name="plagiarism" source_length="258" source_offset="55989" source_reference="wiki_32_AU_9.txt" this_length="251" this_offset="10063"/>
</document>
