<?xml version="1.0" ?>
<document reference="wiki_69_AO_40.txt">
	<feature name="plagiarism" source_length="144" source_offset="36146" source_reference="wiki_12_AB_2.txt" this_length="154" this_offset="599"/>
	<feature name="plagiarism" source_length="107" source_offset="22020" source_reference="wiki_90_BC_22.txt" this_length="118" this_offset="790"/>
	<feature name="plagiarism" source_length="105" source_offset="51256" source_reference="wiki_12_AB_2.txt" this_length="105" this_offset="908"/>
	<feature name="plagiarism" source_length="96" source_offset="19342" source_reference="wiki_90_BC_22.txt" this_length="90" this_offset="1123"/>
	<feature name="plagiarism" source_length="151" source_offset="23226" source_reference="wiki_90_BC_22.txt" this_length="214" this_offset="1430"/>
	<feature name="plagiarism" source_length="117" source_offset="59119" source_reference="wiki_12_AB_2.txt" this_length="157" this_offset="1644"/>
	<feature name="plagiarism" source_length="44" source_offset="3013" source_reference="wiki_90_BC_22.txt" this_length="44" this_offset="1801"/>
	<feature name="plagiarism" source_length="141" source_offset="22233" source_reference="wiki_12_AB_2.txt" this_length="140" this_offset="2055"/>
	<feature name="plagiarism" source_length="115" source_offset="1111" source_reference="wiki_12_AB_2.txt" this_length="116" this_offset="2195"/>
	<feature name="plagiarism" source_length="65" source_offset="58085" source_reference="wiki_12_AB_2.txt" this_length="73" this_offset="2408"/>
	<feature name="plagiarism" source_length="148" source_offset="10888" source_reference="wiki_90_BC_22.txt" this_length="160" this_offset="2481"/>
	<feature name="plagiarism" source_length="128" source_offset="18302" source_reference="wiki_12_AB_2.txt" this_length="148" this_offset="2865"/>
	<feature name="plagiarism" source_length="95" source_offset="16243" source_reference="wiki_90_BC_22.txt" this_length="121" this_offset="3153"/>
	<feature name="plagiarism" source_length="235" source_offset="32748" source_reference="wiki_12_AB_2.txt" this_length="263" this_offset="3274"/>
	<feature name="plagiarism" source_length="97" source_offset="33684" source_reference="wiki_12_AB_2.txt" this_length="110" this_offset="3877"/>
	<feature name="plagiarism" source_length="109" source_offset="13947" source_reference="wiki_90_BC_22.txt" this_length="120" this_offset="4076"/>
	<feature name="plagiarism" source_length="188" source_offset="1227" source_reference="wiki_12_AB_2.txt" this_length="197" this_offset="4359"/>
	<feature name="plagiarism" source_length="374" source_offset="29849" source_reference="wiki_12_AB_2.txt" this_length="259" this_offset="4556"/>
	<feature name="plagiarism" source_length="194" source_offset="50083" source_reference="wiki_12_AB_2.txt" this_length="196" this_offset="5302"/>
	<feature name="plagiarism" source_length="488" source_offset="45470" source_reference="wiki_12_AB_2.txt" this_length="514" this_offset="5722"/>
	<feature name="plagiarism" source_length="216" source_offset="2688" source_reference="wiki_90_BC_22.txt" this_length="249" this_offset="6236"/>
	<feature name="plagiarism" source_length="125" source_offset="33558" source_reference="wiki_12_AB_2.txt" this_length="124" this_offset="7264"/>
	<feature name="plagiarism" source_length="336" source_offset="5975" source_reference="wiki_12_AB_2.txt" this_length="352" this_offset="8619"/>
	<feature name="plagiarism" source_length="84" source_offset="63092" source_reference="wiki_12_AB_2.txt" this_length="100" this_offset="8971"/>
	<feature name="plagiarism" source_length="54" source_offset="13481" source_reference="wiki_90_BC_22.txt" this_length="59" this_offset="9656"/>
	<feature name="plagiarism" source_length="230" source_offset="16353" source_reference="wiki_90_BC_22.txt" this_length="244" this_offset="9715"/>
	<feature name="plagiarism" source_length="250" source_offset="15588" source_reference="wiki_90_BC_22.txt" this_length="314" this_offset="9959"/>
	<feature name="plagiarism" source_length="311" source_offset="137" source_reference="wiki_12_AB_2.txt" this_length="279" this_offset="10472"/>
	<feature name="plagiarism" source_length="167" source_offset="7039" source_reference="wiki_12_AB_2.txt" this_length="183" this_offset="10808"/>
</document>
