<?xml version="1.0" ?>
<document reference="wiki_56_AN_21.txt">
	<feature name="plagiarism" source_length="155" source_offset="88" source_reference="wiki_12_BG_36.txt" this_length="155" this_offset="72"/>
	<feature name="plagiarism" source_length="51" source_offset="243" source_reference="wiki_12_BG_36.txt" this_length="56" this_offset="422"/>
	<feature name="plagiarism" source_length="123" source_offset="294" source_reference="wiki_12_BG_36.txt" this_length="110" this_offset="738"/>
	<feature name="plagiarism" source_length="95" source_offset="417" source_reference="wiki_12_BG_36.txt" this_length="93" this_offset="848"/>
	<feature name="plagiarism" source_length="149" source_offset="512" source_reference="wiki_12_BG_36.txt" this_length="154" this_offset="1352"/>
	<feature name="plagiarism" source_length="137" source_offset="661" source_reference="wiki_12_BG_36.txt" this_length="129" this_offset="1506"/>
	<feature name="plagiarism" source_length="77" source_offset="798" source_reference="wiki_12_BG_36.txt" this_length="71" this_offset="1728"/>
	<feature name="plagiarism" source_length="140" source_offset="875" source_reference="wiki_12_BG_36.txt" this_length="180" this_offset="1799"/>
	<feature name="plagiarism" source_length="136" source_offset="1041" source_reference="wiki_12_BG_36.txt" this_length="125" this_offset="1979"/>
	<feature name="plagiarism" source_length="81" source_offset="1177" source_reference="wiki_12_BG_36.txt" this_length="81" this_offset="2374"/>
	<feature name="plagiarism" source_length="98" source_offset="1275" source_reference="wiki_12_BG_36.txt" this_length="99" this_offset="2455"/>
	<feature name="plagiarism" source_length="78" source_offset="1373" source_reference="wiki_12_BG_36.txt" this_length="80" this_offset="3781"/>
	<feature name="plagiarism" source_length="71" source_offset="1451" source_reference="wiki_12_BG_36.txt" this_length="77" this_offset="3983"/>
	<feature name="plagiarism" source_length="113" source_offset="1522" source_reference="wiki_12_BG_36.txt" this_length="136" this_offset="4404"/>
	<feature name="plagiarism" source_length="136" source_offset="1635" source_reference="wiki_12_BG_36.txt" this_length="176" this_offset="4540"/>
	<feature name="plagiarism" source_length="131" source_offset="1771" source_reference="wiki_12_BG_36.txt" this_length="151" this_offset="4716"/>
	<feature name="plagiarism" source_length="193" source_offset="1902" source_reference="wiki_12_BG_36.txt" this_length="230" this_offset="5214"/>
	<feature name="plagiarism" source_length="207" source_offset="2095" source_reference="wiki_12_BG_36.txt" this_length="262" this_offset="5592"/>
	<feature name="plagiarism" source_length="115" source_offset="2302" source_reference="wiki_12_BG_36.txt" this_length="121" this_offset="6355"/>
	<feature name="plagiarism" source_length="122" source_offset="2441" source_reference="wiki_12_BG_36.txt" this_length="134" this_offset="6882"/>
	<feature name="plagiarism" source_length="263" source_offset="2563" source_reference="wiki_12_BG_36.txt" this_length="243" this_offset="7016"/>
	<feature name="plagiarism" source_length="108" source_offset="2826" source_reference="wiki_12_BG_36.txt" this_length="115" this_offset="8382"/>
	<feature name="plagiarism" source_length="140" source_offset="2934" source_reference="wiki_12_BG_36.txt" this_length="161" this_offset="8565"/>
	<feature name="plagiarism" source_length="161" source_offset="3074" source_reference="wiki_12_BG_36.txt" this_length="173" this_offset="9248"/>
	<feature name="plagiarism" source_length="159" source_offset="3274" source_reference="wiki_12_BG_36.txt" this_length="140" this_offset="10661"/>
	<feature name="plagiarism" source_length="120" source_offset="3433" source_reference="wiki_12_BG_36.txt" this_length="135" this_offset="10801"/>
	<feature name="plagiarism" source_length="134" source_offset="3592" source_reference="wiki_12_BG_36.txt" this_length="137" this_offset="11469"/>
	<feature name="plagiarism" source_length="185" source_offset="3726" source_reference="wiki_12_BG_36.txt" this_length="179" this_offset="11671"/>
	<feature name="plagiarism" source_length="109" source_offset="3911" source_reference="wiki_12_BG_36.txt" this_length="108" this_offset="12101"/>
	<feature name="plagiarism" source_length="139" source_offset="4067" source_reference="wiki_12_BG_36.txt" this_length="126" this_offset="13005"/>
	<feature name="plagiarism" source_length="87" source_offset="4206" source_reference="wiki_12_BG_36.txt" this_length="95" this_offset="13645"/>
	<feature name="plagiarism" source_length="65" source_offset="4293" source_reference="wiki_12_BG_36.txt" this_length="76" this_offset="14423"/>
	<feature name="plagiarism" source_length="136" source_offset="4378" source_reference="wiki_12_BG_36.txt" this_length="137" this_offset="15453"/>
	<feature name="plagiarism" source_length="110" source_offset="4515" source_reference="wiki_12_BG_36.txt" this_length="110" this_offset="15610"/>
	<feature name="plagiarism" source_length="113" source_offset="4625" source_reference="wiki_12_BG_36.txt" this_length="95" this_offset="15844"/>
	<feature name="plagiarism" source_length="81" source_offset="4738" source_reference="wiki_12_BG_36.txt" this_length="72" this_offset="15977"/>
	<feature name="plagiarism" source_length="86" source_offset="4819" source_reference="wiki_12_BG_36.txt" this_length="72" this_offset="16049"/>
	<feature name="plagiarism" source_length="204" source_offset="4926" source_reference="wiki_12_BG_36.txt" this_length="257" this_offset="16159"/>
	<feature name="plagiarism" source_length="181" source_offset="5130" source_reference="wiki_12_BG_36.txt" this_length="219" this_offset="16488"/>
	<feature name="plagiarism" source_length="79" source_offset="5312" source_reference="wiki_12_BG_36.txt" this_length="101" this_offset="16914"/>
	<feature name="plagiarism" source_length="121" source_offset="5391" source_reference="wiki_12_BG_36.txt" this_length="120" this_offset="17121"/>
</document>
