<?xml version="1.0" ?>
<document reference="wiki_75_CD_23.txt">
	<feature name="plagiarism" source_length="52" source_offset="2958" source_reference="wiki_73_BE_22.txt" this_length="58" this_offset="203"/>
	<feature name="plagiarism" source_length="146" source_offset="999" source_reference="wiki_90_AC_9.txt" this_length="142" this_offset="261"/>
	<feature name="plagiarism" source_length="234" source_offset="37346" source_reference="wiki_71_BK_37.txt" this_length="271" this_offset="663"/>
	<feature name="plagiarism" source_length="162" source_offset="33052" source_reference="wiki_73_BE_22.txt" this_length="154" this_offset="1315"/>
	<feature name="plagiarism" source_length="135" source_offset="35221" source_reference="wiki_90_AC_9.txt" this_length="157" this_offset="1555"/>
	<feature name="plagiarism" source_length="62" source_offset="30903" source_reference="wiki_73_BE_22.txt" this_length="64" this_offset="1814"/>
	<feature name="plagiarism" source_length="317" source_offset="39117" source_reference="wiki_85_AA_27.txt" this_length="352" this_offset="1931"/>
	<feature name="plagiarism" source_length="95" source_offset="6169" source_reference="wiki_90_AC_9.txt" this_length="98" this_offset="2362"/>
	<feature name="plagiarism" source_length="106" source_offset="10407" source_reference="wiki_90_AC_9.txt" this_length="105" this_offset="2669"/>
	<feature name="plagiarism" source_length="201" source_offset="28035" source_reference="wiki_85_AA_27.txt" this_length="231" this_offset="2774"/>
	<feature name="plagiarism" source_length="62" source_offset="27908" source_reference="wiki_90_AC_9.txt" this_length="52" this_offset="3032"/>
	<feature name="plagiarism" source_length="101" source_offset="1371" source_reference="wiki_73_BE_22.txt" this_length="125" this_offset="3389"/>
	<feature name="plagiarism" source_length="245" source_offset="3412" source_reference="wiki_85_AA_27.txt" this_length="270" this_offset="3514"/>
	<feature name="plagiarism" source_length="131" source_offset="4869" source_reference="wiki_34_AT_12.txt" this_length="132" this_offset="3784"/>
	<feature name="plagiarism" source_length="218" source_offset="35869" source_reference="wiki_85_AA_27.txt" this_length="256" this_offset="4223"/>
	<feature name="plagiarism" source_length="183" source_offset="26761" source_reference="wiki_73_BE_22.txt" this_length="192" this_offset="6298"/>
	<feature name="plagiarism" source_length="283" source_offset="13761" source_reference="wiki_71_BK_37.txt" this_length="288" this_offset="6490"/>
</document>
