<?xml version="1.0" ?>
<document reference="wiki_02_AE_34.txt">
	<feature name="plagiarism" source_length="164" source_offset="10725" source_reference="wiki_27_AT_23.txt" this_length="171" this_offset="322"/>
	<feature name="plagiarism" source_length="61" source_offset="11903" source_reference="wiki_10_AG_25.txt" this_length="65" this_offset="1822"/>
	<feature name="plagiarism" source_length="104" source_offset="11264" source_reference="wiki_27_AT_23.txt" this_length="95" this_offset="1987"/>
	<feature name="plagiarism" source_length="118" source_offset="2347" source_reference="wiki_27_AT_23.txt" this_length="111" this_offset="2082"/>
	<feature name="plagiarism" source_length="185" source_offset="20866" source_reference="wiki_10_AG_25.txt" this_length="174" this_offset="2541"/>
	<feature name="plagiarism" source_length="206" source_offset="17926" source_reference="wiki_10_AG_25.txt" this_length="212" this_offset="3539"/>
	<feature name="plagiarism" source_length="172" source_offset="6367" source_reference="wiki_10_AG_25.txt" this_length="169" this_offset="4882"/>
	<feature name="plagiarism" source_length="221" source_offset="1243" source_reference="wiki_10_AG_25.txt" this_length="213" this_offset="5869"/>
	<feature name="plagiarism" source_length="82" source_offset="8826" source_reference="wiki_10_AG_25.txt" this_length="91" this_offset="6082"/>
	<feature name="plagiarism" source_length="263" source_offset="21415" source_reference="wiki_27_AT_23.txt" this_length="267" this_offset="6467"/>
	<feature name="plagiarism" source_length="109" source_offset="19618" source_reference="wiki_10_AG_25.txt" this_length="132" this_offset="6734"/>
	<feature name="plagiarism" source_length="152" source_offset="16786" source_reference="wiki_10_AG_25.txt" this_length="144" this_offset="7325"/>
	<feature name="plagiarism" source_length="177" source_offset="15646" source_reference="wiki_10_AG_25.txt" this_length="167" this_offset="7779"/>
	<feature name="plagiarism" source_length="94" source_offset="522" source_reference="wiki_27_AT_23.txt" this_length="114" this_offset="7946"/>
	<feature name="plagiarism" source_length="370" source_offset="11643" source_reference="wiki_27_AT_23.txt" this_length="354" this_offset="8060"/>
	<feature name="plagiarism" source_length="154" source_offset="18219" source_reference="wiki_10_AG_25.txt" this_length="180" this_offset="8414"/>
	<feature name="plagiarism" source_length="146" source_offset="7412" source_reference="wiki_10_AG_25.txt" this_length="153" this_offset="8594"/>
	<feature name="plagiarism" source_length="195" source_offset="4023" source_reference="wiki_27_AT_23.txt" this_length="198" this_offset="8747"/>
	<feature name="plagiarism" source_length="146" source_offset="3429" source_reference="wiki_10_AG_25.txt" this_length="149" this_offset="9006"/>
	<feature name="plagiarism" source_length="194" source_offset="23233" source_reference="wiki_10_AG_25.txt" this_length="198" this_offset="9363"/>
	<feature name="plagiarism" source_length="156" source_offset="18476" source_reference="wiki_10_AG_25.txt" this_length="180" this_offset="9856"/>
	<feature name="plagiarism" source_length="266" source_offset="16642" source_reference="wiki_27_AT_23.txt" this_length="291" this_offset="10036"/>
	<feature name="plagiarism" source_length="84" source_offset="2246" source_reference="wiki_10_AG_25.txt" this_length="85" this_offset="10541"/>
	<feature name="plagiarism" source_length="186" source_offset="887" source_reference="wiki_10_AG_25.txt" this_length="198" this_offset="11532"/>
	<feature name="plagiarism" source_length="186" source_offset="17201" source_reference="wiki_27_AT_23.txt" this_length="233" this_offset="11901"/>
	<feature name="plagiarism" source_length="264" source_offset="2810" source_reference="wiki_27_AT_23.txt" this_length="269" this_offset="13059"/>
	<feature name="plagiarism" source_length="98" source_offset="9332" source_reference="wiki_27_AT_23.txt" this_length="102" this_offset="13448"/>
	<feature name="plagiarism" source_length="130" source_offset="3893" source_reference="wiki_27_AT_23.txt" this_length="145" this_offset="13550"/>
	<feature name="plagiarism" source_length="123" source_offset="18292" source_reference="wiki_27_AT_23.txt" this_length="138" this_offset="14945"/>
	<feature name="plagiarism" source_length="231" source_offset="20942" source_reference="wiki_27_AT_23.txt" this_length="240" this_offset="15258"/>
	<feature name="plagiarism" source_length="202" source_offset="13685" source_reference="wiki_27_AT_23.txt" this_length="197" this_offset="15498"/>
	<feature name="plagiarism" source_length="105" source_offset="12194" source_reference="wiki_10_AG_25.txt" this_length="120" this_offset="16138"/>
	<feature name="plagiarism" source_length="88" source_offset="11964" source_reference="wiki_10_AG_25.txt" this_length="91" this_offset="16530"/>
</document>
