<?xml version="1.0" ?>
<document reference="wiki_41_AF_29.txt">
	<feature name="plagiarism" source_length="253" source_offset="49222" source_reference="wiki_68_BH_26.txt" this_length="270" this_offset="12"/>
	<feature name="plagiarism" source_length="246" source_offset="7990" source_reference="wiki_27_AD_14.txt" this_length="289" this_offset="282"/>
	<feature name="plagiarism" source_length="58" source_offset="18953" source_reference="wiki_59_AM_7.txt" this_length="59" this_offset="571"/>
	<feature name="plagiarism" source_length="94" source_offset="46961" source_reference="wiki_68_BH_26.txt" this_length="87" this_offset="743"/>
	<feature name="plagiarism" source_length="121" source_offset="34777" source_reference="wiki_68_BH_26.txt" this_length="137" this_offset="875"/>
	<feature name="plagiarism" source_length="104" source_offset="19365" source_reference="wiki_34_BF_11.txt" this_length="130" this_offset="1111"/>
	<feature name="plagiarism" source_length="233" source_offset="14944" source_reference="wiki_68_BH_26.txt" this_length="259" this_offset="1241"/>
	<feature name="plagiarism" source_length="155" source_offset="66438" source_reference="wiki_34_BF_11.txt" this_length="155" this_offset="1500"/>
	<feature name="plagiarism" source_length="62" source_offset="26445" source_reference="wiki_59_AM_7.txt" this_length="62" this_offset="1716"/>
	<feature name="plagiarism" source_length="64" source_offset="12586" source_reference="wiki_96_BD_31.txt" this_length="61" this_offset="2064"/>
	<feature name="plagiarism" source_length="176" source_offset="38883" source_reference="wiki_34_BF_11.txt" this_length="208" this_offset="2499"/>
	<feature name="plagiarism" source_length="199" source_offset="25628" source_reference="wiki_59_AM_7.txt" this_length="238" this_offset="2754"/>
	<feature name="plagiarism" source_length="82" source_offset="5948" source_reference="wiki_42_AZ_8.txt" this_length="96" this_offset="2992"/>
	<feature name="plagiarism" source_length="239" source_offset="3153" source_reference="wiki_68_BH_26.txt" this_length="216" this_offset="3281"/>
	<feature name="plagiarism" source_length="102" source_offset="11199" source_reference="wiki_34_BF_11.txt" this_length="117" this_offset="3497"/>
	<feature name="plagiarism" source_length="133" source_offset="5689" source_reference="wiki_59_AM_7.txt" this_length="166" this_offset="3769"/>
	<feature name="plagiarism" source_length="151" source_offset="43951" source_reference="wiki_68_BH_26.txt" this_length="173" this_offset="3935"/>
	<feature name="plagiarism" source_length="113" source_offset="40583" source_reference="wiki_68_BH_26.txt" this_length="121" this_offset="4138"/>
	<feature name="plagiarism" source_length="108" source_offset="13414" source_reference="wiki_13_AB_14.txt" this_length="117" this_offset="4259"/>
	<feature name="plagiarism" source_length="279" source_offset="910" source_reference="wiki_96_BD_31.txt" this_length="291" this_offset="4376"/>
	<feature name="plagiarism" source_length="202" source_offset="17765" source_reference="wiki_13_AB_14.txt" this_length="216" this_offset="5374"/>
	<feature name="plagiarism" source_length="114" source_offset="18412" source_reference="wiki_34_BF_11.txt" this_length="104" this_offset="5590"/>
	<feature name="plagiarism" source_length="99" source_offset="4145" source_reference="wiki_42_AZ_8.txt" this_length="125" this_offset="5694"/>
	<feature name="plagiarism" source_length="161" source_offset="36079" source_reference="wiki_68_BH_26.txt" this_length="141" this_offset="5970"/>
	<feature name="plagiarism" source_length="158" source_offset="54543" source_reference="wiki_68_BH_26.txt" this_length="185" this_offset="6111"/>
	<feature name="plagiarism" source_length="182" source_offset="40302" source_reference="wiki_68_BH_26.txt" this_length="187" this_offset="6296"/>
	<feature name="plagiarism" source_length="104" source_offset="8379" source_reference="wiki_13_AB_14.txt" this_length="119" this_offset="6683"/>
	<feature name="plagiarism" source_length="182" source_offset="41079" source_reference="wiki_59_BA_18.txt" this_length="223" this_offset="6802"/>
	<feature name="plagiarism" source_length="132" source_offset="27480" source_reference="wiki_34_BF_11.txt" this_length="132" this_offset="7025"/>
	<feature name="plagiarism" source_length="54" source_offset="13155" source_reference="wiki_96_BD_31.txt" this_length="52" this_offset="7415"/>
	<feature name="plagiarism" source_length="56" source_offset="18067" source_reference="wiki_42_AZ_8.txt" this_length="60" this_offset="7467"/>
	<feature name="plagiarism" source_length="161" source_offset="39371" source_reference="wiki_34_BF_11.txt" this_length="196" this_offset="7612"/>
	<feature name="plagiarism" source_length="73" source_offset="7172" source_reference="wiki_50_AE_7.txt" this_length="76" this_offset="7969"/>
	<feature name="plagiarism" source_length="290" source_offset="13127" source_reference="wiki_27_AD_14.txt" this_length="313" this_offset="8184"/>
	<feature name="plagiarism" source_length="203" source_offset="21175" source_reference="wiki_34_BF_11.txt" this_length="206" this_offset="8497"/>
	<feature name="plagiarism" source_length="149" source_offset="39287" source_reference="wiki_68_BH_26.txt" this_length="172" this_offset="8834"/>
	<feature name="plagiarism" source_length="111" source_offset="21820" source_reference="wiki_68_BH_26.txt" this_length="103" this_offset="9292"/>
	<feature name="plagiarism" source_length="115" source_offset="9647" source_reference="wiki_68_BH_26.txt" this_length="119" this_offset="9624"/>
	<feature name="plagiarism" source_length="122" source_offset="5497" source_reference="wiki_59_AM_7.txt" this_length="124" this_offset="9756"/>
	<feature name="plagiarism" source_length="87" source_offset="19331" source_reference="wiki_42_AZ_8.txt" this_length="85" this_offset="9880"/>
	<feature name="plagiarism" source_length="162" source_offset="16065" source_reference="wiki_68_BH_26.txt" this_length="166" this_offset="10039"/>
	<feature name="plagiarism" source_length="76" source_offset="5236" source_reference="wiki_50_AE_7.txt" this_length="65" this_offset="10205"/>
	<feature name="plagiarism" source_length="136" source_offset="11041" source_reference="wiki_68_BH_26.txt" this_length="137" this_offset="10270"/>
	<feature name="plagiarism" source_length="87" source_offset="11592" source_reference="wiki_59_AM_7.txt" this_length="88" this_offset="10907"/>
	<feature name="plagiarism" source_length="88" source_offset="13443" source_reference="wiki_42_AZ_8.txt" this_length="77" this_offset="10995"/>
	<feature name="plagiarism" source_length="62" source_offset="32382" source_reference="wiki_59_AM_7.txt" this_length="66" this_offset="11434"/>
	<feature name="plagiarism" source_length="58" source_offset="3955" source_reference="wiki_42_AZ_8.txt" this_length="53" this_offset="11500"/>
	<feature name="plagiarism" source_length="121" source_offset="7525" source_reference="wiki_50_AE_7.txt" this_length="116" this_offset="11586"/>
	<feature name="plagiarism" source_length="144" source_offset="5200" source_reference="wiki_34_BF_11.txt" this_length="157" this_offset="11987"/>
	<feature name="plagiarism" source_length="164" source_offset="20731" source_reference="wiki_68_BH_26.txt" this_length="146" this_offset="12144"/>
	<feature name="plagiarism" source_length="203" source_offset="43509" source_reference="wiki_96_BD_31.txt" this_length="197" this_offset="12290"/>
	<feature name="plagiarism" source_length="312" source_offset="47447" source_reference="wiki_96_BD_31.txt" this_length="152" this_offset="12525"/>
	<feature name="plagiarism" source_length="76" source_offset="51321" source_reference="wiki_34_BF_11.txt" this_length="77" this_offset="12677"/>
	<feature name="plagiarism" source_length="120" source_offset="27589" source_reference="wiki_68_BH_26.txt" this_length="135" this_offset="12754"/>
	<feature name="plagiarism" source_length="109" source_offset="5961" source_reference="wiki_50_AE_7.txt" this_length="124" this_offset="13242"/>
	<feature name="plagiarism" source_length="82" source_offset="52008" source_reference="wiki_34_BF_11.txt" this_length="81" this_offset="13840"/>
	<feature name="plagiarism" source_length="144" source_offset="60716" source_reference="wiki_34_BF_11.txt" this_length="160" this_offset="14160"/>
	<feature name="plagiarism" source_length="73" source_offset="11177" source_reference="wiki_68_BH_26.txt" this_length="66" this_offset="14724"/>
	<feature name="plagiarism" source_length="150" source_offset="50064" source_reference="wiki_96_BD_31.txt" this_length="153" this_offset="14860"/>
	<feature name="plagiarism" source_length="145" source_offset="22232" source_reference="wiki_59_AM_7.txt" this_length="157" this_offset="15325"/>
	<feature name="plagiarism" source_length="146" source_offset="61542" source_reference="wiki_96_BD_31.txt" this_length="169" this_offset="15561"/>
	<feature name="plagiarism" source_length="210" source_offset="22762" source_reference="wiki_96_BD_31.txt" this_length="202" this_offset="15730"/>
	<feature name="plagiarism" source_length="78" source_offset="19672" source_reference="wiki_42_AZ_8.txt" this_length="83" this_offset="15932"/>
	<feature name="plagiarism" source_length="94" source_offset="33853" source_reference="wiki_96_BD_31.txt" this_length="98" this_offset="16161"/>
	<feature name="plagiarism" source_length="168" source_offset="26507" source_reference="wiki_59_AM_7.txt" this_length="189" this_offset="16324"/>
	<feature name="plagiarism" source_length="147" source_offset="60685" source_reference="wiki_96_BD_31.txt" this_length="168" this_offset="16513"/>
	<feature name="plagiarism" source_length="195" source_offset="10605" source_reference="wiki_34_BF_11.txt" this_length="218" this_offset="16800"/>
	<feature name="plagiarism" source_length="102" source_offset="17935" source_reference="wiki_96_BD_31.txt" this_length="100" this_offset="17018"/>
	<feature name="plagiarism" source_length="158" source_offset="35067" source_reference="wiki_96_BD_31.txt" this_length="174" this_offset="17230"/>
	<feature name="plagiarism" source_length="111" source_offset="31422" source_reference="wiki_96_BD_31.txt" this_length="113" this_offset="17404"/>
	<feature name="plagiarism" source_length="110" source_offset="26355" source_reference="wiki_34_BF_11.txt" this_length="109" this_offset="17517"/>
</document>
