<?xml version="1.0" ?>
<document reference="wiki_54_AO_26.txt">
	<feature name="plagiarism" source_length="117" source_offset="585" source_reference="wiki_64_AK_60.txt" this_length="126" this_offset="16"/>
	<feature name="plagiarism" source_length="102" source_offset="21417" source_reference="wiki_64_AK_60.txt" this_length="95" this_offset="238"/>
	<feature name="plagiarism" source_length="90" source_offset="24435" source_reference="wiki_02_BB_47.txt" this_length="93" this_offset="349"/>
	<feature name="plagiarism" source_length="119" source_offset="27039" source_reference="wiki_64_AK_60.txt" this_length="127" this_offset="568"/>
	<feature name="plagiarism" source_length="48" source_offset="54169" source_reference="wiki_95_AB_34.txt" this_length="51" this_offset="695"/>
	<feature name="plagiarism" source_length="254" source_offset="47279" source_reference="wiki_32_AC_24.txt" this_length="291" this_offset="746"/>
	<feature name="plagiarism" source_length="163" source_offset="6146" source_reference="wiki_20_BC_30.txt" this_length="158" this_offset="1037"/>
	<feature name="plagiarism" source_length="72" source_offset="24930" source_reference="wiki_64_AK_60.txt" this_length="74" this_offset="1195"/>
	<feature name="plagiarism" source_length="159" source_offset="30851" source_reference="wiki_32_AC_24.txt" this_length="178" this_offset="1475"/>
	<feature name="plagiarism" source_length="86" source_offset="63939" source_reference="wiki_02_BB_47.txt" this_length="87" this_offset="1653"/>
	<feature name="plagiarism" source_length="158" source_offset="5330" source_reference="wiki_33_AO_14.txt" this_length="175" this_offset="2447"/>
	<feature name="plagiarism" source_length="70" source_offset="18335" source_reference="wiki_33_AO_14.txt" this_length="79" this_offset="2673"/>
	<feature name="plagiarism" source_length="80" source_offset="6283" source_reference="wiki_33_AO_14.txt" this_length="74" this_offset="2752"/>
	<feature name="plagiarism" source_length="327" source_offset="52478" source_reference="wiki_32_AC_24.txt" this_length="371" this_offset="2826"/>
	<feature name="plagiarism" source_length="88" source_offset="25746" source_reference="wiki_95_AB_34.txt" this_length="78" this_offset="3384"/>
	<feature name="plagiarism" source_length="138" source_offset="15660" source_reference="wiki_64_AK_60.txt" this_length="148" this_offset="3647"/>
	<feature name="plagiarism" source_length="207" source_offset="13485" source_reference="wiki_95_AB_34.txt" this_length="220" this_offset="3917"/>
	<feature name="plagiarism" source_length="138" source_offset="63402" source_reference="wiki_02_BB_47.txt" this_length="176" this_offset="4137"/>
	<feature name="plagiarism" source_length="147" source_offset="52330" source_reference="wiki_32_AC_24.txt" this_length="130" this_offset="5140"/>
	<feature name="plagiarism" source_length="339" source_offset="45835" source_reference="wiki_95_AB_34.txt" this_length="380" this_offset="5374"/>
	<feature name="plagiarism" source_length="114" source_offset="13999" source_reference="wiki_64_AK_60.txt" this_length="111" this_offset="5754"/>
	<feature name="plagiarism" source_length="78" source_offset="36217" source_reference="wiki_02_BB_47.txt" this_length="87" this_offset="5982"/>
	<feature name="plagiarism" source_length="79" source_offset="29653" source_reference="wiki_02_BB_47.txt" this_length="96" this_offset="6388"/>
	<feature name="plagiarism" source_length="131" source_offset="8579" source_reference="wiki_02_BB_47.txt" this_length="139" this_offset="7335"/>
	<feature name="plagiarism" source_length="213" source_offset="30439" source_reference="wiki_20_BC_30.txt" this_length="268" this_offset="7990"/>
	<feature name="plagiarism" source_length="84" source_offset="16468" source_reference="wiki_02_BB_47.txt" this_length="70" this_offset="8893"/>
</document>
