<?xml version="1.0" ?>
<document reference="wiki_11_BS_25.txt">
	<feature name="plagiarism" source_length="153" source_offset="78860" source_reference="wiki_05_BJ_16.txt" this_length="208" this_offset="14"/>
	<feature name="plagiarism" source_length="100" source_offset="21206" source_reference="wiki_06_AC_8.txt" this_length="96" this_offset="340"/>
	<feature name="plagiarism" source_length="92" source_offset="7638" source_reference="wiki_06_AC_8.txt" this_length="87" this_offset="508"/>
	<feature name="plagiarism" source_length="317" source_offset="53915" source_reference="wiki_61_AC_8.txt" this_length="363" this_offset="595"/>
	<feature name="plagiarism" source_length="228" source_offset="15080" source_reference="wiki_81_BC_58.txt" this_length="239" this_offset="958"/>
	<feature name="plagiarism" source_length="77" source_offset="12769" source_reference="wiki_06_AC_8.txt" this_length="84" this_offset="1197"/>
	<feature name="plagiarism" source_length="221" source_offset="16119" source_reference="wiki_68_AC_10.txt" this_length="247" this_offset="1281"/>
	<feature name="plagiarism" source_length="95" source_offset="42522" source_reference="wiki_61_AC_8.txt" this_length="110" this_offset="1572"/>
	<feature name="plagiarism" source_length="232" source_offset="38603" source_reference="wiki_61_AC_8.txt" this_length="275" this_offset="1682"/>
	<feature name="plagiarism" source_length="92" source_offset="14411" source_reference="wiki_31_BH_49.txt" this_length="86" this_offset="1957"/>
	<feature name="plagiarism" source_length="180" source_offset="42617" source_reference="wiki_61_AC_8.txt" this_length="180" this_offset="2316"/>
	<feature name="plagiarism" source_length="207" source_offset="41098" source_reference="wiki_05_BJ_16.txt" this_length="235" this_offset="2496"/>
	<feature name="plagiarism" source_length="103" source_offset="11596" source_reference="wiki_31_BH_49.txt" this_length="108" this_offset="2970"/>
	<feature name="plagiarism" source_length="73" source_offset="1548" source_reference="wiki_81_BC_58.txt" this_length="69" this_offset="3078"/>
	<feature name="plagiarism" source_length="137" source_offset="16481" source_reference="wiki_81_BC_58.txt" this_length="129" this_offset="3431"/>
	<feature name="plagiarism" source_length="313" source_offset="11154" source_reference="wiki_34_BJ_13.txt" this_length="329" this_offset="3766"/>
	<feature name="plagiarism" source_length="107" source_offset="12026" source_reference="wiki_84_AK_11.txt" this_length="99" this_offset="4095"/>
	<feature name="plagiarism" source_length="205" source_offset="19014" source_reference="wiki_10_BB_10.txt" this_length="223" this_offset="4194"/>
	<feature name="plagiarism" source_length="140" source_offset="19308" source_reference="wiki_10_BB_10.txt" this_length="160" this_offset="4434"/>
	<feature name="plagiarism" source_length="141" source_offset="10516" source_reference="wiki_81_BC_58.txt" this_length="145" this_offset="4831"/>
	<feature name="plagiarism" source_length="115" source_offset="28054" source_reference="wiki_61_AC_8.txt" this_length="129" this_offset="4976"/>
	<feature name="plagiarism" source_length="106" source_offset="9609" source_reference="wiki_10_BB_10.txt" this_length="110" this_offset="5105"/>
	<feature name="plagiarism" source_length="170" source_offset="45014" source_reference="wiki_05_BJ_16.txt" this_length="172" this_offset="5229"/>
	<feature name="plagiarism" source_length="103" source_offset="20046" source_reference="wiki_06_AC_8.txt" this_length="123" this_offset="5401"/>
	<feature name="plagiarism" source_length="166" source_offset="8552" source_reference="wiki_06_AC_8.txt" this_length="174" this_offset="5524"/>
	<feature name="plagiarism" source_length="65" source_offset="57293" source_reference="wiki_68_AC_10.txt" this_length="65" this_offset="5698"/>
	<feature name="plagiarism" source_length="140" source_offset="49803" source_reference="wiki_61_AC_8.txt" this_length="175" this_offset="5763"/>
	<feature name="plagiarism" source_length="166" source_offset="2217" source_reference="wiki_68_AC_10.txt" this_length="166" this_offset="6390"/>
</document>
