<?xml version="1.0" ?>
<document reference="wiki_90_CE_26.txt">
	<feature name="plagiarism" source_length="150" source_offset="14833" source_reference="wiki_82_AB_19.txt" this_length="169" this_offset="31"/>
	<feature name="plagiarism" source_length="120" source_offset="56519" source_reference="wiki_89_BK_46.txt" this_length="142" this_offset="355"/>
	<feature name="plagiarism" source_length="185" source_offset="43859" source_reference="wiki_92_BG_41.txt" this_length="195" this_offset="619"/>
	<feature name="plagiarism" source_length="309" source_offset="26688" source_reference="wiki_89_BK_46.txt" this_length="309" this_offset="1223"/>
	<feature name="plagiarism" source_length="242" source_offset="50444" source_reference="wiki_92_BG_41.txt" this_length="232" this_offset="1882"/>
	<feature name="plagiarism" source_length="138" source_offset="11522" source_reference="wiki_82_AB_19.txt" this_length="139" this_offset="2160"/>
	<feature name="plagiarism" source_length="238" source_offset="22877" source_reference="wiki_04_AN_30.txt" this_length="275" this_offset="2299"/>
	<feature name="plagiarism" source_length="57" source_offset="47116" source_reference="wiki_63_AC_2.txt" this_length="51" this_offset="2574"/>
	<feature name="plagiarism" source_length="161" source_offset="1645" source_reference="wiki_31_BH_49.txt" this_length="184" this_offset="2625"/>
	<feature name="plagiarism" source_length="112" source_offset="62813" source_reference="wiki_89_BK_46.txt" this_length="117" this_offset="3016"/>
	<feature name="plagiarism" source_length="170" source_offset="28602" source_reference="wiki_82_AB_19.txt" this_length="196" this_offset="3133"/>
	<feature name="plagiarism" source_length="103" source_offset="28189" source_reference="wiki_82_AB_19.txt" this_length="115" this_offset="3329"/>
	<feature name="plagiarism" source_length="177" source_offset="7655" source_reference="wiki_82_AB_19.txt" this_length="199" this_offset="3490"/>
	<feature name="plagiarism" source_length="128" source_offset="5159" source_reference="wiki_63_AC_2.txt" this_length="137" this_offset="3869"/>
	<feature name="plagiarism" source_length="179" source_offset="37510" source_reference="wiki_89_BK_46.txt" this_length="213" this_offset="4020"/>
	<feature name="plagiarism" source_length="85" source_offset="17" source_reference="wiki_23_BF_39.txt" this_length="95" this_offset="4233"/>
	<feature name="plagiarism" source_length="256" source_offset="29218" source_reference="wiki_63_AC_2.txt" this_length="314" this_offset="4328"/>
	<feature name="plagiarism" source_length="76" source_offset="16678" source_reference="wiki_89_BK_46.txt" this_length="78" this_offset="4642"/>
	<feature name="plagiarism" source_length="176" source_offset="15013" source_reference="wiki_04_AN_30.txt" this_length="208" this_offset="4720"/>
	<feature name="plagiarism" source_length="116" source_offset="58245" source_reference="wiki_63_AC_2.txt" this_length="134" this_offset="4983"/>
	<feature name="plagiarism" source_length="121" source_offset="25150" source_reference="wiki_04_AN_30.txt" this_length="147" this_offset="5117"/>
	<feature name="plagiarism" source_length="102" source_offset="64173" source_reference="wiki_63_AC_2.txt" this_length="96" this_offset="5309"/>
	<feature name="plagiarism" source_length="188" source_offset="3037" source_reference="wiki_82_AB_19.txt" this_length="232" this_offset="5405"/>
	<feature name="plagiarism" source_length="158" source_offset="44045" source_reference="wiki_92_BG_41.txt" this_length="175" this_offset="5637"/>
	<feature name="plagiarism" source_length="224" source_offset="35657" source_reference="wiki_92_BG_41.txt" this_length="244" this_offset="5812"/>
	<feature name="plagiarism" source_length="62" source_offset="29910" source_reference="wiki_82_AB_19.txt" this_length="52" this_offset="6224"/>
	<feature name="plagiarism" source_length="142" source_offset="13826" source_reference="wiki_82_AB_19.txt" this_length="132" this_offset="6276"/>
	<feature name="plagiarism" source_length="234" source_offset="21169" source_reference="wiki_04_AN_30.txt" this_length="252" this_offset="6408"/>
	<feature name="plagiarism" source_length="147" source_offset="2806" source_reference="wiki_04_AN_30.txt" this_length="169" this_offset="6716"/>
	<feature name="plagiarism" source_length="200" source_offset="1653" source_reference="wiki_82_AB_19.txt" this_length="231" this_offset="6969"/>
	<feature name="plagiarism" source_length="101" source_offset="35869" source_reference="wiki_04_AN_30.txt" this_length="112" this_offset="7200"/>
	<feature name="plagiarism" source_length="266" source_offset="1240" source_reference="wiki_04_AN_30.txt" this_length="258" this_offset="7327"/>
	<feature name="plagiarism" source_length="113" source_offset="55641" source_reference="wiki_89_BK_46.txt" this_length="119" this_offset="7607"/>
	<feature name="plagiarism" source_length="102" source_offset="29171" source_reference="wiki_04_AN_30.txt" this_length="107" this_offset="8241"/>
	<feature name="plagiarism" source_length="148" source_offset="57082" source_reference="wiki_89_BK_46.txt" this_length="142" this_offset="8469"/>
	<feature name="plagiarism" source_length="277" source_offset="1368" source_reference="wiki_31_BH_49.txt" this_length="306" this_offset="8660"/>
</document>
