<?xml version="1.0" ?>
<document reference="wiki_13_AY_8.txt">
	<feature name="plagiarism" source_length="131" source_offset="45959" source_reference="wiki_32_AC_24.txt" this_length="158" this_offset="277"/>
	<feature name="plagiarism" source_length="372" source_offset="22331" source_reference="wiki_89_BD_15.txt" this_length="396" this_offset="635"/>
	<feature name="plagiarism" source_length="145" source_offset="10242" source_reference="wiki_19_BD_25.txt" this_length="164" this_offset="1315"/>
	<feature name="plagiarism" source_length="134" source_offset="3351" source_reference="wiki_29_BD_24.txt" this_length="143" this_offset="1497"/>
	<feature name="plagiarism" source_length="142" source_offset="2918" source_reference="wiki_89_BD_15.txt" this_length="170" this_offset="2063"/>
	<feature name="plagiarism" source_length="63" source_offset="511" source_reference="wiki_19_BD_25.txt" this_length="53" this_offset="2368"/>
	<feature name="plagiarism" source_length="155" source_offset="1201" source_reference="wiki_29_BD_24.txt" this_length="149" this_offset="2421"/>
	<feature name="plagiarism" source_length="164" source_offset="54864" source_reference="wiki_32_AC_24.txt" this_length="173" this_offset="2570"/>
	<feature name="plagiarism" source_length="149" source_offset="3792" source_reference="wiki_19_BD_25.txt" this_length="190" this_offset="2763"/>
	<feature name="plagiarism" source_length="185" source_offset="33606" source_reference="wiki_89_BD_15.txt" this_length="179" this_offset="2970"/>
	<feature name="plagiarism" source_length="235" source_offset="10474" source_reference="wiki_19_BD_25.txt" this_length="263" this_offset="3321"/>
	<feature name="plagiarism" source_length="173" source_offset="56119" source_reference="wiki_32_AC_24.txt" this_length="182" this_offset="3584"/>
	<feature name="plagiarism" source_length="153" source_offset="9352" source_reference="wiki_29_BD_24.txt" this_length="152" this_offset="3790"/>
	<feature name="plagiarism" source_length="205" source_offset="1809" source_reference="wiki_29_BD_24.txt" this_length="225" this_offset="3942"/>
	<feature name="plagiarism" source_length="206" source_offset="5824" source_reference="wiki_19_BD_25.txt" this_length="236" this_offset="4393"/>
	<feature name="plagiarism" source_length="146" source_offset="54718" source_reference="wiki_32_AC_24.txt" this_length="164" this_offset="4915"/>
	<feature name="plagiarism" source_length="126" source_offset="55813" source_reference="wiki_32_AC_24.txt" this_length="128" this_offset="5079"/>
	<feature name="plagiarism" source_length="202" source_offset="2143" source_reference="wiki_89_BD_15.txt" this_length="202" this_offset="5387"/>
	<feature name="plagiarism" source_length="381" source_offset="895" source_reference="wiki_32_AC_24.txt" this_length="376" this_offset="5731"/>
</document>
