<?xml version="1.0" ?>
<document reference="wiki_49_BR_28.txt">
	<feature name="plagiarism" source_length="105" source_offset="10860" source_reference="wiki_19_AT_18.txt" this_length="108" this_offset="265"/>
	<feature name="plagiarism" source_length="228" source_offset="8040" source_reference="wiki_19_AT_18.txt" this_length="245" this_offset="373"/>
	<feature name="plagiarism" source_length="141" source_offset="24004" source_reference="wiki_19_AT_18.txt" this_length="153" this_offset="678"/>
	<feature name="plagiarism" source_length="126" source_offset="12973" source_reference="wiki_19_AT_18.txt" this_length="133" this_offset="1128"/>
	<feature name="plagiarism" source_length="125" source_offset="24291" source_reference="wiki_19_AT_18.txt" this_length="140" this_offset="1326"/>
	<feature name="plagiarism" source_length="182" source_offset="15790" source_reference="wiki_19_AT_18.txt" this_length="194" this_offset="1758"/>
	<feature name="plagiarism" source_length="88" source_offset="22956" source_reference="wiki_19_AT_18.txt" this_length="108" this_offset="1975"/>
	<feature name="plagiarism" source_length="160" source_offset="5010" source_reference="wiki_19_AT_18.txt" this_length="172" this_offset="2083"/>
	<feature name="plagiarism" source_length="128" source_offset="11098" source_reference="wiki_19_AT_18.txt" this_length="152" this_offset="2373"/>
	<feature name="plagiarism" source_length="231" source_offset="24918" source_reference="wiki_19_AT_18.txt" this_length="228" this_offset="2525"/>
	<feature name="plagiarism" source_length="129" source_offset="18339" source_reference="wiki_19_AT_18.txt" this_length="157" this_offset="3468"/>
	<feature name="plagiarism" source_length="206" source_offset="1463" source_reference="wiki_19_AT_18.txt" this_length="219" this_offset="3662"/>
	<feature name="plagiarism" source_length="190" source_offset="7250" source_reference="wiki_19_AT_18.txt" this_length="190" this_offset="4669"/>
	<feature name="plagiarism" source_length="212" source_offset="20787" source_reference="wiki_19_AT_18.txt" this_length="262" this_offset="5164"/>
	<feature name="plagiarism" source_length="74" source_offset="26941" source_reference="wiki_19_AT_18.txt" this_length="90" this_offset="5426"/>
</document>
