<?xml version="1.0" ?>
<document reference="wiki_96_AT_4.txt">
	<feature name="plagiarism" source_length="72" source_offset="37424" source_reference="wiki_34_AA_37.txt" this_length="78" this_offset="187"/>
	<feature name="plagiarism" source_length="103" source_offset="3734" source_reference="wiki_34_AA_37.txt" this_length="119" this_offset="265"/>
	<feature name="plagiarism" source_length="217" source_offset="23795" source_reference="wiki_34_AA_37.txt" this_length="233" this_offset="539"/>
	<feature name="plagiarism" source_length="165" source_offset="7293" source_reference="wiki_34_AA_37.txt" this_length="206" this_offset="772"/>
	<feature name="plagiarism" source_length="87" source_offset="12466" source_reference="wiki_34_AA_37.txt" this_length="89" this_offset="978"/>
	<feature name="plagiarism" source_length="141" source_offset="15261" source_reference="wiki_34_AA_37.txt" this_length="169" this_offset="1067"/>
	<feature name="plagiarism" source_length="133" source_offset="389" source_reference="wiki_34_AA_37.txt" this_length="164" this_offset="1236"/>
	<feature name="plagiarism" source_length="91" source_offset="29458" source_reference="wiki_34_AA_37.txt" this_length="107" this_offset="1532"/>
	<feature name="plagiarism" source_length="144" source_offset="28593" source_reference="wiki_34_AA_37.txt" this_length="157" this_offset="1772"/>
	<feature name="plagiarism" source_length="82" source_offset="6421" source_reference="wiki_34_AA_37.txt" this_length="94" this_offset="1929"/>
	<feature name="plagiarism" source_length="381" source_offset="31175" source_reference="wiki_34_AA_37.txt" this_length="414" this_offset="2066"/>
	<feature name="plagiarism" source_length="80" source_offset="6126" source_reference="wiki_34_AA_37.txt" this_length="90" this_offset="2480"/>
	<feature name="plagiarism" source_length="50" source_offset="7485" source_reference="wiki_34_AA_37.txt" this_length="47" this_offset="2625"/>
	<feature name="plagiarism" source_length="160" source_offset="13223" source_reference="wiki_34_AA_37.txt" this_length="155" this_offset="2878"/>
	<feature name="plagiarism" source_length="165" source_offset="36379" source_reference="wiki_34_AA_37.txt" this_length="197" this_offset="3033"/>
	<feature name="plagiarism" source_length="326" source_offset="12896" source_reference="wiki_34_AA_37.txt" this_length="356" this_offset="3230"/>
	<feature name="plagiarism" source_length="99" source_offset="14166" source_reference="wiki_34_AA_37.txt" this_length="113" this_offset="3586"/>
	<feature name="plagiarism" source_length="118" source_offset="1064" source_reference="wiki_34_AA_37.txt" this_length="136" this_offset="3699"/>
	<feature name="plagiarism" source_length="203" source_offset="29795" source_reference="wiki_34_AA_37.txt" this_length="246" this_offset="3835"/>
	<feature name="plagiarism" source_length="116" source_offset="22540" source_reference="wiki_34_AA_37.txt" this_length="119" this_offset="4343"/>
	<feature name="plagiarism" source_length="451" source_offset="30257" source_reference="wiki_34_AA_37.txt" this_length="526" this_offset="4545"/>
	<feature name="plagiarism" source_length="69" source_offset="26324" source_reference="wiki_34_AA_37.txt" this_length="56" this_offset="5071"/>
	<feature name="plagiarism" source_length="155" source_offset="12741" source_reference="wiki_34_AA_37.txt" this_length="211" this_offset="5127"/>
	<feature name="plagiarism" source_length="148" source_offset="19122" source_reference="wiki_34_AA_37.txt" this_length="171" this_offset="5367"/>
	<feature name="plagiarism" source_length="113" source_offset="34067" source_reference="wiki_34_AA_37.txt" this_length="116" this_offset="5669"/>
	<feature name="plagiarism" source_length="307" source_offset="2884" source_reference="wiki_34_AA_37.txt" this_length="106" this_offset="5785"/>
	<feature name="plagiarism" source_length="102" source_offset="37142" source_reference="wiki_34_AA_37.txt" this_length="111" this_offset="5891"/>
	<feature name="plagiarism" source_length="201" source_offset="34180" source_reference="wiki_34_AA_37.txt" this_length="235" this_offset="6085"/>
	<feature name="plagiarism" source_length="140" source_offset="8386" source_reference="wiki_34_AA_37.txt" this_length="161" this_offset="6426"/>
	<feature name="plagiarism" source_length="186" source_offset="17331" source_reference="wiki_34_AA_37.txt" this_length="219" this_offset="6619"/>
	<feature name="plagiarism" source_length="185" source_offset="28285" source_reference="wiki_34_AA_37.txt" this_length="206" this_offset="6838"/>
	<feature name="plagiarism" source_length="226" source_offset="15445" source_reference="wiki_34_AA_37.txt" this_length="269" this_offset="7044"/>
	<feature name="plagiarism" source_length="60" source_offset="33500" source_reference="wiki_34_AA_37.txt" this_length="63" this_offset="7861"/>
</document>
