<?xml version="1.0" ?>
<document reference="wiki_17_BF_10.txt">
	<feature name="plagiarism" source_length="198" source_offset="19664" source_reference="wiki_98_BI_17.txt" this_length="251" this_offset="204"/>
	<feature name="plagiarism" source_length="152" source_offset="3227" source_reference="wiki_50_AJ_35.txt" this_length="156" this_offset="469"/>
	<feature name="plagiarism" source_length="114" source_offset="25351" source_reference="wiki_71_AQ_8.txt" this_length="135" this_offset="1307"/>
	<feature name="plagiarism" source_length="209" source_offset="11109" source_reference="wiki_32_AU_9.txt" this_length="267" this_offset="1442"/>
	<feature name="plagiarism" source_length="366" source_offset="8167" source_reference="wiki_22_AC_1.txt" this_length="436" this_offset="1850"/>
	<feature name="plagiarism" source_length="114" source_offset="26887" source_reference="wiki_22_AC_1.txt" this_length="118" this_offset="2286"/>
	<feature name="plagiarism" source_length="241" source_offset="13350" source_reference="wiki_50_AJ_35.txt" this_length="238" this_offset="2607"/>
	<feature name="plagiarism" source_length="164" source_offset="21621" source_reference="wiki_22_AD_16.txt" this_length="165" this_offset="3106"/>
	<feature name="plagiarism" source_length="157" source_offset="11720" source_reference="wiki_22_AC_1.txt" this_length="201" this_offset="3271"/>
	<feature name="plagiarism" source_length="199" source_offset="11892" source_reference="wiki_71_AQ_8.txt" this_length="193" this_offset="3578"/>
	<feature name="plagiarism" source_length="169" source_offset="33194" source_reference="wiki_32_AU_9.txt" this_length="180" this_offset="3861"/>
	<feature name="plagiarism" source_length="176" source_offset="62485" source_reference="wiki_71_AQ_8.txt" this_length="197" this_offset="4101"/>
	<feature name="plagiarism" source_length="209" source_offset="40398" source_reference="wiki_22_AC_1.txt" this_length="223" this_offset="4573"/>
	<feature name="plagiarism" source_length="111" source_offset="13238" source_reference="wiki_50_AJ_35.txt" this_length="143" this_offset="4986"/>
	<feature name="plagiarism" source_length="172" source_offset="59913" source_reference="wiki_71_AQ_8.txt" this_length="189" this_offset="5722"/>
	<feature name="plagiarism" source_length="272" source_offset="82141" source_reference="wiki_32_AU_9.txt" this_length="93" this_offset="5911"/>
	<feature name="plagiarism" source_length="174" source_offset="54987" source_reference="wiki_22_AC_1.txt" this_length="193" this_offset="6140"/>
	<feature name="plagiarism" source_length="117" source_offset="69287" source_reference="wiki_71_AQ_8.txt" this_length="131" this_offset="6453"/>
	<feature name="plagiarism" source_length="301" source_offset="14345" source_reference="wiki_22_AC_1.txt" this_length="316" this_offset="7090"/>
	<feature name="plagiarism" source_length="137" source_offset="14186" source_reference="wiki_11_AA_37.txt" this_length="134" this_offset="7571"/>
	<feature name="plagiarism" source_length="125" source_offset="27782" source_reference="wiki_22_AC_1.txt" this_length="150" this_offset="8506"/>
	<feature name="plagiarism" source_length="258" source_offset="23460" source_reference="wiki_71_AQ_8.txt" this_length="292" this_offset="9140"/>
	<feature name="plagiarism" source_length="115" source_offset="21506" source_reference="wiki_22_AD_16.txt" this_length="118" this_offset="9491"/>
	<feature name="plagiarism" source_length="91" source_offset="42776" source_reference="wiki_32_AU_9.txt" this_length="105" this_offset="9802"/>
	<feature name="plagiarism" source_length="313" source_offset="19139" source_reference="wiki_71_AQ_8.txt" this_length="343" this_offset="9948"/>
	<feature name="plagiarism" source_length="110" source_offset="45423" source_reference="wiki_32_AU_9.txt" this_length="117" this_offset="10291"/>
	<feature name="plagiarism" source_length="205" source_offset="15856" source_reference="wiki_11_AA_37.txt" this_length="222" this_offset="10431"/>
	<feature name="plagiarism" source_length="206" source_offset="71842" source_reference="wiki_71_AQ_8.txt" this_length="208" this_offset="10725"/>
	<feature name="plagiarism" source_length="229" source_offset="6000" source_reference="wiki_22_AD_16.txt" this_length="247" this_offset="10933"/>
	<feature name="plagiarism" source_length="121" source_offset="17906" source_reference="wiki_11_AA_37.txt" this_length="112" this_offset="11180"/>
	<feature name="plagiarism" source_length="156" source_offset="19636" source_reference="wiki_22_AC_1.txt" this_length="149" this_offset="11305"/>
	<feature name="plagiarism" source_length="247" source_offset="24675" source_reference="wiki_32_AU_9.txt" this_length="265" this_offset="11619"/>
	<feature name="plagiarism" source_length="86" source_offset="5274" source_reference="wiki_50_AJ_35.txt" this_length="91" this_offset="12361"/>
</document>
