<?xml version="1.0" ?>
<document reference="wiki_08_CE_5.txt">
	<feature name="plagiarism" source_length="147" source_offset="34679" source_reference="wiki_34_BF_11.txt" this_length="159" this_offset="205"/>
	<feature name="plagiarism" source_length="129" source_offset="72456" source_reference="wiki_05_BJ_16.txt" this_length="151" this_offset="364"/>
	<feature name="plagiarism" source_length="132" source_offset="76439" source_reference="wiki_05_BJ_16.txt" this_length="142" this_offset="731"/>
	<feature name="plagiarism" source_length="120" source_offset="3321" source_reference="wiki_18_BC_3.txt" this_length="116" this_offset="1730"/>
	<feature name="plagiarism" source_length="197" source_offset="2606" source_reference="wiki_34_BF_11.txt" this_length="207" this_offset="1846"/>
	<feature name="plagiarism" source_length="207" source_offset="57686" source_reference="wiki_34_BF_11.txt" this_length="220" this_offset="2053"/>
	<feature name="plagiarism" source_length="130" source_offset="21178" source_reference="wiki_18_BC_3.txt" this_length="126" this_offset="2273"/>
	<feature name="plagiarism" source_length="402" source_offset="27193" source_reference="wiki_26_AC_4.txt" this_length="440" this_offset="2653"/>
	<feature name="plagiarism" source_length="105" source_offset="36944" source_reference="wiki_20_BD_33.txt" this_length="87" this_offset="3535"/>
	<feature name="plagiarism" source_length="130" source_offset="45738" source_reference="wiki_18_BC_3.txt" this_length="134" this_offset="3622"/>
	<feature name="plagiarism" source_length="104" source_offset="31640" source_reference="wiki_26_AC_4.txt" this_length="127" this_offset="3948"/>
	<feature name="plagiarism" source_length="136" source_offset="38207" source_reference="wiki_05_BJ_16.txt" this_length="144" this_offset="4257"/>
	<feature name="plagiarism" source_length="112" source_offset="62614" source_reference="wiki_34_BF_11.txt" this_length="113" this_offset="4614"/>
	<feature name="plagiarism" source_length="198" source_offset="21630" source_reference="wiki_05_BJ_16.txt" this_length="193" this_offset="4891"/>
	<feature name="plagiarism" source_length="97" source_offset="6829" source_reference="wiki_34_BF_11.txt" this_length="102" this_offset="5084"/>
	<feature name="plagiarism" source_length="53" source_offset="50048" source_reference="wiki_18_BC_3.txt" this_length="61" this_offset="5186"/>
</document>
