<?xml version="1.0" ?>
<document reference="wiki_23_AN_32.txt">
	<feature name="plagiarism" source_length="193" source_offset="1283" source_reference="wiki_43_BH_25.txt" this_length="196" this_offset="19"/>
	<feature name="plagiarism" source_length="136" source_offset="1627" source_reference="wiki_43_BH_25.txt" this_length="148" this_offset="239"/>
	<feature name="plagiarism" source_length="83" source_offset="4217" source_reference="wiki_43_BH_25.txt" this_length="75" this_offset="519"/>
	<feature name="plagiarism" source_length="276" source_offset="6615" source_reference="wiki_74_AK_1.txt" this_length="289" this_offset="594"/>
	<feature name="plagiarism" source_length="176" source_offset="24783" source_reference="wiki_74_AK_1.txt" this_length="208" this_offset="883"/>
	<feature name="plagiarism" source_length="70" source_offset="24412" source_reference="wiki_74_AK_1.txt" this_length="89" this_offset="1091"/>
	<feature name="plagiarism" source_length="208" source_offset="9388" source_reference="wiki_43_BH_25.txt" this_length="211" this_offset="1180"/>
	<feature name="plagiarism" source_length="100" source_offset="5278" source_reference="wiki_43_BH_25.txt" this_length="100" this_offset="1391"/>
	<feature name="plagiarism" source_length="193" source_offset="4898" source_reference="wiki_74_AK_1.txt" this_length="201" this_offset="1491"/>
	<feature name="plagiarism" source_length="95" source_offset="4402" source_reference="wiki_43_BH_25.txt" this_length="87" this_offset="1764"/>
	<feature name="plagiarism" source_length="216" source_offset="20691" source_reference="wiki_74_AK_1.txt" this_length="252" this_offset="1970"/>
	<feature name="plagiarism" source_length="96" source_offset="5737" source_reference="wiki_07_AN_51.txt" this_length="125" this_offset="2245"/>
	<feature name="plagiarism" source_length="172" source_offset="22144" source_reference="wiki_74_AK_1.txt" this_length="191" this_offset="2370"/>
	<feature name="plagiarism" source_length="243" source_offset="26532" source_reference="wiki_74_AK_1.txt" this_length="239" this_offset="2561"/>
	<feature name="plagiarism" source_length="150" source_offset="10793" source_reference="wiki_74_AK_1.txt" this_length="152" this_offset="2800"/>
	<feature name="plagiarism" source_length="101" source_offset="2851" source_reference="wiki_74_AK_1.txt" this_length="112" this_offset="2952"/>
	<feature name="plagiarism" source_length="105" source_offset="39354" source_reference="wiki_74_AK_1.txt" this_length="129" this_offset="3064"/>
	<feature name="plagiarism" source_length="151" source_offset="6509" source_reference="wiki_43_BH_25.txt" this_length="139" this_offset="3193"/>
	<feature name="plagiarism" source_length="138" source_offset="6660" source_reference="wiki_43_BH_25.txt" this_length="150" this_offset="3669"/>
	<feature name="plagiarism" source_length="107" source_offset="10797" source_reference="wiki_43_BH_25.txt" this_length="104" this_offset="3963"/>
	<feature name="plagiarism" source_length="75" source_offset="11229" source_reference="wiki_74_AK_1.txt" this_length="63" this_offset="4154"/>
	<feature name="plagiarism" source_length="128" source_offset="5267" source_reference="wiki_74_AK_1.txt" this_length="122" this_offset="4239"/>
	<feature name="plagiarism" source_length="131" source_offset="2870" source_reference="wiki_89_AK_32.txt" this_length="100" this_offset="4361"/>
	<feature name="plagiarism" source_length="175" source_offset="5131" source_reference="wiki_89_AK_32.txt" this_length="173" this_offset="4673"/>
	<feature name="plagiarism" source_length="102" source_offset="4300" source_reference="wiki_43_BH_25.txt" this_length="100" this_offset="4846"/>
	<feature name="plagiarism" source_length="76" source_offset="2188" source_reference="wiki_43_BH_25.txt" this_length="79" this_offset="4946"/>
	<feature name="plagiarism" source_length="172" source_offset="29532" source_reference="wiki_74_AK_1.txt" this_length="189" this_offset="5351"/>
	<feature name="plagiarism" source_length="106" source_offset="17" source_reference="wiki_07_AN_51.txt" this_length="116" this_offset="5540"/>
	<feature name="plagiarism" source_length="142" source_offset="3209" source_reference="wiki_43_BH_25.txt" this_length="145" this_offset="5837"/>
	<feature name="plagiarism" source_length="73" source_offset="7649" source_reference="wiki_74_AK_1.txt" this_length="83" this_offset="5982"/>
	<feature name="plagiarism" source_length="185" source_offset="4018" source_reference="wiki_07_AN_51.txt" this_length="185" this_offset="6065"/>
	<feature name="plagiarism" source_length="164" source_offset="32834" source_reference="wiki_74_AK_1.txt" this_length="174" this_offset="6250"/>
	<feature name="plagiarism" source_length="195" source_offset="3745" source_reference="wiki_89_AK_32.txt" this_length="209" this_offset="6424"/>
	<feature name="plagiarism" source_length="105" source_offset="1864" source_reference="wiki_07_AN_51.txt" this_length="104" this_offset="6633"/>
	<feature name="plagiarism" source_length="72" source_offset="7411" source_reference="wiki_74_AK_1.txt" this_length="72" this_offset="6737"/>
	<feature name="plagiarism" source_length="85" source_offset="6269" source_reference="wiki_74_AK_1.txt" this_length="93" this_offset="6891"/>
	<feature name="plagiarism" source_length="126" source_offset="3083" source_reference="wiki_43_BH_25.txt" this_length="137" this_offset="6984"/>
	<feature name="plagiarism" source_length="220" source_offset="4568" source_reference="wiki_74_AK_1.txt" this_length="231" this_offset="7121"/>
</document>
