<?xml version="1.0" ?>
<document reference="wiki_29_CE_13.txt">
	<feature name="plagiarism" source_length="107" source_offset="19579" source_reference="wiki_75_AY_2.txt" this_length="121" this_offset="103"/>
	<feature name="plagiarism" source_length="254" source_offset="5421" source_reference="wiki_94_BI_30.txt" this_length="248" this_offset="457"/>
	<feature name="plagiarism" source_length="208" source_offset="40179" source_reference="wiki_92_BE_47.txt" this_length="211" this_offset="705"/>
	<feature name="plagiarism" source_length="71" source_offset="51837" source_reference="wiki_94_BI_30.txt" this_length="78" this_offset="942"/>
	<feature name="plagiarism" source_length="154" source_offset="63116" source_reference="wiki_92_BE_47.txt" this_length="171" this_offset="2001"/>
	<feature name="plagiarism" source_length="125" source_offset="55631" source_reference="wiki_75_AY_2.txt" this_length="135" this_offset="2706"/>
	<feature name="plagiarism" source_length="152" source_offset="28812" source_reference="wiki_94_BI_30.txt" this_length="166" this_offset="2841"/>
	<feature name="plagiarism" source_length="155" source_offset="48432" source_reference="wiki_94_BI_30.txt" this_length="160" this_offset="3007"/>
	<feature name="plagiarism" source_length="177" source_offset="17479" source_reference="wiki_94_BI_30.txt" this_length="172" this_offset="4238"/>
	<feature name="plagiarism" source_length="114" source_offset="29911" source_reference="wiki_32_AM_15.txt" this_length="129" this_offset="4410"/>
	<feature name="plagiarism" source_length="91" source_offset="64651" source_reference="wiki_75_AY_2.txt" this_length="109" this_offset="4539"/>
	<feature name="plagiarism" source_length="109" source_offset="58963" source_reference="wiki_32_AM_15.txt" this_length="116" this_offset="4705"/>
	<feature name="plagiarism" source_length="73" source_offset="19380" source_reference="wiki_92_BE_47.txt" this_length="87" this_offset="5283"/>
	<feature name="plagiarism" source_length="275" source_offset="13625" source_reference="wiki_92_BE_47.txt" this_length="310" this_offset="5370"/>
	<feature name="plagiarism" source_length="53" source_offset="55339" source_reference="wiki_75_AY_2.txt" this_length="60" this_offset="6106"/>
	<feature name="plagiarism" source_length="335" source_offset="22724" source_reference="wiki_32_AM_15.txt" this_length="373" this_offset="6321"/>
</document>
