<?xml version="1.0" ?>
<document reference="wiki_91_AE_21.txt">
	<feature name="plagiarism" source_length="276" source_offset="2336" source_reference="wiki_49_AK_10.txt" this_length="267" this_offset="290"/>
	<feature name="plagiarism" source_length="99" source_offset="2184" source_reference="wiki_34_AO_3.txt" this_length="98" this_offset="865"/>
	<feature name="plagiarism" source_length="88" source_offset="11964" source_reference="wiki_10_AG_25.txt" this_length="91" this_offset="963"/>
	<feature name="plagiarism" source_length="146" source_offset="55058" source_reference="wiki_49_AK_10.txt" this_length="148" this_offset="1226"/>
	<feature name="plagiarism" source_length="164" source_offset="35275" source_reference="wiki_64_AU_21.txt" this_length="195" this_offset="1374"/>
	<feature name="plagiarism" source_length="239" source_offset="57109" source_reference="wiki_64_AU_21.txt" this_length="256" this_offset="1569"/>
	<feature name="plagiarism" source_length="171" source_offset="11036" source_reference="wiki_10_AG_25.txt" this_length="180" this_offset="1825"/>
	<feature name="plagiarism" source_length="194" source_offset="23233" source_reference="wiki_10_AG_25.txt" this_length="197" this_offset="2091"/>
	<feature name="plagiarism" source_length="133" source_offset="36808" source_reference="wiki_64_AU_21.txt" this_length="131" this_offset="2670"/>
	<feature name="plagiarism" source_length="122" source_offset="75475" source_reference="wiki_49_AK_10.txt" this_length="112" this_offset="2801"/>
	<feature name="plagiarism" source_length="137" source_offset="8559" source_reference="wiki_69_BJ_16.txt" this_length="148" this_offset="3198"/>
	<feature name="plagiarism" source_length="117" source_offset="19501" source_reference="wiki_10_AG_25.txt" this_length="105" this_offset="3354"/>
	<feature name="plagiarism" source_length="166" source_offset="779" source_reference="wiki_49_AK_10.txt" this_length="162" this_offset="3607"/>
	<feature name="plagiarism" source_length="186" source_offset="72272" source_reference="wiki_49_AK_10.txt" this_length="210" this_offset="3814"/>
	<feature name="plagiarism" source_length="106" source_offset="6419" source_reference="wiki_73_BE_22.txt" this_length="96" this_offset="4149"/>
	<feature name="plagiarism" source_length="59" source_offset="78794" source_reference="wiki_49_AK_10.txt" this_length="72" this_offset="4404"/>
	<feature name="plagiarism" source_length="96" source_offset="53641" source_reference="wiki_49_AK_10.txt" this_length="102" this_offset="4799"/>
	<feature name="plagiarism" source_length="127" source_offset="16868" source_reference="wiki_01_AI_17.txt" this_length="148" this_offset="4901"/>
	<feature name="plagiarism" source_length="188" source_offset="1674" source_reference="wiki_73_BE_22.txt" this_length="200" this_offset="5049"/>
	<feature name="plagiarism" source_length="256" source_offset="44685" source_reference="wiki_64_AU_21.txt" this_length="244" this_offset="5318"/>
	<feature name="plagiarism" source_length="60" source_offset="26241" source_reference="wiki_25_AA_21.txt" this_length="57" this_offset="5585"/>
	<feature name="plagiarism" source_length="175" source_offset="25601" source_reference="wiki_25_AA_21.txt" this_length="166" this_offset="5642"/>
	<feature name="plagiarism" source_length="180" source_offset="12986" source_reference="wiki_34_AO_3.txt" this_length="205" this_offset="6037"/>
	<feature name="plagiarism" source_length="109" source_offset="29329" source_reference="wiki_73_BE_22.txt" this_length="115" this_offset="6354"/>
	<feature name="plagiarism" source_length="208" source_offset="31897" source_reference="wiki_34_AO_3.txt" this_length="195" this_offset="6469"/>
	<feature name="plagiarism" source_length="217" source_offset="57508" source_reference="wiki_49_AK_10.txt" this_length="288" this_offset="6691"/>
	<feature name="plagiarism" source_length="85" source_offset="29156" source_reference="wiki_01_AI_17.txt" this_length="91" this_offset="7258"/>
	<feature name="plagiarism" source_length="107" source_offset="14032" source_reference="wiki_34_AO_3.txt" this_length="111" this_offset="7349"/>
	<feature name="plagiarism" source_length="120" source_offset="17255" source_reference="wiki_25_AA_21.txt" this_length="118" this_offset="7591"/>
	<feature name="plagiarism" source_length="137" source_offset="60380" source_reference="wiki_49_AK_10.txt" this_length="139" this_offset="8424"/>
	<feature name="plagiarism" source_length="107" source_offset="38281" source_reference="wiki_64_AU_21.txt" this_length="96" this_offset="8563"/>
	<feature name="plagiarism" source_length="75" source_offset="17489" source_reference="wiki_73_BE_22.txt" this_length="64" this_offset="8659"/>
	<feature name="plagiarism" source_length="275" source_offset="17075" source_reference="wiki_73_BE_22.txt" this_length="289" this_offset="8921"/>
	<feature name="plagiarism" source_length="95" source_offset="38389" source_reference="wiki_64_AU_21.txt" this_length="99" this_offset="9210"/>
	<feature name="plagiarism" source_length="136" source_offset="2612" source_reference="wiki_49_AK_10.txt" this_length="165" this_offset="9455"/>
	<feature name="plagiarism" source_length="116" source_offset="18442" source_reference="wiki_73_BE_22.txt" this_length="149" this_offset="9620"/>
	<feature name="plagiarism" source_length="234" source_offset="7822" source_reference="wiki_34_AO_3.txt" this_length="250" this_offset="9797"/>
	<feature name="plagiarism" source_length="139" source_offset="20046" source_reference="wiki_25_AA_21.txt" this_length="160" this_offset="10047"/>
	<feature name="plagiarism" source_length="164" source_offset="32350" source_reference="wiki_73_BE_22.txt" this_length="133" this_offset="10207"/>
	<feature name="plagiarism" source_length="118" source_offset="11489" source_reference="wiki_25_AA_21.txt" this_length="127" this_offset="10490"/>
</document>
