<?xml version="1.0" ?>
<document reference="wiki_70_AO_41.txt">
	<feature name="plagiarism" source_length="134" source_offset="15047" source_reference="wiki_38_BH_34.txt" this_length="131" this_offset="498"/>
	<feature name="plagiarism" source_length="187" source_offset="29010" source_reference="wiki_61_BJ_18.txt" this_length="195" this_offset="629"/>
	<feature name="plagiarism" source_length="62" source_offset="35307" source_reference="wiki_61_BJ_18.txt" this_length="90" this_offset="1109"/>
	<feature name="plagiarism" source_length="64" source_offset="21615" source_reference="wiki_16_BC_19.txt" this_length="79" this_offset="2413"/>
	<feature name="plagiarism" source_length="158" source_offset="40040" source_reference="wiki_69_BC_29.txt" this_length="176" this_offset="3924"/>
	<feature name="plagiarism" source_length="77" source_offset="19884" source_reference="wiki_99_AB_16.txt" this_length="91" this_offset="4433"/>
	<feature name="plagiarism" source_length="79" source_offset="5145" source_reference="wiki_16_BC_19.txt" this_length="82" this_offset="4524"/>
	<feature name="plagiarism" source_length="166" source_offset="18209" source_reference="wiki_16_BC_19.txt" this_length="181" this_offset="4606"/>
	<feature name="plagiarism" source_length="107" source_offset="25372" source_reference="wiki_69_BC_29.txt" this_length="103" this_offset="6051"/>
	<feature name="plagiarism" source_length="181" source_offset="8237" source_reference="wiki_69_BC_29.txt" this_length="194" this_offset="6154"/>
	<feature name="plagiarism" source_length="192" source_offset="41161" source_reference="wiki_69_BC_29.txt" this_length="209" this_offset="6837"/>
	<feature name="plagiarism" source_length="198" source_offset="43562" source_reference="wiki_99_AB_16.txt" this_length="185" this_offset="7046"/>
	<feature name="plagiarism" source_length="169" source_offset="1753" source_reference="wiki_99_AB_16.txt" this_length="207" this_offset="7598"/>
	<feature name="plagiarism" source_length="61" source_offset="8716" source_reference="wiki_38_BH_34.txt" this_length="58" this_offset="7805"/>
	<feature name="plagiarism" source_length="144" source_offset="18671" source_reference="wiki_61_BJ_18.txt" this_length="167" this_offset="8051"/>
	<feature name="plagiarism" source_length="142" source_offset="3471" source_reference="wiki_99_AB_16.txt" this_length="123" this_offset="8324"/>
	<feature name="plagiarism" source_length="150" source_offset="34835" source_reference="wiki_69_BC_29.txt" this_length="122" this_offset="8447"/>
</document>
